x,y,Ind,Men,Men_1ind,Men_5ind,Men_coll,Men_fmp,Men_mais,Men_pauv,Men_prop,Men_surf,imputed
0,24,4,1.8,0.5,0.1,0,0,1.8,0,1.5,172.4,1
0,48,6,3.2,1.6,0.1,0,0.3,3.2,0.3,2.5,257.6,1
0,52,5,2.7,1.3,0.1,0,0.2,2.7,0.2,2.1,214.7,1
0,69,33.5,11,1,1,0,1,11,0,8,1175,0
0,70,30,12,2,1,0,2,12,1,11,1463,0
0,71,54,19,1,1,0,3,19,2,18,2010,0
0,72,23,11,4,0,0,1,11,0,9,1011,0
0,95,14,5,1.1,0.5,0.2,0.2,4.8,0.4,3.7,561.1,1
0,96,31,13,4,0,0,0,13,1,13,1178,0
0,97,34,14,4,0,0,0,14,1,12,1327,0
0,98,29,10.3,2.2,1.1,0.4,0.4,9.9,0.7,7.7,1162.2,1
1,24,75,26,5,3,0,0,26,0,22,2654,0
1,25,102,33,5,4,0,2,33,3,30,3378,0
1,26,4,1.8,0.5,0.1,0,0,1.8,0,1.5,172.4,1
1,47,7,3.7,1.9,0.2,0,0.3,3.7,0.3,3,300.5,1
1,48,1,0.5,0.3,0,0,0,0.5,0,0.4,42.9,1
1,51,11,4.2,0.8,0.4,0,0.1,4.2,0.6,3.7,470.2,1
1,52,62,24,3,1,0,1,24,3,24,2330,0
1,53,4,1.5,0.3,0.2,0,0.1,1.5,0.2,1.3,171,1
1,69,5,2.1,0.8,0.1,0,0,2.1,0.3,1.7,194.9,1
1,70,10,4.2,1.6,0.2,0,0,4.2,0.7,3.5,389.8,1
1,71,51,16,1,1,0,0,16,0,16,1681,0
1,72,19,8,3.1,0.4,0,0,8,1.3,6.6,740.6,1
1,96,10,4,0.7,0.2,0,0.2,4,0,4,436,1
1,97,27,10.7,1.9,0.6,0,0.6,10.7,0,10.7,1177.3,1
1,98,4,1.6,0.3,0.1,0,0.1,1.6,0,1.6,174.4,1
1,127,15,5.2,0.8,0.8,0,0.5,5.2,0.5,4.4,626.1,1
2,23,20,7.3,1.7,0.3,0,0.3,7.3,0,6.3,768.3,1
2,24,82,31,4,1,3,5,28,3,16,2772,0
2,25,27,11.9,3.1,0.6,0,0,11.9,0,10,1163.5,1
2,50,9,3.5,0.7,0.3,0,0.1,3.5,0.5,3,384.7,1
2,51,45.5,18,5,3,0,1,18,0,15,1711,0
2,52,70,26,6,1,0,3,26,5,23,2998,0
2,53,8,3.1,0.6,0.3,0,0.1,3.1,0.4,2.7,341.9,1
2,72,5,2.1,0.8,0.1,0,0,2.1,0.3,1.7,194.9,1
2,73,4,1.7,0.7,0.1,0,0,1.7,0.3,1.4,155.9,1
2,90,2.5,1.1,0.2,0,0,0.1,1.1,0.1,0.8,103.2,1
3,23,32,11.7,2.7,0.5,0,0.5,11.7,0,10.1,1229.3,1
3,24,60,23,7,1,0,1,23,3,18,1963,0
3,25,6,2.7,0.7,0.1,0,0,2.7,0,2.2,258.6,1
3,49,3,1.2,0.2,0.1,0,0,1.2,0.2,1,128.2,1
3,50,33,12.7,2.5,1.3,0,0.4,12.7,1.7,11,1410.5,1
3,51,89,29,4,3,0,1,29,2,25,2831,0
3,52,10,3.8,0.8,0.4,0,0.1,3.8,0.5,3.3,427.4,1
3,90,47,19,6,1,0,0,19,0,18,1896,0
3,91,15.5,6.7,1,0,0,0.5,6.7,0.5,4.7,640.2,1
3,92,9,3.9,0.6,0,0,0.3,3.9,0.3,2.7,371.7,1
3,120,4,1.6,0.4,0.1,0,0.1,1.6,0.3,1.3,173.6,1
3,121,12,4.9,1.3,0.2,0,0.4,4.9,0.9,4,520.9,1
3,122,8,3.2,0.9,0.1,0,0.3,3.2,0.6,2.7,347.2,1
4,22,7,2.6,0.6,0.1,0,0.1,2.6,0,2.2,268.9,1
4,23,48,23,9,1,0,4,23,4,19,1958,0
4,24,39,16,4,1,1,2,15,2,13,1302,0
4,90,34,11,2,1,1,0,10,4,7,1095,0
4,91,55,20,1,3,3,1,17,3,16,2371,0
4,92,3,1.3,0.2,0,0,0.1,1.3,0.1,0.9,123.9,1
4,119,14,5.7,1.5,0.3,0,0.5,5.7,1,4.7,607.7,1
4,120,23,9.3,2.5,0.4,0,0.8,9.3,1.7,7.7,998.3,1
4,121,27,10.9,2.9,0.5,0,1,10.9,1.9,9,1171.9,1
4,122,2,0.8,0.2,0,0,0.1,0.8,0.1,0.7,86.8,1
5,21,1,0.4,0.1,0,0,0,0.4,0,0.3,38.4,1
5,22,32,13,1,0,0,1,13,1,13,1318,0
5,23,46,15,2,1,0,0,15,4,12,1613,0
5,24,33.5,15,3,0,1,3,14,1,14,1509,0
5,106,2,1,0.4,0,0,0.1,1,0.1,1,93.2,1
5,107,17,8.8,3.1,0,0,0.6,8.8,1.3,8.2,792.1,1
5,108,8,4.1,1.5,0,0,0.3,4.1,0.6,3.9,372.7,1
5,109,5,1.7,0.1,0.3,0,0.1,1.7,0,1.1,184.1,1
5,110,13,4.3,0.3,0.8,0,0.3,4.3,0,3,478.6,1
5,111,30,10,0.6,1.9,0,0.6,10,0,6.9,1104.4,1
5,121,21,8.5,2.3,0.4,0,0.8,8.5,1.5,7,911.5,1
6,8,29,9.7,2.7,1.1,0,0,9.7,1.6,9.7,930.1,1
6,9,4,1.5,0.4,0.1,0,0.1,1.5,0.1,1.5,157.2,1
6,22,11,4.1,0.8,0.2,0,0.6,4.1,0.5,4,429.5,1
6,23,54,20.3,3.9,0.8,0,3.1,20.3,2.3,19.6,2108.3,1
6,24,21.5,10.1,0.8,0,0,0.8,10.1,0,7.6,961.2,1
6,70,12,4.8,0.8,0.3,0,0.3,4.8,0.1,4.2,492.1,1
6,71,10,4,0.7,0.2,0,0.2,4,0.1,3.5,410.1,1
6,74,5,1.9,0.3,0,0,0.1,1.9,0.1,1.7,200.5,1
6,75,18,6.7,1,0,0,0.3,6.7,0.3,6,721.7,1
6,76,35,13,3,3,0,0,13,1,9,1158,0
6,77,3,1.1,0.2,0,0,0.1,1.1,0.1,1,120.3,1
6,107,5,2.2,0.7,0,0,0.3,2.2,0,2.1,226.2,1
6,108,35,15,5,0,0,2,15,4,11,1456,0
6,109,43,17,4,0,0,2,17,1,14,1726,0
6,110,38,13,1,1,1,0,12,2,8,1373,0
6,111,16,8.7,4,0,0,0.7,8.7,1.3,6.7,801.3,1
7,8,3,1,0.3,0.1,0,0,1,0.2,1,96.2,1
7,9,39,14.3,4,0.8,0,0.8,14.3,0.8,14.3,1532.9,1
7,23,4,1.5,0.3,0.1,0,0.2,1.5,0.2,1.4,156.2,1
7,70,7.5,3,0.5,0.2,0,0.2,3,0.1,2.6,307.5,1
7,71,39,16,2,0,0,2,16,2,15,1609,0
7,72,35,13,3,1,0,2,13,2,10,1296,0
7,74,5,1.9,0.3,0,0,0.1,1.9,0.1,1.7,200.5,1
7,75,34,14,3,1,0,0,14,0,12,1494,0
7,76,34.5,15,3,0,0,2,15,3,10,1448,0
7,95,16,6.6,2.1,0,0,0,6.6,0.4,5.8,749.5,1
7,96,16,6.6,2.1,0,0,0,6.6,0.4,5.8,749.5,1
7,97,6,2.5,0.8,0,0,0,2.5,0.2,2.2,281.1,1
7,108,20,8.8,2.9,0,0,1.2,8.8,0,8.2,904.7,1
7,109,40,14,3,2,0,0,14,3,14,1454,0
7,110,7,3.8,1.8,0,0,0.3,3.8,0.6,2.9,350.6,1
8,7,8,2.7,0.7,0.3,0,0,2.7,0.4,2.7,256.6,1
8,8,27,11,3,0,0,2,11,1,9,1068,0
8,9,46,18,6,3,0,2,18,3,14,1873,0
8,10,46,19,5,1,0,2,19,2,14,1642,0
8,46,22,8.2,1.3,0,0,0.4,8.2,0.9,7.3,875.7,1
8,47,5,1.9,0.3,0,0,0.1,1.9,0.2,1.7,199,1
8,71,25,9.9,1.8,0.6,0,0.6,9.9,0.3,8.8,1025.1,1
8,72,22,8.7,1.5,0.5,0,0.5,8.7,0.3,7.7,902.1,1
8,75,29.5,12,3,1,0,2,12,0,11,1225,0
8,76,37,16,7,2,3,1,13,4,12,1881,0
8,94,12,5,1.6,0,0,0,5,0.3,4.4,562.1,1
8,95,39,15,3,1,0,1,15,1,14,1778,0
8,96,45,15,3,3,0,2,15,3,13,2012,0
8,97,24,10,3.1,0,0,0,10,0.6,8.7,1124.3,1
8,108,8,3.5,1.2,0,0,0.5,3.5,0,3.3,361.9,1
8,109,1,0.5,0.2,0,0,0,0.5,0.1,0.4,50.1,1
9,8,14,4.7,1.3,0.5,0,0,4.7,0.8,4.7,449,1
9,9,45,17,3,1,0,1,17,1,15,1575,0
9,10,6,2.2,0.6,0.1,0,0.1,2.2,0.1,2.2,235.8,1
9,44,4,1.5,0.2,0,0,0.1,1.5,0.2,1.3,159.2,1
9,45,7,2.6,0.4,0,0,0.1,2.6,0.3,2.3,278.6,1
9,46,31,12,4,0,0,0,12,0,11,1125,0
9,47,5,1.9,0.3,0,0,0.1,1.9,0.2,1.7,199,1
9,71,9,3.6,0.6,0.2,0,0.2,3.6,0.1,3.2,369.1,1
9,72,36,17,4,0,0,1,17,0,16,1950,0
9,75,18,6.7,1,0,0,0.3,6.7,0.3,6,721.7,1
9,76,42,21,7,0,0,4,21,1,16,2068,0
9,96,57,23,6,1,0,2,23,3,20,2319,0
10,42,4,1.9,0.2,0,0,0.2,1.9,0,1.4,178.8,1
10,45,33,11,2,1,0,0,11,1,10,1438,0
10,46,33,12,3,2,0,0,12,1,10,1258,0
10,47,8,3,0.5,0,0,0.2,3,0.3,2.7,318.4,1
10,72,28,11,1,1,0,0,11,1,11,1086,0
10,75,5,1.9,0.3,0,0,0.1,1.9,0.1,1.7,200.5,1
10,76,39,14,2,0,0,0,14,1,11,1509,0
10,96,3,1.2,0.4,0,0,0,1.2,0.1,1.1,140.5,1
11,42,24.5,10.5,2.1,0,0,1.6,10.5,2.1,6.8,979.5,1
11,43,9,3.9,0.8,0,0,0.6,3.9,0.8,2.5,359.8,1
11,44,1,0.3,0.1,0,0,0,0.3,0.1,0.3,31.1,1
11,45,41,13.9,2.6,2,0,1.3,13.9,2.6,10.6,1275.6,1
11,46,47.5,22,8,2,0,1,22,4,21,2338,0
11,47,10,3.4,0.6,0.5,0,0.3,3.4,0.6,2.6,311.1,1
11,70,4,1.5,0.2,0.1,0,0.1,1.5,0.1,1.4,183.2,1
11,72,12,4.4,0.6,0.3,0,0.3,4.4,0.2,4.2,549.5,1
12,8,2,0.8,0.2,0,0,0.1,0.8,0,0.7,88.8,1
12,42,10,4.3,0.9,0,0,0.6,4.3,0.9,2.8,399.8,1
12,43,3,1.3,0.3,0,0,0.2,1.3,0.3,0.8,119.9,1
12,45,5,1.7,0.3,0.2,0,0.2,1.7,0.3,1.3,155.6,1
12,46,31,15,7,1,2,0,13,1,12,1175,0
13,5,6,2.4,0.5,0.1,0,0.3,2.4,0.1,2.2,266.3,1
13,6,31,11,1,1,1,0,10,0,7,904,0
13,7,22,8.9,1.9,0.5,0,0.9,8.9,0.5,8,976.4,1
13,17,19,7.4,1.5,0.6,0.3,0.9,7.1,0.6,6.8,791.5,1
13,18,4,1.6,0.3,0.1,0.1,0.2,1.5,0.1,1.4,166.6,1
13,19,4,1.9,0.8,0.1,0,0.1,1.9,0.1,1.9,207.4,1
13,43,61,29,15,2,0,1,29,11,19,1315,0
13,46,4,1.4,0.3,0.2,0,0.1,1.4,0.3,1,124.5,1
13,72,8,2.9,0.4,0.2,0,0.2,2.9,0.1,2.8,366.3,1
13,73,2,0.7,0.1,0.1,0,0.1,0.7,0,0.7,91.6,1
13,74,19,7.2,1.4,0.9,0,1.4,7.2,1.8,5.4,728.8,1
14,6,68,25,3,2,0,1,25,0,21,2093,0
14,7,34,17,6,0,0,2,17,5,12,1552,0
14,16,26,10.2,2,0.8,0.4,1.2,9.8,0.8,9.3,1083.1,1
14,17,60,24,6,1,0,0,24,3,22,2441,0
14,18,43.5,17,6,3,0,0,17,2,15,1678,0
14,19,25,12.1,5.2,0.9,0,0.9,12.1,0.9,12.1,1296.6,1
14,72,26,9.5,1.4,0.7,0,0.7,9.5,0.3,9.2,1190.6,1
14,73,39,15,3,2,0,2,15,2,12,1625,0
14,74,21,8,1.5,1,0,1.5,8,2,6,805.5,1
14,110,1,0.4,0.1,0,0,0.1,0.4,0,0.4,45.2,1
15,5,13,5.3,1.1,0.3,0,0.6,5.3,0.3,4.7,577,1
15,6,23,12,6,0,0,1,12,2,7,1077,0
15,7,4,1.6,0.3,0.1,0,0.2,1.6,0.1,1.4,177.5,1
15,15,3,1.2,0.2,0.1,0.1,0.1,1.1,0.1,1.1,125,1
15,16,45,17,5,1,0,1,17,3,17,1594,0
15,17,42,15,4,2,0,2,15,3,13,1461,0
15,18,12,4.7,0.9,0.4,0.2,0.6,4.5,0.4,4.3,499.9,1
15,47,1,0.3,0.1,0,0,0,0.3,0.1,0.3,31.1,1
15,71,1,0.4,0.1,0,0,0,0.4,0,0.4,45.8,1
15,72,23.5,8.6,1.2,0.6,0,0.6,8.6,0.3,8.3,1076.1,1
15,73,42,18,4,1,0,1,18,0,13,1832,0
15,74,35,14,4,1,0,0,14,5,13,1280,0
15,75,2,0.8,0.1,0.1,0,0.1,0.8,0.2,0.6,76.7,1
16,5,10,3.7,0.7,0.2,0.5,0.2,3.2,0.4,2.6,340.3,1
16,6,79,27,3,2,0,2,27,6,20,2462,0
16,7,10,3.7,0.7,0.2,0.5,0.2,3.2,0.4,2.6,340.3,1
16,8,25,9.2,1.8,0.5,1.3,0.5,7.9,1.1,6.6,850.8,1
16,9,7,2.6,0.5,0.1,0.4,0.1,2.2,0.3,1.8,238.2,1
16,15,3,1.2,0.3,0.1,0,0.1,1.2,0.1,1.1,123,1
16,16,28,11.1,2.7,0.9,0,0.9,11.1,0.9,10.7,1148,1
16,17,1,0.4,0.1,0,0,0,0.4,0,0.4,41,1
16,73,15,5.4,0.8,0,0,0,5.4,0.4,4.2,629.2,1
16,74,13,5.5,1.5,0.5,0,0.2,5.5,0.5,5,516.5,1
16,108,22,9.1,1.3,0,0,0,9.1,0.6,8.7,1013,1
16,109,20,9,2.7,0.3,0.3,0.6,8.7,1.2,6.6,901.5,1
16,110,2,0.9,0.3,0,0,0.1,0.9,0.1,0.7,90.1,1
17,6,3,1.1,0.2,0.1,0.2,0.1,0.9,0.1,0.8,102.1,1
17,7,17,6.3,1.3,0.4,0.9,0.4,5.4,0.7,4.5,578.5,1
17,8,58,18,1,3,0,3,18,2,17,1888,0
17,9,3,1.1,0.2,0.1,0.2,0.1,0.9,0.1,0.8,102.1,1
17,15,14,5.6,1.3,0.4,0,0.4,5.6,0.4,5.3,574,1
17,16,14,5.6,1.3,0.4,0,0.4,5.6,0.4,5.3,574,1
17,73,21,7.6,1.2,0,0,0,7.6,0.6,5.8,880.8,1
17,107,7,2.9,0.4,0,0,0,2.9,0.2,2.8,322.3,1
17,108,39,15,5,2,0,0,15,2,7,1820,0
17,109,57.5,20,3,3,0,0,20,1,18,2597,0
17,110,41,14,1,0,0,0,14,1,12,1503,0
17,126,8,2.7,0.4,0.4,0,0,2.7,0,2.5,288.5,1
17,127,11,3.7,0.5,0.5,0,0,3.7,0,3.4,396.7,1
18,7,4,1.5,0.3,0.1,0.2,0.1,1.3,0.2,1.1,136.1,1
18,8,12,4.4,0.9,0.3,0.6,0.3,3.8,0.5,3.2,408.4,1
18,9,4,1.5,0.3,0.1,0.2,0.1,1.3,0.2,1.1,136.1,1
18,45,20,7.9,1.6,0.5,0,0,7.9,3.2,4.7,585.8,1
18,106,2,0.8,0.1,0,0,0,0.8,0.1,0.8,92.1,1
18,107,29,12,4,0,0,0,12,1,6,993,0
18,108,59,22,3,1,0,3,22,4,21,2243,0
18,109,43,21,8,1,1,4,20,0,16,2290,0
18,110,16,7.2,2.1,0.2,0.3,0.5,6.9,1,5.3,721.2,1
18,126,12,4,0.5,0.5,0,0,4,0,3.7,432.8,1
18,127,38,12,1,2,0,1,12,0,11,1445,0
19,39,14,5.2,0.9,0.2,0,0.5,5.2,0.7,4.5,490.9,1
19,40,18,6.7,1.2,0.3,0,0.6,6.7,0.9,5.8,631.2,1
19,41,4,1.5,0.3,0.1,0,0.1,1.5,0.2,1.3,140.3,1
19,44,28,11,3,1,0,0,11,2,9,843,0
19,65,8,3.1,0.6,0.1,0,0.1,3.1,0.6,2.5,309.5,1
19,66,9,3.5,0.7,0.1,0,0.1,3.5,0.7,2.8,348.2,1
19,67,19,11,7,0,0,0,11,0,9,778,0
19,68,7,2.7,0.6,0.1,0,0.1,2.7,0.6,2.1,270.9,1
19,106,25,11,5,1,0,0,11,1,10,1051,0
19,107,11,4.5,0.6,0,0,0,4.5,0.3,4.4,506.5,1
19,108,15,6.2,0.9,0,0,0,6.2,0.4,6,690.7,1
19,109,53,26,11,0,0,1,26,1,21,2557,0
19,110,55,17,3,4,0,2,17,1,10,1892,0
19,127,30,14,5,0,0,1,14,0,13,1609,0
20,40,7,2.6,0.5,0.1,0,0.2,2.6,0.4,2.3,245.5,1
20,41,10,3.7,0.7,0.2,0,0.3,3.7,0.5,3.2,350.7,1
20,43,6,2.2,0.4,0.1,0,0.2,2.2,0.3,1.9,210.4,1
20,44,15,5.9,1.2,0.4,0,0,5.9,2.4,3.6,439.3,1
20,46,3,1.2,0.2,0.1,0,0,1.2,0.5,0.7,87.9,1
20,65,10,3.9,0.8,0.2,0,0.2,3.9,0.8,3.1,386.9,1
20,66,30,20,14,1,11,2,9,6,7,1217,0
20,67,32,13,7,2,0,0,13,1,9,1535,0
20,68,28,10.8,2.3,0.5,0,0.5,10.8,2.3,8.6,1083.4,1
20,78,2,0.8,0.2,0.1,0,0,0.8,0.1,0.8,79.5,1
20,108,9,3.7,0.5,0,0,0,3.7,0.3,3.6,414.4,1
20,109,5,2.2,0.7,0.1,0.1,0.1,2.1,0.3,1.6,225.4,1
20,110,20,9,2.7,0.3,0.3,0.6,8.7,1.2,6.6,901.5,1
20,111,4,1.8,0.5,0.1,0.1,0.1,1.7,0.2,1.3,180.3,1
21,40,21,7.7,0.5,0.5,0,0,7.7,0.5,7.2,791.8,1
21,41,37,12,1,1,0,1,12,0,9,1303,0
21,42,38.5,15,3,0,0,2,15,3,12,1506,0
21,43,46,21,6,1,0,3,21,5,16,1985,0
21,44,23,7.3,1,1.6,0,0.5,7.3,2.1,5.2,725,1
21,46,1,0.3,0,0.1,0,0,0.3,0.1,0.2,31.5,1
21,64,8,3.5,0.8,0,0,0.5,3.5,0.3,3,333.3,1
21,65,46,18,4,1,0,2,18,5,15,1688,0
21,66,54,23,6,2,0,1,23,1,18,2205,0
21,67,13,5.7,1.3,0,0,0.8,5.7,0.5,4.9,541.6,1
21,68,47,16,1,0,0,1,16,2,15,1930,0
21,78,47,20,1,1,0,3,20,0,15,1831,0
21,79,1,0.4,0,0,0,0,0.4,0,0.3,41.4,1
21,80,4,1.4,0.2,0.1,0,0,1.4,0,1.3,165.5,1
21,111,2,0.8,0.1,0,0,0,0.8,0.1,0.8,92.1,1
22,40,25,9.1,0.6,0.6,0,0,9.1,0.6,8.5,942.7,1
22,41,46,18,3,0,0,0,18,2,16,1686,0
22,42,45.5,19,4,2,0,2,19,0,13,1567,0
22,43,24,8.8,0.6,0.6,0,0,8.8,0.6,8.2,905,1
22,44,8,2.5,0.4,0.5,0,0.2,2.5,0.7,1.8,252.2,1
22,65,10,4.4,1,0,0,0.6,4.4,0.4,3.8,416.6,1
22,66,24,11,3,0,0,2,11,2,10,1096,0
22,68,2,0.9,0.2,0,0,0.1,0.9,0.1,0.8,83.3,1
22,77,2,0.8,0.2,0.1,0,0,0.8,0.1,0.8,79.5,1
22,78,37,16,4,0,0,1,16,1,14,1839,0
22,79,41,17,5,1,0,1,17,1,12,1620,0
22,80,42,19,8,1,2,1,17,1,10,1751,0
23,35,4,1.8,0.3,0,0,0.4,1.8,0.2,1.4,206,1
23,40,19,6.9,0.5,0.5,0,0,6.9,0.5,6.5,716.4,1
23,41,9,3.3,0.2,0.2,0,0,3.3,0.2,3.1,339.4,1
23,45,2,0.6,0.1,0.1,0,0,0.6,0.2,0.5,63,1
23,65,13,5.7,1.3,0,0,0.8,5.7,0.5,4.9,541.6,1
23,66,35.5,15,6,2,0,1,15,0,12,1440,0
23,67,4,1.8,0.4,0,0,0.2,1.8,0.2,1.5,166.6,1
23,78,35,14.8,4,1.3,0,0.7,14.8,1.3,13.5,1390.6,1
23,79,45,15,2,2,0,1,15,1,13,1612,0
23,80,25,13,5,0,0,1,13,0,11,1345,0
23,81,17,6,0.7,0.4,0,0.2,6,0.2,5.7,703.4,1
24,33,10,3.3,0.4,0.5,0.4,0.3,2.9,0.4,2.7,340.8,1
24,34,34.5,15.5,2.9,0,0,3.4,15.5,1.7,12.1,1776.7,1
24,35,48,18,2,1,0,1,18,0,12,1561,0
24,36,21.5,9.7,1.8,0,0,2.1,9.7,1.1,7.5,1107.2,1
24,79,9,3.2,0.4,0.2,0,0.1,3.2,0.1,3,372.4,1
24,80,3,1.1,0.1,0.1,0,0,1.1,0,1,124.1,1
24,81,32,12,3,1,0,1,12,2,10,1257,0
24,82,5,1.8,0.2,0.1,0,0.1,1.8,0.1,1.7,206.9,1
24,96,11,4.6,0.6,0,0,0.4,4.6,0,4,426.3,1
25,32,7,2.3,0.3,0.4,0.3,0.2,2,0.3,1.9,238.6,1
25,33,56.5,18.4,2.3,3.1,2.3,1.5,16.1,2.3,15.4,1925.6,1
25,34,66,25,8,3,1,1,24,3,21,2182,0
25,41,4,1.5,0.1,0.1,0,0,1.5,0.1,1.4,150.8,1
25,42,52,21,4,0,0,1,21,1,18,2152,0
25,43,24,8.8,0.6,0.6,0,0,8.8,0.6,8.2,905,1
25,44,9,2.9,0.4,0.6,0,0.2,2.9,0.8,2,283.7,1
25,81,36,12.8,1.5,0.8,0,0.4,12.8,0.4,12,1489.5,1
25,82,72,27,2,2,0,0,27,0,27,2720,0
25,83,21,7.4,0.9,0.4,0,0.2,7.4,0.2,7,868.9,1
25,84,4,1.7,0.2,0,0,0.1,1.7,0,1.4,155,1
25,92,16,6.6,0.8,0,0,0.6,6.6,0,5.8,620.1,1
25,95,11,4.6,0.6,0,0,0.4,4.6,0,4,426.3,1
25,96,50,24,8,1,0,3,24,4,22,1954,0
25,97,16,6.6,0.8,0,0,0.6,6.6,0,5.8,620.1,1
26,31,2,0.9,0.3,0,0,0.1,0.9,0.1,0.7,94.8,1
26,32,18,8.3,2.8,0,0,0.6,8.3,1.1,6.6,852.9,1
26,33,38.5,17,5,1,0,2,17,1,13,1414,0
26,41,24,10,3.7,0.7,0,0.7,10,1.5,7.8,933.8,1
26,42,28,11,2,1,0,3,11,2,8,1258,0
26,43,6,2.5,0.9,0.2,0,0.2,2.5,0.4,1.9,233.4,1
26,82,42,16,3,0,0,0,16,0,15,1640,0
26,83,2,0.7,0,0,0,0,0.7,0.1,0.5,70,1
26,86,3,1.3,0.3,0.1,0,0.2,1.3,0.2,1.1,135.1,1
26,89,63,24,4,3,0,4,24,2,22,2281,0
26,90,40,16,3,1,0,1,16,1,14,1532,0
26,91,3,1.3,0.2,0.1,0,0.1,1.3,0.2,1.1,126.3,1
26,92,15,6.4,1.1,0.4,0,0.4,6.4,1.1,5.6,631.5,1
26,93,25,11,3,0,0,3,11,1,8,811,0
26,95,10,4.8,1.4,0,0,0.4,4.8,0.9,3.9,490.4,1
26,96,145,64,21,4,1,7,63,8,43,5380,0
26,97,16,7.7,2.3,0,0,0.6,7.7,1.5,6.2,784.6,1
26,117,11,4.5,1.7,0.5,0,0.3,4.5,0.9,3.7,526.5,1
27,7,9,2.4,0.2,0.9,0,0.6,2.4,1.1,1.3,292.4,1
27,8,40,10.6,0.8,4.1,0,2.4,10.6,4.9,5.7,1299.6,1
27,9,72,35,16,1,0,2,35,5,28,2611,0
27,10,3,1.2,0.4,0.1,0,0.1,1.2,0.3,0.8,107.4,1
27,11,5,2,0.6,0.2,0.1,0.2,1.9,0.5,1.2,179,1
27,32,3,1.4,0.5,0,0,0.1,1.4,0.2,1.1,142.2,1
27,33,5.5,2.5,0.8,0,0,0.2,2.5,0.3,2,260.6,1
27,40,6,2.5,0.9,0.2,0,0.2,2.5,0.4,1.9,233.4,1
27,41,8,3.3,1.2,0.2,0,0.2,3.3,0.5,2.6,311.3,1
27,84,1,0.4,0.1,0,0,0.1,0.4,0.1,0.4,45,1
27,89,98,37,5,2,0,1,37,0,34,3649,0
27,90,155,70,19,3,0,2,70,1,64,6284,0
27,91,102,42,11,2,2,4,40,4,15,3210,0
27,92,71,28,3,2,0,2,28,2,27,2543,0
27,93,112,58,24,0,5,5,53,7,21,3867,0
27,94,61,23,8,3,1,2,22,5,15,1733,0
27,95,142.5,82,45,2,54,12,28,14,20,5255,0
27,96,109.5,46,14,1,2,1,44,3,30,4219,0
27,97,11,5.3,1.6,0,0,0.4,5.3,1,4.3,539.4,1
27,98,12,5.8,1.7,0,0,0.4,5.8,1.1,4.7,588.4,1
27,99,4,1.6,0.2,0.1,0,0.2,1.6,0.2,1.5,207,1
27,114,2,0.8,0.3,0.1,0,0.1,0.8,0.2,0.7,95.7,1
27,115,11,4.5,1.7,0.5,0,0.3,4.5,0.9,3.7,526.5,1
27,116,12,4.9,1.8,0.5,0,0.3,4.9,1,4,574.3,1
27,117,24,11,3,0,0,0,11,1,8,1243,0
28,6,77,24,2,6,0,0,24,0,23,2265,0
28,7,85.5,32,4,2,0,5,32,7,14,2568,0
28,8,65.5,27,6,1,0,3,27,3,23,2757,0
28,9,24,9.6,3.1,0.9,0.2,0.9,9.4,2.2,6,859.3,1
28,10,56,22,11,3,0,1,22,3,16,1921,0
28,11,39,17,4,2,0,0,17,2,13,1236,0
28,90,86,39,9,1,0,2,39,0,38,3591,0
28,91,147.5,69,26,3,0,12,69,18,15,4522,0
28,92,84.5,30,2,2,0,3,30,3,25,2608,0
28,93,41,20,8,2,0,2,20,4,12,1442,0
28,94,169,92,43,3,26,10,66,20,39,6321,0
28,95,122.5,54,22,4,10,5,44,12,30,4712,0
28,96,40,18,6,1,4,3,14,3,11,1308,0
28,97,19,9.2,2.7,0,0,0.7,9.2,1.8,7.4,931.7,1
28,98,3,1.4,0.4,0,0,0.1,1.4,0.3,1.2,147.1,1
28,112,1,0.4,0.1,0,0,0,0.4,0,0.3,40.3,1
28,113,3,1.3,0.3,0.1,0,0.1,1.3,0.1,1,121,1
28,114,4,1.6,0.6,0.2,0,0.1,1.6,0.3,1.3,191.4,1
28,115,2,0.8,0.3,0.1,0,0.1,0.8,0.2,0.7,95.7,1
28,116,13,5.3,2,0.5,0,0.4,5.3,1.1,4.4,622.2,1
28,117,10,4.1,1.5,0.4,0,0.3,4.1,0.8,3.4,478.6,1
29,6,173,56,12,10,10,10,46,18,11,4493,0
29,7,79.5,33,7,2,0,6,33,12,16,2872,0
29,8,94,35,11,4,3,2,32,10,17,3179,0
29,9,45,21,8,2,3,2,18,4,13,1575,0
29,10,106,44,11,3,2,8,42,12,15,3243,0
29,11,21,8.4,2.7,0.8,0.2,0.8,8.2,1.9,5.2,751.9,1
29,12,4,1.6,0.5,0.1,0,0.1,1.6,0.4,1,143.2,1
29,22,2,0.8,0.2,0.1,0,0.1,0.8,0.1,0.8,82,1
29,32,4,1.8,0.6,0,0,0.1,1.8,0.2,1.5,189.5,1
29,82,7,2.6,0,0,0,0,2.6,0.3,1.8,245,1
29,83,18,6.6,0,0,0,0,6.6,0.7,4.5,630,1
29,84,2,0.8,0.2,0,0,0.1,0.8,0.1,0.8,90.1,1
29,86,10,4.2,1.1,0.2,0,0.5,4.2,0.5,3.8,450.4,1
29,87,19,7.9,2.1,0.3,0,1,7.9,1,7.3,855.7,1
29,88,20,8.4,2.2,0.4,0,1.1,8.4,1.1,7.6,900.7,1
29,89,2,0.8,0.2,0,0,0,0.8,0.2,0.8,84.2,1
29,90,5,2.1,0.4,0.1,0,0.1,2.1,0.4,1.9,210.5,1
29,91,15,6.4,1.1,0.4,0,0.4,6.4,1.1,5.6,631.5,1
29,92,58.5,28,11,1,0,3,28,2,23,2128,0
29,93,219,96,38,8,46,15,50,21,45,7442,0
29,94,113,56,20,3,7,9,49,14,28,4185,0
29,95,233.5,138,85,5,91,22,47,33,27,9138,0
29,96,142,65,24,2,40,14,25,14,17,5335,0
29,97,2,1,0.3,0,0,0.1,1,0.2,0.8,98.1,1
29,98,12,5.8,1.7,0,0,0.4,5.8,1.1,4.7,588.4,1
29,99,2,0.8,0.1,0,0,0.1,0.8,0.1,0.7,103.5,1
29,101,4,1.6,0.2,0.1,0,0.2,1.6,0.2,1.5,207,1
29,102,2,0.8,0.1,0,0,0.1,0.8,0.1,0.7,103.5,1
29,118,6.5,2.6,1,0.3,0,0.2,2.6,0.5,2.2,311.1,1
30,6,27,12,4,1,0,1,12,1,9,1012,0
30,7,65,29,11,2,0,3,29,9,15,2112,0
30,8,40,19,9,2,0,1,19,2,10,1951,0
30,10,30,11.9,3.9,1.1,0.3,1.1,11.6,2.8,7.5,1074.2,1
30,11,21,8.4,2.7,0.8,0.2,0.8,8.2,1.9,5.2,751.9,1
30,47,1,0.3,0,0.1,0,0,0.3,0.1,0.2,31.5,1
30,80,49,22,1,1,0,3,22,0,22,2222,0
30,81,53,18,2,2,0,0,18,0,16,2057,0
30,82,58,24,6,1,0,1,24,2,19,2406,0
30,83,25,9.1,0,0,0,0,9.1,1,6.2,875,1
30,86,50,23,5,1,0,2,23,2,23,1981,0
30,87,172.5,85,23,2,2,8,83,1,71,7217,0
30,88,124.5,57,15,1,0,9,57,4,47,4774,0
30,89,105.5,49,16,2,0,7,49,5,39,3769,0
30,90,76.5,31,7,2,0,2,31,1,26,2659,0
30,91,107,49,18,3,7,3,42,5,31,3936,0
30,92,101.5,48,19,1,3,4,45,9,31,3348,0
30,93,173.5,75,29,5,8,10,67,12,42,5806,0
30,94,157,77,39,6,16,11,61,16,36,7278,0
30,95,130,65,30,5,29,6,36,15,26,5267,0
30,96,220,122,67,5,71,20,51,32,27,8098,0
30,97,50,22,7,2,2,1,20,8,10,1810,0
30,98,50,23,8,1,0,2,23,4,18,2171,0
30,99,5,2.1,0.3,0.1,0,0.3,2.1,0.2,1.9,258.7,1
30,106,5,2.1,0.6,0.2,0,0.1,2.1,0.1,1.6,201.6,1
31,7,27,10.2,1.8,1.2,0,1.8,10.2,1.8,7.8,1069.8,1
31,8,46.5,26,13,0,1,2,25,4,12,1668,0
31,9,67,25,7,5,0,1,25,3,25,2156,0
31,10,71.5,24,2,4,0,0,24,1,21,2221,0
31,11,46,23,9,0,0,2,23,3,21,2044,0
31,80,60.5,20,2,1,0,3,20,2,17,2172,0
31,81,39,15,4,2,0,1,15,1,13,1310,0
31,82,44,18,4,1,0,2,18,0,17,2039,0
31,86,47,22,3,0,0,1,22,0,22,1862,0
31,87,103,48,14,3,0,1,48,1,41,4026,0
31,88,245,99,31,9,63,31,36,37,34,7019,0
31,89,162,70,22,3,0,11,70,10,60,5372,0
31,90,116,53,20,2,0,6,53,8,32,3845,0
31,91,218,110,50,4,38,20,72,28,41,7840,0
31,92,200.5,107,47,1,61,25,46,32,19,7041,0
31,93,147,77,40,3,16,12,61,23,30,5456,0
31,94,92,54,31,0,32,9,22,19,11,3251,0
31,95,116,58,26,2,20,9,38,17,21,4804,0
31,96,139,65,20,1,14,6,51,5,33,5647,0
31,97,223.5,102,35,5,12,15,90,22,57,8391,0
31,98,78,34,10,2,0,4,34,2,23,2765,0
31,99,24,9.9,1.4,0.5,0,1.4,9.9,0.9,8.9,1241.9,1
31,106,30.5,15,6,0,0,1,15,2,14,1284,0
31,121,2,0.8,0.2,0.1,0,0.1,0.8,0.1,0.7,99,1
31,122,11,4.2,0.9,0.5,0,0.3,4.2,0.3,3.8,544.2,1
31,123,5,1.9,0.4,0.2,0,0.2,1.9,0.2,1.7,247.4,1
31,124,2,0.6,0,0.1,0,0,0.6,0,0.5,91.8,1
32,7,3,1.1,0.2,0.1,0,0.2,1.1,0.2,0.9,118.9,1
32,8,15,5.7,1,0.7,0,1,5.7,1,4.3,594.3,1
32,9,51,20.4,3.9,1.6,0,1.6,20.4,4.7,3.9,1831.3,1
32,10,2,0.8,0.2,0.1,0,0.1,0.8,0.2,0.2,71.8,1
32,11,12,4.8,0.9,0.4,0,0.4,4.8,1.1,0.9,430.9,1
32,80,18,6.8,2.4,0.5,0,0,6.8,1,5.8,669.9,1
32,81,25,12,5,0,0,1,12,2,11,1000,0
32,82,57,20,3,3,0,3,20,1,13,1836,0
32,83,4,1.5,0.5,0.1,0,0,1.5,0.2,1.3,148.9,1
32,86,6,2.2,0.1,0.1,0,0,2.2,0.1,2.2,209.2,1
32,87,43,23,9,0,0,2,23,1,20,2286,0
32,88,102.5,50,15,2,0,4,50,4,44,4212,0
32,89,113.5,49,15,3,0,4,49,2,38,3865,0
32,90,246.5,116,49,9,87,34,29,64,10,6968,0
32,91,117.5,51,11,3,1,5,50,5,41,4564,0
32,92,1,0.4,0.1,0,0,0.1,0.4,0.1,0.3,51.7,1
32,93,13,5.7,1.5,0.1,0.6,1,5.1,1,4.4,671.7,1
32,94,175,83,36,6,11,12,72,17,42,6173,0
32,95,329.5,195,116,8,125,22,70,40,63,11966,0
32,96,76.5,33,10,1,0,3,33,2,29,3162,0
32,97,135.5,59,16,2,1,8,58,9,35,4857,0
32,98,133,60,20,2,0,7,60,6,48,5309,0
32,99,45,17,0,0,0,0,17,1,15,1657,0
32,100,22,12,6,0,0,1,12,3,11,1051,0
32,101,32,14,6,2,0,1,14,1,10,1224,0
32,102,34,13,1,1,2,1,11,3,8,1044,0
32,105,10,4.2,1.1,0.3,0,0.2,4.2,0.2,3.3,403.2,1
32,106,25,10.5,2.8,0.8,0,0.6,10.5,0.6,8.1,1007.9,1
32,107,14,5.9,1.6,0.4,0,0.3,5.9,0.3,4.6,564.4,1
32,122,30,13,4,0,0,1,13,4,11,1073,0
32,123,32,13,4,1,0,0,13,1,13,1178,0
33,22,1,0.4,0.1,0,0,0,0.4,0,0.4,41,1
33,39,2,0.8,0.1,0.1,0,0.1,0.8,0.1,0.7,79.1,1
33,40,12,4.5,0.9,0.5,0,0.5,4.5,0.4,3.9,474.6,1
33,41,9,3.4,0.6,0.4,0,0.4,3.4,0.3,2.9,356,1
33,42,29,10.9,2.1,1.2,0,1.2,10.9,0.9,9.5,1147,1
33,43,7,2.6,0.5,0.3,0,0.3,2.6,0.2,2.3,276.9,1
33,80,14,5.3,1.9,0.4,0,0,5.3,0.8,4.5,521,1
33,81,39,12,1,2,0,0,12,1,11,1259,0
33,82,68,31,13,2,0,1,31,3,27,3054,0
33,83,29,15,6,0,0,0,15,4,10,1612,0
33,84,47,16,4,3,0,3,16,1,12,1798,0
33,85,2,0.7,0,0,0,0,0.7,0,0.7,69.7,1
33,87,5,1.8,0.1,0.1,0,0,1.8,0.1,1.8,174.3,1
33,89,11,4.8,1.3,0.1,0.5,0.8,4.3,0.8,3.7,568.4,1
33,90,8,3.5,0.9,0.1,0.3,0.6,3.2,0.6,2.7,413.4,1
33,91,6,2.6,0.7,0.1,0.2,0.4,2.4,0.4,2,310,1
33,92,21,11,4,0,6,4,5,1,4,1040,0
33,93,13,5.7,1.5,0.1,0.6,1,5.1,1,4.4,671.7,1
33,94,112.5,48,15,3,3,11,45,8,33,3576,0
33,95,140,68,29,4,9,9,59,11,39,5693,0
33,96,108,47,11,4,1,8,46,5,34,3619,0
33,97,13,5.8,1.9,0.6,0,0.3,5.8,0.8,4.7,568.7,1
33,98,14,6.3,2.1,0.6,0,0.3,6.3,0.9,5.1,612.4,1
33,99,8,3.3,0.5,0.2,0,0.5,3.3,0.3,3,414,1
33,104,2,0.8,0.2,0.1,0,0,0.8,0,0.7,80.6,1
33,105,47,20,1,0,0,4,20,2,16,1685,0
33,106,67,25,4,0,0,1,25,1,25,2660,0
33,107,37,11,1,1,0,2,11,0,11,1143,0
33,108,7,2.9,0.8,0.2,0,0.2,2.9,0.2,2.3,282.2,1
33,122,6,2.3,0.5,0.3,0,0.2,2.3,0.2,2.1,296.9,1
33,123,23,8.8,1.8,1.1,0,0.7,8.8,0.7,8,1138,1
34,38,21,8.7,3.2,0.6,0,0.6,8.7,1.3,6.8,817.1,1
34,39,48,17,2,2,0,0,17,1,13,1744,0
34,40,43,16,4,1,0,1,16,1,13,2002,0
34,41,8,3,0.6,0.3,0,0.3,3,0.2,2.6,316.4,1
34,42,12,4.5,0.9,0.5,0,0.5,4.5,0.4,3.9,474.6,1
34,82,89,38,8,2,0,4,38,6,18,3378,0
34,83,69.5,30,10,1,0,0,30,2,24,2886,0
34,84,32,12,2,1,0,0,12,2,11,1237,0
34,85,1,0.4,0,0,0,0,0.4,0,0.4,34.9,1
34,91,65,22,5,2,16,2,6,2,5,2150,0
34,92,6,2.6,0.7,0.1,0.2,0.4,2.4,0.4,2,310,1
34,93,14,6.1,1.6,0.1,0.6,1,5.5,1,4.8,723.4,1
34,94,30,18,6,0,0,1,18,3,14,1647,0
34,95,205.5,101,44,4,43,20,58,14,28,7289,0
34,96,138,57,15,6,2,9,55,10,29,4652,0
34,98,1,0.4,0.1,0,0,0,0.4,0.1,0.4,43.7,1
34,103,2,0.8,0.1,0,0,0.1,0.8,0.1,0.7,103.5,1
34,104,6,2.5,0.7,0.2,0,0.1,2.5,0.1,2,241.9,1
34,105,17,7.2,1.9,0.5,0,0.4,7.2,0.4,5.5,685.4,1
34,106,56,24,7,2,3,0,21,3,18,2300,0
34,107,8,3.4,0.9,0.3,0,0.2,3.4,0.2,2.6,322.5,1
34,122,7,2.7,0.6,0.3,0,0.2,2.7,0.2,2.4,346.3,1
34,123,9,3.4,0.7,0.4,0,0.3,3.4,0.3,3.1,445.3,1
35,40,18,6.8,1.3,0.7,0,0.7,6.8,0.6,5.9,711.9,1
35,41,1,0.4,0.1,0,0,0,0.4,0,0.3,39.6,1
35,82,1,0.4,0.1,0,0,0,0.4,0.1,0.3,37.2,1
35,83,64,23,1,1,0,2,23,2,21,2285,0
35,84,84.5,36,8,1,0,2,36,2,30,3346,0
35,85,30.5,11.2,0.6,0.6,0,0,11.2,0.6,11.2,1063.3,1
35,86,10,3.7,0.2,0.2,0,0,3.7,0.2,3.7,348.6,1
35,92,22,9.6,2.6,0.2,0.9,1.6,8.7,1.6,7.5,1136.7,1
35,93,41,20,5,0,0,1,20,1,20,2037,0
35,94,34.5,12,2,3,0,1,12,0,9,1409,0
35,95,12,5.4,1.8,0.5,0,0.3,5.4,0.8,4.3,524.9,1
35,96,98,36,10,7,0,7,36,12,14,2976,0
35,97,7,3.1,1,0.3,0,0.1,3.1,0.4,2.5,306.2,1
35,104,11,4.6,1.2,0.3,0,0.3,4.6,0.3,3.6,443.5,1
35,105,54,26,11,1,1,1,25,3,22,2083,0
35,106,82,32,4,2,0,1,32,1,27,2886,0
35,107,17,7.2,1.9,0.5,0,0.4,7.2,0.4,5.5,685.4,1
36,40,2,1.2,0.6,0,0,0.1,1.2,0.1,1,63.1,1
36,83,7,3.2,1.1,0,0,0,3.2,0,3.2,317.5,1
36,84,62,28,6,2,0,1,28,1,26,2642,0
36,85,55,22,3,0,0,2,22,1,21,2180,0
36,86,14,6.1,1.2,0.2,1,1,5.1,0.8,4.3,533.8,1
36,87,4,1.7,0.3,0.1,0.3,0.3,1.4,0.2,1.2,152.5,1
36,93,16,6.9,0.6,0.6,0,0,6.9,0,6.9,705.7,1
36,94,17,9,2.5,0,0,0,9,1,6.5,817,1
36,95,39,13,2,3,0,1,13,1,12,1757,0
36,96,161,65,19,4,0,14,65,14,34,5683,0
36,97,41.5,16,3,0,0,1,16,2,16,1917,0
36,98,4,2.1,0.6,0,0,0,2.1,0.2,1.5,192.2,1
36,105,3.5,1.7,0.4,0,0,0.2,1.7,0.2,1.2,170.6,1
36,106,15,7.4,1.6,0,0,0.8,7.4,0.8,4.9,731.1,1
36,107,2,1,0.2,0,0,0.1,1,0.1,0.7,97.5,1
37,54,5,1.9,0.5,0.2,0,0.2,1.9,1,1.7,186.9,1
37,84,42,18.3,3.7,0.6,3.1,3,15.2,2.4,12.8,1601.5,1
37,85,9,3.9,0.8,0.1,0.6,0.7,3.3,0.5,2.7,343.2,1
37,96,4,2.1,0.6,0,0,0,2.1,0.2,1.5,192.2,1
37,97,5,2.6,0.7,0,0,0,2.6,0.3,1.9,240.3,1
38,53,26,9.2,0.9,0.6,0,1.2,9.2,1.5,7.4,879.9,1
38,97,1,0.5,0.1,0,0,0,0.5,0.1,0.4,48.1,1
38,98,3,1.6,0.4,0,0,0,1.6,0.2,1.1,144.2,1
38,99,2,1,0.2,0,0,0.1,1,0.2,0.4,100.6,1
38,126,10,4,0.9,0.4,0,0.5,4,0.4,2.9,378.4,1
38,127,24,9.6,2.2,0.9,0,1.3,9.6,0.9,7,908.1,1
39,3,1,0.4,0.1,0.1,0,0,0.4,0.1,0.3,46,1
39,5,4,1.8,0.7,0.2,0,0.1,1.8,0.2,1.6,189,1
39,6,1,0.5,0.2,0,0,0,0.5,0,0.4,47.2,1
39,52,26,9.2,0.9,0.6,0,1.2,9.2,1.5,7.4,879.9,1
39,53,17,6,0.6,0.4,0,0.8,6,1,4.8,575.3,1
39,112,2,1,0.2,0,0,0.1,1,0.1,0.7,97.5,1
39,113,14,6.9,1.5,0,0,0.8,6.9,0.8,4.6,682.4,1
39,114,9,3.7,1.2,0.4,0.2,0.2,3.5,1,3.3,362,1
39,115,43,20,6,1,0,0,20,1,16,2184,0
39,116,24,9.8,3.3,1.1,0.5,0.5,9.3,2.7,8.7,965.5,1
39,117,8,3.3,1.1,0.4,0.2,0.2,3.1,0.9,2.9,321.8,1
39,118,3,1.2,0.4,0.1,0.1,0.1,1.1,0.3,1.1,120.7,1
39,126,2,0.8,0.2,0.1,0,0.1,0.8,0.1,0.6,75.7,1
39,127,2,0.8,0.2,0.1,0,0.1,0.8,0.1,0.6,75.7,1
40,6,15,6.9,2.6,0.6,0,0.3,6.9,0.6,6.1,708.7,1
40,7,24,11.1,4.2,0.9,0,0.5,11.1,0.9,9.7,1134,1
40,8,8,3.7,1.4,0.3,0,0.2,3.7,0.3,3.2,378,1
40,51,3,1.1,0.1,0.1,0,0.1,1.1,0.2,0.9,101.5,1
40,52,68.5,26,3,2,0,1,26,3,18,2499,0
40,53,16,5.6,0.5,0.4,0,0.7,5.6,0.9,4.5,541.5,1
40,99,2,1,0.2,0,0,0.1,1,0.2,0.4,100.6,1
40,116,24,11,3,1,0,0,11,1,10,1010,0
40,117,33,11,1,2,0,2,11,2,10,1231,0
41,6,9,3.5,0.3,0.2,0,0.4,3.5,0.2,3,379.9,1
41,7,31,11,1,0,0,0,11,1,6,1437,0
41,8,8,3.1,0.3,0.2,0,0.4,3.1,0.2,2.7,337.7,1
41,50,4,1.9,0.6,0,0,0.2,1.9,0.1,1.5,157.7,1
41,51,56,22,5,2,0,0,22,3,16,2514,0
41,52,30,13,4,0,0,0,13,2,9,1200,0
41,53,33,12,3,3,0,2,12,3,7,973,0
41,77,2,0.9,0.3,0,0,0,0.9,0,0.9,90.7,1
41,84,2,0.8,0.2,0,0,0,0.8,0.1,0.5,89.3,1
42,3,2,0.7,0.2,0.1,0,0.1,0.7,0.1,0.6,91.9,1
42,4,21,8.1,0.8,0.4,0,1,8.1,0.4,7.1,886.5,1
42,5,13,5,0.5,0.2,0,0.6,5,0.2,4.4,548.8,1
42,6,21.5,8.3,0.8,0.4,0,1,8.3,0.4,7.3,907.6,1
42,7,18,6.9,0.7,0.3,0,0.8,6.9,0.3,6.1,759.9,1
42,8,35.5,15,3,1,0,1,15,2,14,1815,0
42,9,2,0.7,0,0.1,0,0,0.7,0,0.6,82.5,1
42,50,15,7.1,2.2,0,0,0.8,7.1,0.3,5.5,591.5,1
42,51,19,9,2.8,0,0,1,9,0.3,6.9,749.3,1
42,52,36,11,2,2,0,2,11,1,8,1020,0
42,84,23,8.7,1.8,0.2,0,0.4,8.7,0.9,5.6,1027.2,1
42,85,9,3.4,0.7,0.1,0,0.2,3.4,0.3,2.2,401.9,1
42,86,29,11,2.3,0.3,0,0.6,11,1.1,7,1295.1,1
43,0,2,0.7,0.2,0.1,0,0.1,0.7,0.1,0.6,91.9,1
43,3,6,2.2,0.5,0.3,0,0.2,2.2,0.3,1.8,275.8,1
43,4,11,4.2,0.4,0.2,0,0.5,4.2,0.2,3.7,464.4,1
43,5,5,1.9,0.2,0.1,0,0.2,1.9,0.1,1.7,211.1,1
43,14,17,6.6,2.1,0.6,0,0.3,6.6,0.6,6,675.2,1
43,27,17,6.5,1.3,0.2,0,0.2,6.5,1.1,5.8,782.7,1
43,28,20,11,5,0,0,2,11,0,7,970,0
43,50,2,0.9,0.3,0,0,0.1,0.9,0,0.7,78.9,1
43,51,2,0.9,0.3,0,0,0.1,0.9,0,0.7,78.9,1
43,52,1,0.5,0.1,0,0,0.1,0.5,0,0.4,39.4,1
43,53,12,5.7,1.7,0,0,0.7,5.7,0.2,4.4,473.2,1
43,84,2,0.8,0.2,0,0,0,0.8,0.1,0.5,89.3,1
43,85,24,11,4,0,0,0,11,0,9,1145,0
43,86,15,5.7,1.2,0.1,0,0.3,5.7,0.6,3.6,669.9,1
43,87,8,3,0.6,0.1,0,0.2,3,0.3,1.9,357.3,1
44,13,6,2.1,0.2,0.3,0,0.2,2.1,0.2,1.6,247.5,1
44,14,32,12.4,3.9,1.1,0,0.6,12.4,1.1,11.2,1271,1
44,21,8,3.4,1.5,0.4,0,0.4,3.4,0.8,2.7,345.5,1
44,24,11,4.2,0.9,0.1,0,0.1,4.2,0.7,3.8,506.4,1
44,25,2,0.8,0.2,0,0,0,0.8,0.1,0.7,92.1,1
44,26,17,6.5,1.3,0.2,0,0.2,6.5,1.1,5.8,782.7,1
44,27,84.5,29,4,2,0,3,29,3,23,2856,0
44,28,73,28,7,2,3,6,25,3,19,3201,0
44,29,47,19,5,1,0,1,19,1,15,2033,0
44,30,57,18,3,3,0,2,18,4,13,1997,0
44,31,3,1.3,0.3,0.1,0,0,1.3,0.3,0.8,124.8,1
44,35,4,2.4,1.1,0,0,0.2,2.4,0.2,2,126.2,1
44,36,12,7.3,3.3,0,0,0.7,7.3,0.7,6,378.7,1
44,85,5,1.9,0.4,0,0,0.1,1.9,0.2,1.2,223.3,1
44,88,10,3.8,0.8,0.1,0,0.2,3.8,0.4,2.4,446.6,1
44,101,2,0.8,0.1,0,0,0,0.8,0,0.7,80.5,1
45,12,32,11.2,0.8,1.6,0,0.8,11.2,0.8,8.8,1320,1
45,13,32,13,3,1,0,3,13,2,8,1540,0
45,14,8,3.1,1,0.3,0,0.1,3.1,0.3,2.8,317.8,1
45,20,10,4.2,1.8,0.5,0,0.5,4.2,1.1,3.4,431.8,1
45,21,20,8.4,3.7,1.1,0,1.1,8.4,2.1,6.8,863.7,1
45,23,42,13,1,1,0,1,13,1,11,1081,0
45,24,58,19,3,3,0,1,19,2,14,1948,0
45,25,100,34,7,8,0,2,34,5,20,3047,0
45,26,24,9.2,1.9,0.3,0,0.3,9.2,1.6,8.2,1104.9,1
45,27,5,1.9,0.4,0.1,0,0.1,1.9,0.3,1.7,230.2,1
45,28,25,12,4,0,0,0,12,3,11,1685,0
45,29,38,16.1,4.4,0.7,0,0,16.1,3.7,9.5,1580.7,1
45,30,6,2.5,0.7,0.1,0,0,2.5,0.6,1.5,249.6,1
45,31,5,2.1,0.6,0.1,0,0,2.1,0.5,1.2,208,1
45,93,12,5.1,0.4,0.4,0,0,5.1,0,5.1,529.3,1
45,94,21,10.1,2.5,0,0,0.8,10.1,1.7,4.2,1055.9,1
45,102,33,12.8,2.2,0.8,0,0,12.8,0.8,12,1328.2,1
45,103,9,3.5,0.6,0.2,0,0,3.5,0.2,3.3,362.2,1
46,12,8,3,0.7,0.3,0,0,3,0.4,2.8,381.5,1
46,13,43.5,16,3,3,0,5,16,2,14,2155,0
46,14,41,15,3,2,0,1,15,0,13,1822,0
46,15,17,6.9,1.1,0.2,0,0.4,6.9,0.2,5.5,765.2,1
46,16,3,1.2,0.2,0,0,0.1,1.2,0,1,135,1
46,28,19,8.1,1.4,0,0,1.4,8.1,0,7.5,1224.8,1
46,29,3,1.3,0.2,0,0,0.2,1.3,0,1.2,193.4,1
46,30,6,2.6,0.4,0,0,0.4,2.6,0,2.4,386.8,1
46,93,3.5,1.3,0.3,0.1,0,0.1,1.3,0.1,1.3,157.6,1
46,102,50,17,1,3,0,0,17,1,16,2070,0
46,103,47,17,3,1,0,1,17,1,14,1791,0
47,12,33,12.5,2.8,1.1,0,0,12.5,1.7,11.4,1573.8,1
47,13,16,6.1,1.4,0.6,0,0,6.1,0.8,5.5,763,1
47,15,32,11,1,1,0,2,11,2,9,1233,0
47,16,5,2,0.3,0.1,0,0.1,2,0.1,1.6,225.1,1
47,101,8,3.6,1.2,0,0,0,3.6,0,3.6,362.9,1
47,102,38.5,16,3,1,0,2,16,4,14,1607,0
47,103,64,24,5,3,0,0,24,4,16,2622,0
47,104,4,1.4,0.4,0.2,0,0,1.4,0.2,1.2,167.2,1
47,120,2,0.8,0.2,0.1,0,0.1,0.8,0,0.6,83.9,1
47,121,20,7.8,2,1,0,1,7.8,0.5,6.3,839,1
47,122,9,3.5,0.9,0.4,0,0.4,3.5,0.2,2.9,377.6,1
48,12,1,0.4,0.1,0,0,0,0.4,0.1,0.3,47.7,1
48,15,12,4.9,0.8,0.1,0,0.3,4.9,0.1,3.9,540.1,1
48,16,53,15,2,4,0,0,15,6,11,1843,0
48,17,6,2.4,0.4,0.1,0,0.1,2.4,0.1,2,270.1,1
48,58,4,1.5,0.3,0.1,0,0.1,1.5,0,1.3,135.9,1
48,87,3,1.2,0.2,0.1,0,0.1,1.2,0.1,1.1,135.1,1
48,102,4,1.8,0.6,0,0,0,1.8,0,1.8,181.5,1
48,103,30,14,5,1,0,3,14,2,11,1211,0
48,104,9,3,0.9,0.6,0,0,3,0.3,2.8,376.1,1
48,106,7,2.4,0.7,0.4,0,0,2.4,0.3,2.2,292.5,1
48,107,29,9.8,2.9,1.8,0,0,9.8,1.1,9.1,1211.8,1
48,108,20,6.8,2,1.2,0,0,6.8,0.8,6.2,835.8,1
48,121,40,11,0,5,0,0,11,0,7,1384,0
48,122,9,3.5,0.9,0.4,0,0.4,3.5,0.2,2.9,377.6,1
49,16,24,11,4,1,0,1,11,1,10,1433,0
49,17,21,8.5,1.4,0.2,0,0.5,8.5,0.2,6.8,945.2,1
49,56,39,14.4,2.7,0.7,0,0.7,14.4,0,12.3,1324.6,1
49,57,8,2.9,0.6,0.1,0,0.1,2.9,0,2.5,271.7,1
49,103,9,4.1,1.4,0,0,0,4.1,0,4.1,408.3,1
49,106,6,2,0.6,0.4,0,0,2,0.2,1.9,250.7,1
49,108,31,13,3,1,0,2,13,2,12,1314,0
49,109,12.5,5,0.7,0.2,0,0.7,5,0.5,4.2,583.2,1
49,125,23,8.3,0.5,0.5,0,1,8.3,2.6,3.6,891.1,1
49,126,10.5,3.8,0.2,0.2,0,0.5,3.8,1.2,1.7,406.8,1
50,16,16,6.5,1.1,0.2,0,0.4,6.5,0.2,5.2,720.2,1
50,17,2,0.8,0.1,0,0,0,0.8,0,0.7,90,1
50,35,9,4.8,1.6,0.2,0,0.5,4.8,0.3,4.2,519.4,1
50,36,7,3.8,1.2,0.1,0,0.4,3.8,0.3,3.2,404,1
50,52,1,0.5,0.1,0,0,0,0.5,0,0.4,55,1
50,53,21,10.5,2.9,1,0,0,10.5,0,8.6,1155,1
50,54,4,1.5,0.3,0.1,0,0.1,1.5,0,1.3,135.9,1
50,56,68.5,27,8,3,4,3,23,8,16,2156,0
50,57,102,42,8,2,0,7,42,7,32,3915,0
50,58,44,23,10,2,0,1,23,1,22,2176,0
50,61,2,0.7,0.1,0,0,0,0.7,0,0.6,67.9,1
50,108,5,1.7,0.5,0.3,0,0,1.7,0.2,1.6,208.9,1
50,109,26,10.3,1.5,0.5,0,1.5,10.3,1,8.8,1213,1
50,121,1,0.4,0.1,0,0,0,0.4,0,0.3,42,1
51,16,3,1.2,0.2,0,0,0.1,1.2,0,1,135,1
51,21,4,1.6,0.3,0,0,0.1,1.6,0,1.3,180,1
51,34,15,8.1,2.6,0.3,0,0.9,8.1,0.6,6.9,865.7,1
51,35,30,11,2,1,0,1,11,1,10,1307,0
51,53,54,23,7,0,0,1,23,0,20,2360,0
51,54,35,15,2,0,0,3,15,2,14,1357,0
51,55,14.5,6.6,1.4,0.2,0.4,0.2,6.2,0.7,5.3,676.6,1
51,56,33,20,10,0,3,0,17,3,10,1954,0
51,57,102,49,17,2,13,5,36,8,26,3846,0
51,58,106,49,18,4,0,9,49,10,34,4675,0
51,59,5,1.9,0.2,0.1,0,0.2,1.9,0.1,1.9,220.9,1
51,60,31.5,14,4,0,0,3,14,2,7,1266,0
51,61,18,6.9,0.7,0.2,0,0.7,6.9,0.4,6.7,795.3,1
51,85,2,0.8,0.2,0.1,0,0,0.8,0.1,0.7,90.1,1
51,86,4,1.5,0.3,0.2,0,0.1,1.5,0.2,1.5,180.2,1
51,87,15,5.8,1.2,0.6,0,0.3,5.8,0.6,5.5,675.6,1
51,89,15.5,6.2,1.2,0.6,0,0.4,6.2,0.6,5.5,685.1,1
51,109,12,4.8,0.7,0.2,0,0.7,4.8,0.5,4,559.8,1
52,34,3,1.6,0.5,0.1,0,0.2,1.6,0.1,1.4,173.1,1
52,35,40.5,18,6,2,0,1,18,4,14,1627,0
52,36,15,8.1,2.6,0.3,0,0.9,8.1,0.6,6.9,865.7,1
52,47,14,5.3,1.4,0.5,0,0.5,5.3,2.9,4.8,523.3,1
52,52,20,8.1,1.4,0.5,0,1,8.1,1.4,7.6,855.2,1
52,53,36,17,4,1,0,0,17,0,16,1619,0
52,54,11,5,1.1,0.1,0.3,0.1,4.7,0.5,4,513.3,1
52,56,29,13.2,2.8,0.4,0.7,0.4,12.5,1.4,10.7,1353.2,1
52,57,103.5,50,22,3,16,9,34,13,16,4033,0
52,58,66,28,11,2,0,1,28,3,19,2432,0
52,59,26,10,1,0.3,0,1,10,0.6,9.6,1148.8,1
52,60,86,39,10,2,0,1,39,1,35,3886,0
52,61,61,23,4,2,0,1,23,3,22,2263,0
52,87,34,12,3,2,0,0,12,0,7,1178,0
52,88,23.5,9,1.8,0.9,0,0.5,9,0.9,8.6,1058.4,1
52,89,9,3.6,0.7,0.3,0,0.2,3.6,0.3,3.2,397.8,1
53,36,29,12,2,0,0,0,12,0,10,1100,0
53,37,2,1.1,0.3,0,0,0.1,1.1,0.1,0.9,115.4,1
53,47,3,1.1,0.3,0.1,0,0.1,1.1,0.6,1,112.1,1
53,48,7,2.7,0.7,0.2,0,0.2,2.7,1.4,2.4,261.7,1
53,49,9,3.6,0.6,0.2,0,0.4,3.6,0.6,3.4,384.9,1
53,50,11,4.5,0.8,0.3,0,0.5,4.5,0.8,4.2,470.4,1
53,52,2,0.8,0.1,0,0,0.1,0.8,0.1,0.8,85.5,1
53,53,24,11,1,0,0,3,11,1,10,907,0
53,54,11,5,1.1,0.1,0.3,0.1,4.7,0.5,4,513.3,1
53,55,5,2.3,0.5,0.1,0.1,0.1,2.2,0.2,1.8,233.3,1
53,56,71,32,12,2,5,6,27,5,17,3145,0
53,57,48,20,5,1,0,3,20,1,18,1766,0
53,58,42,20,7,1,0,0,20,2,16,1865,0
53,59,8,3.1,0.3,0.1,0,0.3,3.1,0.2,3,353.5,1
53,60,32,14,4,0,0,1,14,0,12,1435,0
53,61,21,8,0.8,0.3,0,0.8,8,0.5,7.8,927.9,1
53,88,30,12,2,1,0,0,12,0,12,1219,0
53,89,37,17,5,0,0,2,17,4,15,1562,0
53,90,42,23,9,0,0,1,23,1,17,2002,0
53,91,24,9.7,1.8,0.9,0,0.6,9.7,0.9,8.5,1060.8,1
53,92,30,11,1,0,0,1,11,1,11,1003,0
53,93,6,2.4,0.5,0.2,0,0.2,2.4,0.2,2.1,265.2,1
54,37,1,0.5,0.2,0,0,0.1,0.5,0,0.5,57.7,1
54,55,3,1.4,0.3,0,0.1,0,1.3,0.1,1.1,140,1
54,56,25.5,12,1,1,0,3,12,0,10,1082,0
54,57,6,2.7,0.6,0.1,0.1,0.1,2.6,0.3,2.2,280,1
54,58,2,0.9,0.2,0,0,0,0.9,0.1,0.7,93.3,1
54,88,1,0.4,0.1,0,0,0,0.4,0,0.4,45,1
54,89,61,25,9,3,0,2,25,4,22,2323,0
54,90,68,28,10,4,5,1,23,1,22,2654,0
54,91,38,14,3,1,0,2,14,2,14,1509,0
54,92,4,1.6,0.3,0.2,0,0.1,1.6,0.2,1.4,176.8,1
54,95,3,1.4,0.5,0,0,0,1.4,0,1.4,136.1,1
55,61,3,1.1,0.1,0,0,0.1,1.1,0.1,1.1,132.6,1
55,89,5,2,0.4,0.2,0,0.1,2,0.2,1.8,221,1
55,90,11,4.4,0.8,0.4,0,0.3,4.4,0.4,3.9,486.2,1
55,91,5,2,0.4,0.2,0,0.1,2,0.2,1.8,221,1
56,94,1,0.4,0.1,0,0.1,0,0.3,0,0.2,38.2,1
56,118,5,1.8,0.5,0.2,0,0.2,1.8,0.2,1.8,183.8,1
58,12,20,7.1,1.2,0.8,0,0.4,7.1,0,6.3,932.5,1
58,13,4,1.4,0.2,0.2,0,0.1,1.4,0,1.3,186.5,1
58,15,2,1,0.4,0,0,0.1,1,0.1,0.8,98,1
58,110,7,2.8,0.7,0.3,0,0.3,2.8,0.3,2.5,285.1,1
58,111,16,6.4,1.5,0.6,0,0.6,6.4,0.8,5.8,651.6,1
58,113,5,2,0.5,0.2,0,0.2,2,0.2,1.8,203.6,1
58,114,24,8.8,2.4,1.2,0,0.8,8.8,0.8,8.4,882.4,1
59,12,5,1.8,0.3,0.2,0,0.1,1.8,0,1.6,233.1,1
59,13,56,18,3,4,0,1,18,7,8,1837,0
59,14,11,5.4,2.3,0,0,0.8,5.4,0.5,4.6,539,1
59,15,18,8.8,3.8,0,0,1.3,8.8,0.8,7.5,882,1
59,88,4,1.6,0.4,0.1,0,0,1.6,0,1.6,176.1,1
59,89,4,1.6,0.4,0.1,0,0,1.6,0,1.6,176.1,1
59,101,4,1.6,0.4,0,0,0.1,1.6,0.1,1.6,166.6,1
59,103,6,2.5,0.6,0,0,0.2,2.5,0.2,2.5,249.8,1
59,104,5,2,0.3,0.1,0,0,2,0.3,2,214,1
59,111,26,10.3,2.5,0.9,0,0.9,10.3,1.3,9.4,1058.8,1
59,112,30,14,3,0,1,0,13,1,13,1553,0
59,113,17,6.8,1.6,0.6,0,0.6,6.8,0.8,6.1,692.3,1
59,114,12,4.4,1.2,0.6,0,0.4,4.4,0.4,4.2,441.2,1
60,12,11,3.9,0.6,0.4,0,0.2,3.9,0,3.5,512.9,1
60,13,11,3.9,0.6,0.4,0,0.2,3.9,0,3.5,512.9,1
60,14,6,2.9,1.3,0,0,0.4,2.9,0.3,2.5,294,1
60,15,38,13,3,4,0,0,13,1,6,1343,0
60,16,1,0.5,0.2,0,0,0.1,0.5,0,0.4,49,1
60,35,1,0.4,0.1,0.1,0,0,0.4,0.1,0.3,32.3,1
60,88,35,12,3,2,0,0,12,0,12,1305,0
60,89,19,7.6,1.9,0.6,0,0,7.6,0,7.6,836.6,1
60,90,3,1.2,0.3,0.1,0,0,1.2,0,1.2,132.1,1
60,101,8,3.3,0.8,0,0,0.2,3.3,0.2,3.3,333.1,1
60,102,21,8.6,2.2,0,0,0.5,8.6,0.5,8.6,874.5,1
60,103,25,11,2,0,0,2,11,4,10,1183,0
60,104,4,1.6,0.2,0.1,0,0,1.6,0.2,1.6,171.2,1
60,111,5,2,0.5,0.2,0,0.2,2,0.2,1.8,203.6,1
60,112,42,18,5,2,0,1,18,2,18,1821,0
60,113,7,2.8,0.7,0.3,0,0.3,2.8,0.3,2.5,285.1,1
61,33,4,2.3,0.9,0,0,0,2.3,0.3,1.7,195.1,1
61,34,27,10,2.6,1.5,0,0.4,10,2.2,8.9,871.4,1
61,35,28,10.4,2.7,1.5,0,0.4,10.4,2.3,9.2,903.7,1
61,50,13,5.8,1.3,0.2,0,0.4,5.8,0.2,5.1,605.7,1
61,51,9,4,0.9,0.1,0,0.3,4,0.1,3.5,419.3,1
61,87,8,3.2,0.6,0,0.2,0.2,3,0.2,2.7,281.1,1
61,88,43,16,3,2,1,2,15,0,14,1620,0
61,89,22,6.4,0.5,0.9,0,0.5,6.4,0.5,5,710,1
61,103,15,5.8,1,0.3,0.7,0.7,5.1,0.3,3.7,572.7,1
61,112,7,2.8,0.4,0.2,0,0,2.8,0.4,2.8,299.6,1
61,113,33,12,4,2,0,1,12,1,10,1460,0
61,114,3,1.1,0.3,0.2,0,0.1,1.1,0.1,1.1,110.3,1
62,32,3,1.7,0.7,0,0,0,1.7,0.2,1.3,146.3,1
62,33,23,13,5.4,0,0,0,13,1.5,10,1121.6,1
62,34,29,13,4,0,0,0,13,2,13,1318,0
62,35,6,2.2,0.6,0.3,0,0.1,2.2,0.5,2,193.6,1
62,50,14,6.3,1.4,0.2,0,0.4,6.3,0.2,5.5,652.3,1
62,51,14,6.3,1.4,0.2,0,0.4,6.3,0.2,5.5,652.3,1
62,72,4,1.5,0.2,0.1,0,0,1.5,0.2,1.3,169.3,1
62,87,5,2,0.4,0,0.1,0.1,1.9,0.1,1.7,175.7,1
62,88,25,9.9,2,0,0.7,0.7,9.2,0.7,8.6,878.3,1
62,89,26,7.6,0.5,1.1,0,0.5,7.6,0.5,6,839,1
62,113,19,7.6,1.1,0.5,0,0,7.6,1.1,7.6,813.2,1
62,114,16,5.9,1.6,0.8,0,0.5,5.9,0.5,5.6,588.3,1
63,34,11,4.1,1.1,0.6,0,0.2,4.1,0.9,3.6,355,1
63,46,2,0.8,0.2,0.1,0,0.1,0.8,0.1,0.6,66.1,1
63,47,14,5.4,1.6,0.4,0,0.8,5.4,0.8,4.5,462.8,1
63,48,8,3.1,0.9,0.2,0,0.5,3.1,0.5,2.6,264.5,1
63,49,8,3.6,0.8,0.1,0,0.2,3.6,0.1,3.1,372.8,1
63,50,11,4.9,1.1,0.2,0,0.3,4.9,0.2,4.3,512.5,1
63,103,2,0.8,0.1,0,0.1,0.1,0.7,0,0.5,76.4,1
64,46,4,1.5,0.5,0.1,0,0.2,1.5,0.2,1.3,132.2,1
64,47,36,20,8,0,0,2,20,3,12,1655,0
64,48,68,29,8,4,0,1,29,0,16,2623,0
64,49,36.5,12,2,2,0,0,12,2,10,1430,0
64,74,5,1.8,0.2,0.2,0,0,1.8,0.2,1.6,211.6,1
65,19,5,2.4,1,0,0,0.3,2.4,0.2,2.1,245,1
65,47,6,2.3,0.7,0.2,0,0.4,2.3,0.4,1.9,198.4,1
65,48,61.5,26,8,2,0,4,26,4,15,2595,0
65,49,71,32,11,2,0,4,32,8,21,2790,0
65,50,36,20,8,0,0,1,20,5,16,1917,0
65,74,2,0.7,0.1,0.1,0,0,0.7,0.1,0.6,84.6,1
66,19,27,9,1.4,1.6,0,0.3,9,0.5,7.4,1052.2,1
66,47,2,1,0.4,0,0,0.1,1,0.1,1,115,1
66,48,1,0.5,0.2,0,0,0.1,0.5,0,0.5,57.5,1
66,49,45,21,8,1,0,1,21,2,19,1844,0
66,50,49,19,3,1,0,2,19,3,17,1832,0
66,51,23,11.9,4.5,0,0,1.5,11.9,0.7,11.9,1322.9,1
66,80,23,8.4,1.2,0.8,0,0,8.4,1.2,7.5,973.3,1
66,121,1,0.4,0.1,0,0,0,0.4,0,0.3,44.9,1
66,122,7,2.9,0.7,0.1,0,0.1,2.9,0.2,2.2,314.5,1
67,18,8,3.8,0.9,0,0,0.5,3.8,0.7,3.1,416.5,1
67,19,39,16,4,1,0,0,16,2,15,1555,0
67,20,17,5.7,0.9,1,0,0.2,5.7,0.3,4.6,662.5,1
67,50,3,1.5,0.6,0,0,0.2,1.5,0.1,1.5,172.5,1
67,79,2,0.7,0.1,0.1,0,0,0.7,0.1,0.6,84.6,1
67,80,21,7.7,1,0.7,0,0,7.7,1,6.8,888.6,1
67,81,24,8.8,1.2,0.8,0,0,8.8,1.2,7.8,1015.6,1
67,82,7,2.6,0.4,0.2,0,0,2.6,0.4,2.3,296.2,1
67,120,3,1.2,0.3,0.1,0,0.1,1.2,0.1,0.9,134.8,1
67,121,19,7.9,1.9,0.4,0,0.4,7.9,0.6,6,853.6,1
67,122,19,7.9,1.9,0.4,0,0.4,7.9,0.6,6,853.6,1
68,4,6,2.4,0.3,0.1,0,0.1,2.4,0.2,1.8,253.7,1
68,5,8,3.2,0.5,0.2,0,0.2,3.2,0.3,2.4,338.3,1
68,18,11,5.2,1.3,0,0,0.6,5.2,1,4.2,572.6,1
68,19,41,15,4,3,0,2,15,2,11,1966,0
68,61,3,1.3,0.3,0.1,0,0,1.3,0.2,0.9,176.8,1
68,80,8,2.9,0.4,0.3,0,0,2.9,0.4,2.6,338.5,1
68,81,18,6.6,0.9,0.6,0,0,6.6,0.9,5.8,761.7,1
68,82,2,0.7,0.1,0.1,0,0,0.7,0.1,0.6,84.6,1
68,110,4,1.8,0.6,0,0.1,0.1,1.7,0.1,1.4,167.4,1
68,118,12,5,1.2,0.2,0,0.2,5,0.4,3.8,539.1,1
68,120,2,0.8,0.2,0,0,0,0.8,0.1,0.6,89.9,1
68,121,4,1.7,0.4,0.1,0,0.1,1.7,0.1,1.3,179.7,1
68,122,20,8.3,2,0.4,0,0.4,8.3,0.7,6.3,898.6,1
68,123,6,2.5,0.6,0.1,0,0.1,2.5,0.2,1.9,269.6,1
69,2,5,1.6,0.2,0.3,0,0,1.6,0.5,1.5,176.3,1
69,4,4,1.6,0.2,0.1,0,0.1,1.6,0.2,1.2,169.1,1
69,5,49,15,3,3,0,0,15,2,11,1542,0
69,6,5,2,0.3,0.1,0,0.1,2,0.2,1.5,211.4,1
69,18,4,1.9,0.5,0,0,0.2,1.9,0.4,1.5,208.2,1
69,19,27,9,1.4,1.6,0,0.3,9,0.5,7.4,1052.2,1
69,20,37.5,13,4,1,0,1,13,5,6,1422,0
69,61,16,6.8,1.6,0.5,0,0,6.8,0.8,4.9,942.9,1
69,62,26,11,2.6,0.9,0,0,11,1.3,7.9,1532.2,1
69,63,3,1.3,0.3,0.1,0,0,1.3,0.2,0.9,176.8,1
69,121,13,5.4,1.3,0.3,0,0.3,5.4,0.4,4.1,584.1,1
69,122,24,9.9,2.4,0.5,0,0.5,9.9,0.8,7.6,1078.3,1
69,123,12,5,1.2,0.2,0,0.2,5,0.4,3.8,539.1,1
70,2,6,2,0.3,0.4,0,0,2,0.6,1.8,211.5,1
70,3,2,0.7,0.1,0.1,0,0,0.7,0.2,0.6,70.5,1
70,4,2,0.8,0.1,0,0,0,0.8,0.1,0.6,84.6,1
70,5,14,5.5,0.8,0.3,0,0.3,5.5,0.5,4.2,592,1
70,6,14,5.5,0.8,0.3,0,0.3,5.5,0.5,4.2,592,1
70,19,28,9.3,1.4,1.7,0,0.3,9.3,0.6,7.6,1091.2,1
70,60,27,13,7,0,0,0,13,1,11,1351,0
70,61,22,12,5,0,0,2,12,1,7,1011,0
70,62,11,4.7,1.1,0.4,0,0,4.7,0.6,3.4,648.3,1
70,120,1,0.4,0.1,0,0,0,0.4,0,0.3,44.9,1
70,121,5,2.1,0.5,0.1,0,0.1,2.1,0.2,1.6,224.6,1
70,122,4,1.7,0.4,0.1,0,0.1,1.7,0.1,1.3,179.7,1
71,2,5,1.6,0.2,0.3,0,0,1.6,0.5,1.5,176.3,1
71,4,3,1.3,0.4,0,0,0.4,1.3,0.1,0.8,143,1
71,5,13,5.8,1.8,0,0,1.8,5.8,0.4,3.6,619.7,1
71,6,19,8.4,2.6,0,0,2.6,8.4,0.5,5.3,905.7,1
71,19,11,5.2,1.3,0,0,0.6,5.2,1,4.2,572.6,1
71,31,7,2.7,0.5,0.3,0,0.3,2.7,0.3,2.4,321.7,1
71,32,18,7,1.4,0.8,0,0.8,7,0.8,6.2,827.2,1
71,60,28,15,7,1,0,0,15,1,9,1069,0
71,61,2,1,0.4,0,0,0.1,1,0.1,0.9,90.6,1
71,115,1,0.4,0.1,0,0,0,0.4,0,0.3,45.9,1
72,6,1,0.4,0.1,0,0,0.1,0.4,0,0.3,47.7,1
72,32,4,1.6,0.3,0.2,0,0.2,1.6,0.2,1.4,183.8,1
72,33,9,3.5,0.7,0.4,0,0.4,3.5,0.4,3.1,413.6,1
72,59,3,1.5,0.6,0,0,0.1,1.5,0.1,1.3,135.9,1
72,60,18,9,3.3,0,0,0.5,9,0.5,8.1,815.7,1
72,106,11,5,1.7,0,0.3,0.2,4.7,0.3,3.9,460.5,1
72,107,8,3.6,1.2,0,0.2,0.1,3.4,0.2,2.9,334.9,1
72,108,10,4.6,1.5,0,0.3,0.1,4.3,0.3,3.6,418.6,1
72,115,3,1.1,0.3,0.1,0,0.1,1.1,0.1,0.9,137.7,1
72,116,24.5,8.9,2.4,1.2,0,0.6,8.9,1.2,7.7,1124.6,1
72,117,12,4.4,1.2,0.6,0,0.3,4.4,0.6,3.8,550.8,1
73,12,1,0.4,0.1,0,0,0,0.4,0.1,0.3,49.4,1
73,13,4,1.6,0.4,0.1,0,0.2,1.6,0.2,1.1,197.6,1
73,32,2,0.8,0.2,0.1,0,0.1,0.8,0.1,0.7,91.9,1
73,35,9,3.5,0.7,0.4,0,0.4,3.5,0.4,3.1,413.6,1
73,58,2,1,0.4,0,0,0.1,1,0.1,0.9,90.6,1
73,59,3,1.5,0.6,0,0,0.1,1.5,0.1,1.3,135.9,1
73,105,18,8.2,2.7,0,0.5,0.2,7.7,0.5,6.5,753.5,1
73,106,4,1.8,0.6,0,0.1,0.1,1.7,0.1,1.4,167.4,1
73,116,17,12,8,0,0,1,12,1,9,1350,0
73,117,12,4.4,1.2,0.6,0,0.3,4.4,0.6,3.8,550.8,1
74,10,15,6.2,1.5,0.3,0,0.6,6.2,0.9,4.2,741,1
74,11,9,3.7,0.9,0.2,0,0.4,3.7,0.5,2.5,444.6,1
74,12,15,6.2,1.5,0.3,0,0.6,6.2,0.9,4.2,741,1
74,13,14,5.7,1.4,0.2,0,0.6,5.7,0.8,3.9,691.6,1
74,14,5,1.7,0.1,0.1,0,0.1,1.7,0.1,1.4,205.7,1
74,15,13,4.5,0.4,0.4,0,0.4,4.5,0.4,3.7,534.9,1
74,16,4,1.4,0.1,0.1,0,0.1,1.4,0.1,1.1,164.6,1
74,35,15,5.9,1.2,0.7,0,0.7,5.9,0.7,5.2,689.3,1
74,58,3,1.5,0.6,0,0,0.1,1.5,0.1,1.3,135.9,1
74,104,12.5,5.7,1.9,0,0.3,0.2,5.4,0.3,4.5,523.3,1
74,105,5,2.3,0.8,0,0.2,0.1,2.1,0.1,1.8,209.3,1
74,116,20,7.3,1.9,1,0,0.5,7.3,1,6.3,918.1,1
74,117,46,19,4,1,0,2,19,0,17,2015,0
74,118,1,0.4,0.1,0,0,0,0.4,0,0.3,45.9,1
75,10,9,3.7,0.9,0.2,0,0.4,3.7,0.5,2.5,444.6,1
75,11,26,10.7,2.7,0.4,0,1.1,10.7,1.6,7.3,1284.4,1
75,12,24,9.8,2.5,0.4,0,1,9.8,1.4,6.8,1185.6,1
75,15,3,1,0.1,0.1,0,0.1,1,0.1,0.9,123.4,1
75,16,10,3.4,0.3,0.3,0,0.3,3.4,0.3,2.9,411.4,1
75,53,2,1,0.4,0,0,0.1,1,0.1,1,115,1
75,54,3,1.5,0.6,0,0,0.1,1.5,0.1,1.3,135.9,1
75,57,2,1,0.4,0,0,0.1,1,0.1,0.9,90.6,1
75,58,2,1,0.4,0,0,0.1,1,0.1,0.9,90.6,1
75,78,4,1.5,0.2,0.1,0,0,1.5,0.2,1.3,169.3,1
75,91,15,5.8,1,0.3,0.7,0.7,5.1,0.3,3.7,572.7,1
75,92,11,4.2,0.8,0.2,0.5,0.5,3.7,0.2,2.8,420,1
75,117,35,14,5,2,0,1,14,4,12,1775,0
75,118,9,3.3,0.9,0.4,0,0.2,3.3,0.4,2.8,413.1,1
76,11,25,8.3,0.8,2.3,0,0.8,8.3,0.8,8.3,1319.7,1
76,12,2,0.7,0.1,0.2,0,0.1,0.7,0.1,0.7,105.6,1
76,35,57,20,4,3,0,2,20,5,13,1967,0
76,36,45,15,3,3,0,1,15,2,11,1481,0
76,53,16,7.7,2.6,0.3,0,0.3,7.7,1.3,6.4,847,1
76,54,2,0.9,0.3,0.1,0,0.1,0.9,0,0.7,81.1,1
76,78,8,3.1,0.6,0.1,0,0.2,3.1,0.3,2.7,330.8,1
76,79,13,5,0.9,0.2,0,0.4,5,0.5,4.4,537.6,1
76,91,22,8.4,2.1,1,0,0.8,8.4,1.3,6.5,924.8,1
76,92,33,12,5,1,0,0,12,1,11,1416,0
76,93,3,1.1,0.3,0.1,0,0.1,1.1,0.2,0.9,126.1,1
76,117,4,1.7,0.3,0.1,0,0.1,1.7,0.2,1.6,182.6,1
76,118,13,5.4,1.1,0.2,0,0.4,5.4,0.7,5.2,593.3,1
77,35,6,2.6,0.6,0.1,0,0.2,2.6,0.3,2,256,1
77,50,2,1,0.3,0,0,0,1,0.2,0.8,105.9,1
77,51,18,8.6,2.9,0.4,0,0.4,8.6,1.4,7.2,952.9,1
77,52,8,3.8,1.3,0.2,0,0.2,3.8,0.6,3.2,423.5,1
77,55,2,0.9,0.3,0.1,0,0.1,0.9,0,0.7,81.1,1
77,76,7,2.7,0.5,0.1,0,0.2,2.7,0.3,2.4,289.5,1
77,77,20,7.7,1.5,0.3,0,0.6,7.7,0.8,6.7,827.1,1
77,78,32,12.4,2.3,0.5,0,0.9,12.4,1.3,10.8,1323.4,1
77,79,7,2.7,0.5,0.1,0,0.2,2.7,0.3,2.4,289.5,1
77,91,5,1.9,0.5,0.2,0,0.2,1.9,0.3,1.5,210.2,1
77,92,55,20,2,1,1,3,19,3,17,2291,0
77,93,19,7.2,1.8,0.9,0,0.7,7.2,1.1,5.6,798.7,1
78,50,2,1,0.3,0,0,0,1,0.2,0.8,105.9,1
78,75,3,1.2,0.2,0.1,0,0.1,1.2,0.1,1,124.1,1
78,76,10,3.9,0.7,0.2,0,0.3,3.9,0.4,3.4,413.6,1
78,77,24,9.3,1.7,0.4,0,0.7,9.3,0.9,8.1,992.5,1
78,78,16.5,6.4,1.2,0.3,0,0.5,6.4,0.6,5.5,682.4,1
78,79,4,1.5,0.3,0.1,0,0.1,1.5,0.2,1.3,165.4,1
78,91,7,2.7,0.7,0.3,0,0.3,2.7,0.4,2.1,294.3,1
78,92,33,12.6,3.1,1.6,0,1.3,12.6,1.9,9.7,1387.3,1
78,93,12,4.6,1.1,0.6,0,0.5,4.6,0.7,3.5,504.5,1
78,126,5,2.6,1.2,0.2,0,0,2.6,0.5,2.1,241.6,1
79,25,4,1.3,0.2,0.2,0,0,1.3,0.3,1.2,162.5,1
79,36,7,3.1,0.7,0.1,0,0.2,3.1,0.4,2.3,298.6,1
79,37,18,7.9,1.9,0.2,0,0.6,7.9,0.9,6,767.9,1
79,38,18.5,8.1,1.9,0.2,0,0.6,8.1,1,6.2,789.2,1
79,39,11,4.8,1.2,0.1,0,0.3,4.8,0.6,3.7,469.3,1
79,58,2,0.9,0.3,0.1,0,0.1,0.9,0,0.7,81.1,1
79,62,8,3.7,1.1,0.5,0,0.5,3.7,0,2.7,324.5,1
79,63,13,6.1,1.7,0.9,0,0.9,6.1,0,4.3,527.4,1
79,64,3,1.5,0.5,0,0,0.1,1.5,0.2,1.4,176.8,1
79,65,1,0.5,0.2,0,0,0,0.5,0.1,0.5,58.9,1
79,66,1,0.5,0.2,0,0,0,0.5,0.1,0.5,58.9,1
79,75,3,1.2,0.2,0.1,0,0.1,1.2,0.1,1,124.1,1
79,76,12,4.6,0.9,0.2,0,0.3,4.6,0.5,4,496.3,1
79,77,15,5.8,1.1,0.3,0,0.4,5.8,0.6,5,620.3,1
79,79,4,1.5,0.3,0.1,0,0.1,1.5,0.2,1.3,165.4,1
80,24,8,2.7,0.4,0.4,0,0,2.7,0.6,2.5,324.9,1
80,25,26,8.7,1.3,1.3,0,0,8.7,2,8,1056,1
80,34,9,4,0.9,0.1,0,0.3,4,0.5,3,383.9,1
80,35,19,8.4,2,0.2,0,0.6,8.4,1,6.4,810.5,1
80,36,55,21,7,5,0,1,21,5,13,1897,0
80,37,61,24,5,2,0,5,24,5,15,2074,0
80,38,35,12,4,2,0,1,12,1,12,1476,0
80,39,4,1.8,0.4,0,0,0.1,1.8,0.2,1.3,170.6,1
80,126,2,1,0.5,0.1,0,0,1,0.2,0.8,96.6,1
80,127,22,11.4,5.3,0.8,0,0,11.4,2.3,9.1,1062.8,1
81,21,4,1.6,0.3,0,0,0.5,1.6,0.1,0.5,195,1
81,22,13,5.3,1.1,0,0,1.8,5.3,0.4,1.8,633.6,1
81,23,19.5,8,1.6,0,0,2.7,8,0.5,2.7,950.4,1
81,24,22,9.1,3,1.5,0,1.5,9.1,1.5,6.1,994.6,1
81,25,7,2.9,1,0.5,0,0.5,2.9,0.5,1.9,316.4,1
81,34,20,6.8,1.8,1.2,0,0.4,6.8,1.3,5.6,752.9,1
81,35,46,20,7,2,0,0,20,2,17,2043,0
81,36,52,14,2,3,0,1,14,3,8,1367,0
81,37,23,12,4,0,0,0,12,2,11,1249,0
81,38,21,7.2,1.9,1.2,0,0.5,7.2,1.4,5.9,790.5,1
81,39,3,1.3,0.3,0,0,0.1,1.3,0.2,1,128,1
81,91,2,0.8,0.2,0.1,0,0.1,0.8,0.1,0.6,84.1,1
81,109,5,2.1,0.4,0.1,0,0.2,2.1,0.3,2,228.2,1
81,127,39,15,5,1,1,0,14,5,12,1652,0
82,0,2,1,0.4,0,0,0.1,1,0.3,0.8,96.6,1
82,17,3,1.1,0.1,0.1,0.1,0.1,1,0.1,0.8,111.7,1
82,18,17,6.5,0.8,0.6,0.8,0.6,5.7,0.8,4.4,632.9,1
82,35,37,12.6,3.3,2.2,0,0.8,12.6,2.5,10.4,1392.8,1
82,36,27.5,12,2,1,0,1,12,2,12,1452,0
82,37,15,5.1,1.3,0.9,0,0.3,5.1,1,4.2,564.7,1
82,91,2,0.8,0.2,0.1,0,0.1,0.8,0.1,0.6,84.1,1
82,127,2,0.8,0.1,0.1,0,0,0.8,0.1,0.8,68.9,1
83,0,8,4.1,1.4,0,0,0.4,4.1,1.2,3,386.3,1
83,8,6,2,0.2,0.5,0,0.2,2,0.2,2,316.7,1
83,9,3,1.4,0.3,0,0,0.1,1.4,0.1,0.9,157.1,1
83,10,19,8.8,1.8,0,0,0.7,8.8,0.7,5.6,994.7,1
83,11,17,7.9,1.6,0,0,0.6,7.9,0.6,5,890,1
83,12,3,1.4,0.3,0,0,0.1,1.4,0.1,0.9,157.1,1
83,18,31,11.8,1.5,1.2,1.5,1.2,10.3,1.5,8,1154.1,1
83,33,1,0.3,0.1,0.1,0,0,0.3,0.1,0.3,40.6,1
83,36,22,7.5,2,1.3,0,0.5,7.5,1.5,6.2,828.2,1
83,37,26,11,3,1,0,1,11,1,9,967,0
83,69,3,1.5,0.5,0,0,0.1,1.5,0.2,1.4,176.8,1
84,11,12,5.6,1.1,0,0,0.4,5.6,0.4,3.6,628.2,1
84,18,23,8.8,1.1,0.9,1.1,0.9,7.7,1.1,5.9,856.3,1
84,36,3,1,0.3,0.2,0,0.1,1,0.2,0.8,112.9,1
84,37,16,5.5,1.4,0.9,0,0.4,5.5,1.1,4.5,602.3,1
84,69,2,1,0.4,0,0,0,1,0.1,0.9,117.9,1
85,17,5,1.9,0.2,0.2,0.2,0.2,1.7,0.2,1.3,186.1,1
85,18,26,9.9,1.2,1,1.2,1,8.7,1.2,6.7,967.9,1
85,37,51,16,5,3,0,0,16,2,9,1520,0
85,38,1,0.3,0.1,0.1,0,0,0.3,0.1,0.3,37.6,1
85,50,4,1.9,0.6,0.1,0,0.1,1.9,0.3,1.6,211.8,1
85,57,2,0.9,0.3,0.1,0,0.1,0.9,0,0.7,81.1,1
85,58,1,0.5,0.1,0.1,0,0.1,0.5,0,0.3,40.6,1
85,69,2,1,0.4,0,0,0,1,0.1,0.9,117.9,1
85,100,3,1.1,0.2,0.1,0,0,1.1,0.3,0.9,127,1
85,101,3,1.1,0.2,0.1,0,0,1.1,0.3,0.9,127,1
85,102,15,5.5,0.9,0.5,0,0,5.5,1.4,4.5,635,1
86,17,41,12,0,4,0,1,12,1,2,1237,0
86,18,14,6.1,1.1,0.3,0.3,0.3,5.8,0.8,4.2,590.1,1
86,37,15,5,1,0.8,0,0.6,5,1.2,2.7,463.7,1
86,38,1,0.3,0.1,0.1,0,0,0.3,0.1,0.2,30.9,1
86,52,13,6.1,2,0,0,0,6.1,0.9,5.8,580.7,1
86,53,4,1.9,0.6,0,0,0,1.9,0.3,1.8,178.7,1
86,57,6,2.3,0.4,0.2,0,0.3,2.3,0.3,1.9,262.7,1
86,58,4,1.5,0.3,0.1,0,0.2,1.5,0.2,1.3,175.1,1
86,68,8,3.2,0.7,0.3,0,0.2,3.2,0.5,2.5,360.6,1
86,100,30,11,2.9,1.2,0,0.4,11,1,9,1143.7,1
86,101,28,13,5,0,0,0,13,1,12,1443,0
86,102,46,18,5,1,0,0,18,2,13,1787,0
86,103,14,5.1,1.3,0.5,0,0.2,5.1,0.4,4.2,533.7,1
86,122,2,0.9,0.2,0,0,0,0.9,0,0.8,95.1,1
87,16,2,0.9,0.2,0,0.1,0,0.8,0.1,0.6,84.3,1
87,17,60,21,1,2,0,1,21,2,16,2084,0
87,18,7,3,0.5,0.1,0.1,0.1,2.9,0.4,2.1,295.1,1
87,52,6,2.8,0.9,0,0,0,2.8,0.4,2.7,268,1
87,53,13,6.1,2,0,0,0,6.1,0.9,5.8,580.7,1
87,54,20,7.6,1.5,0.6,0,1.1,7.6,0.8,6.3,875.6,1
87,55,25,9.5,1.8,0.8,0,1.3,9.5,1.1,7.9,1094.5,1
87,56,18,6.8,1.3,0.6,0,0.9,6.8,0.8,5.7,788,1
87,57,3,1.1,0.2,0.1,0,0.2,1.1,0.1,0.9,131.3,1
87,67,2,0.8,0.2,0.1,0,0.1,0.8,0.1,0.6,90.2,1
87,68,24,9.6,2.1,0.9,0,0.7,9.6,1.6,7.5,1081.9,1
87,69,3,1.2,0.3,0.1,0,0.1,1.2,0.2,0.9,135.2,1
87,101,14,5.1,1.3,0.5,0,0.2,5.1,0.4,4.2,533.7,1
87,102,28,12,3,1,0,3,12,1,8,1035,0
87,103,14,5.1,1.3,0.5,0,0.2,5.1,0.4,4.2,533.7,1
87,104,5,2.1,0.4,0.1,0,0.2,2.1,0.3,2,228.2,1
87,123,2,0.9,0.2,0,0,0,0.9,0,0.8,95.1,1
87,124,4,1.7,0.3,0,0,0.2,1.7,0,1.7,211.3,1
88,17,15,6.5,1.1,0.3,0.3,0.3,6.2,0.8,4.5,632.3,1
88,18,15,6.5,1.1,0.3,0.3,0.3,6.2,0.8,4.5,632.3,1
88,53,9,4.2,1.4,0,0,0,4.2,0.6,4,402,1
88,54,2,0.8,0.1,0.1,0,0.1,0.8,0.1,0.6,87.6,1
88,55,23,11,3,0,0,0,11,2,7,846,0
88,56,6,2.3,0.4,0.2,0,0.3,2.3,0.3,1.9,262.7,1
88,57,7,2.7,0.5,0.2,0,0.4,2.7,0.3,2.2,306.5,1
88,58,4,1.5,0.3,0.1,0,0.2,1.5,0.2,1.3,175.1,1
88,65,1,0.4,0.1,0,0,0,0.4,0.1,0.3,45.1,1
88,66,14,5.6,1.2,0.5,0,0.4,5.6,1,4.4,631.1,1
88,67,16,6.4,1.4,0.6,0,0.5,6.4,1.1,5,721.3,1
88,68,51,14,1,3,1,1,13,1,12,1606,0
88,69,5,2,0.4,0.2,0,0.1,2,0.3,1.6,225.4,1
88,100,5,1.8,0.5,0.2,0,0.1,1.8,0.2,1.5,190.6,1
88,101,28,10.2,2.7,1.1,0,0.4,10.2,0.9,8.4,1067.4,1
88,102,5,1.8,0.5,0.2,0,0.1,1.8,0.2,1.5,190.6,1
89,4,4,1.3,0.3,0.2,0,0.1,1.3,0.2,0.9,133.5,1
89,29,36,15,3,0,0,7,15,6,1,1127,0
89,30,7,2.6,0.2,0.2,0,0,2.6,0,1.3,252.9,1
89,65,19,7.6,1.7,0.7,0,0.6,7.6,1.3,6,856.5,1
89,66,1,0.4,0.1,0,0,0,0.4,0.1,0.3,45.1,1
89,67,9,3.6,0.8,0.4,0,0.3,3.6,0.6,2.8,405.7,1
89,81,13,6.6,2.4,0,0,0.2,6.6,0.9,6.1,766.1,1
89,82,7,3.6,1.3,0,0,0.1,3.6,0.5,3.3,412.5,1
89,99,16,5.8,1.5,0.6,0,0.2,5.8,0.5,4.8,609.9,1
89,100,13,4.8,1.2,0.5,0,0.2,4.8,0.4,3.9,495.6,1
89,101,4,1.5,0.4,0.2,0,0.1,1.5,0.1,1.2,152.5,1
90,3,5,2.1,0.8,0.3,0,0.1,2.1,0.4,1.4,211.7,1
90,28,10,3.8,1,0.8,0,0.2,3.8,0.4,2.9,374.2,1
90,29,25,9.4,0.8,0.8,0,0,9.4,0,4.7,903.1,1
90,30,32,14,3,1,0,0,14,0,11,1437,0
90,80,10,5.1,1.8,0,0,0.2,5.1,0.7,4.7,589.3,1
90,81,6,3.1,1.1,0,0,0.1,3.1,0.4,2.8,353.6,1
90,82,30,14,3,0,1,2,13,3,12,1114,0
90,83,7,3.6,1.3,0,0,0.1,3.6,0.5,3.3,412.5,1
90,99,13,4.8,1.2,0.5,0,0.2,4.8,0.4,3.9,495.6,1
91,27,2,0.8,0.2,0.2,0,0,0.8,0.1,0.6,74.8,1
91,28,33,14,6,2,0,1,14,4,10,1286,0
91,29,56,20,5,4,0,1,20,6,15,2293,0
91,30,24,10,2.7,0.9,0,1.8,10,2.3,5,937.4,1
92,11,12,4,0.9,0.7,0,0.3,4,0.7,2.6,400.5,1
92,12,4,1.3,0.3,0.2,0,0.1,1.3,0.2,0.9,133.5,1
92,27,14,5.4,1.3,1.1,0,0.3,5.4,0.5,4,523.9,1
92,28,26,10,2.5,2,0,0.5,10,1,7.5,973,1
92,29,15,6.2,1.7,0.6,0,1.1,6.2,1.4,3.1,585.8,1
92,96,4,1.6,0.4,0.2,0,0.2,1.6,0.1,1.3,166.3,1
92,97,3,1.2,0.3,0.1,0,0.1,1.2,0.1,1,124.7,1
93,11,21,11,6,0,0,1,11,2,6,1105,0
93,29,14,5.8,1.6,0.5,0,1.1,5.8,1.3,2.9,546.8,1
93,44,20,6.7,1.2,0.6,0,0.6,6.7,0.6,5.5,863.6,1
93,60,5,1.9,0.2,0.2,0,0.2,1.9,0.2,1.6,218.1,1
93,94,15,6,1.4,0.7,0,0.6,6,0.5,5,623.6,1
93,95,20,7.9,1.8,0.9,0,0.8,7.9,0.6,6.7,831.5,1
93,96,11,4.4,1,0.5,0,0.4,4.4,0.3,3.7,457.3,1
93,111,2,0.8,0.2,0,0,0.1,0.8,0.1,0.8,91.3,1
93,112,17,7,1.5,0.3,0,0.6,7,0.9,6.7,775.8,1
93,113,2,0.8,0.2,0,0,0.1,0.8,0.1,0.8,91.3,1
93,114,6,2.6,0.6,0.1,0,0.1,2.6,0.1,2.3,285.2,1
93,115,17,7.5,1.8,0.3,0,0.3,7.5,0.3,6.6,807.9,1
94,10,6,2,0.4,0.4,0,0.1,2,0.4,1.3,200.3,1
94,11,31,11,0,0,0,0,11,0,8,1304,0
94,12,7,2.3,0.5,0.4,0,0.2,2.3,0.4,1.5,233.6,1
94,42,16,5.3,1.1,0.9,0,0.7,5.3,1.3,2.9,494.6,1
94,43,50,17,2,2,0,3,17,5,10,1796,0
94,44,11,3.7,0.7,0.3,0,0.3,3.7,0.3,3,475,1
94,55,3,1.1,0.1,0.1,0,0.1,1.1,0.1,0.9,130.9,1
94,60,2,0.8,0.1,0.1,0,0.1,0.8,0.1,0.6,87.2,1
94,61,9,3.4,0.3,0.3,0,0.3,3.4,0.3,2.8,392.6,1
94,93,5,1.8,0.3,0.2,0,0,1.8,0.5,1.5,211.7,1
94,94,20,7.9,1.8,0.9,0,0.8,7.9,0.6,6.7,831.5,1
94,95,20,7.9,1.8,0.9,0,0.8,7.9,0.6,6.7,831.5,1
94,96,12,4.8,1.1,0.5,0,0.5,4.8,0.4,4,498.9,1
94,112,8,3.3,0.7,0.1,0,0.3,3.3,0.4,3.2,365.1,1
94,113,39,11,1,3,1,0,10,2,10,1589,0
94,114,35,16,5,1,0,2,16,2,14,1772,0
94,115,30,12,4,0,0,0,12,1,11,1463,0
94,116,2,0.9,0.2,0,0,0,0.9,0,0.8,95.1,1
95,9,3,1,0.2,0.2,0,0.1,1,0.2,0.7,100.1,1
95,10,26,8.6,1.9,1.6,0,0.6,8.6,1.6,5.7,867.8,1
95,11,30,12,2,1,0,1,12,0,9,1476,0
95,12,20,6.6,1.5,1.2,0,0.5,6.6,1.2,4.4,667.6,1
95,42,40.5,13.4,2.8,2.2,0,1.7,13.4,3.4,7.3,1251.9,1
95,43,48,20,6,3,0,3,20,3,18,2239,0
95,44,2,0.7,0.1,0.1,0,0.1,0.7,0.1,0.5,86.4,1
95,61,37,17,5,1,0,2,17,2,14,1691,0
95,62,10,3.8,0.3,0.3,0,0.3,3.8,0.3,3.1,436.2,1
95,93,7,2.5,0.4,0.2,0,0,2.5,0.6,2.1,296.3,1
95,94,17,6.7,1.6,0.8,0,0.6,6.7,0.5,5.7,706.7,1
95,95,9,3.6,0.8,0.4,0,0.3,3.6,0.3,3,374.2,1
95,113,2,0.8,0.2,0,0,0.1,0.8,0.1,0.8,91.3,1
95,114,18,7.9,1.9,0.3,0,0.3,7.9,0.3,6.9,855.5,1
95,115,10,4.4,1.1,0.2,0,0.2,4.4,0.2,3.9,475.3,1
96,11,6,1.9,0.6,0.5,0,0.1,1.9,0.1,1.8,213.3,1
96,20,4,1.6,0.3,0.1,0,0.2,1.6,0.2,1.3,187.4,1
96,21,6,2.5,0.4,0.2,0,0.3,2.5,0.3,2,281.1,1
96,43,7,2.9,0.8,0.1,0,0.3,2.9,0.1,2.7,279.1,1
96,47,5,2.2,0.6,0.2,0,0.3,2.2,0.3,1.7,234.7,1
96,58,5,1.8,0.3,0.2,0,0.1,1.8,0.4,1.4,200.2,1
96,61,22,9.5,2.6,0.7,0,1.5,9.5,1.5,7.3,1032.5,1
96,62,2,0.9,0.2,0.1,0,0.1,0.9,0.1,0.7,93.9,1
96,99,16,8.2,3.9,0.3,0,0,8.2,1.5,6.9,822.6,1
96,100,8,4.1,2,0.2,0,0,4.1,0.8,3.5,411.3,1
96,101,3,1.5,0.7,0.1,0,0,1.5,0.3,1.3,154.2,1
97,19,4,1.6,0.3,0.1,0,0.2,1.6,0.2,1.3,187.4,1
97,20,39,15,1,0,0,2,15,2,13,1606,0
97,21,30,15,5,1,0,1,15,0,10,1724,0
97,22,14,5.7,1,0.5,0,0.6,5.7,0.6,4.6,655.9,1
97,56,1,0.4,0.1,0,0,0,0.4,0.1,0.3,40,1
97,57,20.5,7.3,1.2,1,0,0.4,7.3,1.6,5.9,820.8,1
97,58,2,0.7,0.1,0.1,0,0,0.7,0.2,0.6,80.1,1
97,59,3,1.3,0.4,0.1,0,0.2,1.3,0.2,1,140.8,1
97,61,23,11,3,1,0,1,11,1,10,1006,0
97,98,9,2.9,0.5,0.3,0,0.3,2.9,0.3,2.6,344.6,1
97,99,19,9.7,4.7,0.4,0,0,9.7,1.8,8.2,976.9,1
97,100,7,3.6,1.7,0.1,0,0,3.6,0.7,3,359.9,1
98,3,1,0.3,0.1,0.1,0,0.1,0.3,0.1,0.2,32.4,1
98,4,12,3.9,1.2,1,0,0.2,3.9,0.2,3.5,426.6,1
98,20,21,8.6,1.4,0.7,0,1,8.6,1,6.9,983.9,1
98,21,15,6.1,1,0.5,0,0.7,6.1,0.7,4.9,702.8,1
98,22,17,7,1.2,0.6,0,0.8,7,0.8,5.6,796.5,1
98,23,2,0.8,0.1,0.1,0,0.1,0.8,0.1,0.7,93.7,1
98,56,13,4.7,0.8,0.6,0,0.3,4.7,1,3.8,520.5,1
98,57,47,18,5,1,1,1,17,2,15,2092,0
98,58,26,9.3,1.6,1.3,0,0.5,9.3,2.1,7.5,1041,1
98,59,3,1.3,0.4,0.1,0,0.2,1.3,0.2,1,140.8,1
98,60,3,1.3,0.4,0.1,0,0.2,1.3,0.2,1,140.8,1
98,61,3,1.3,0.4,0.1,0,0.2,1.3,0.2,1,140.8,1
98,79,10,4,0.9,0.4,0,0.3,4,1,2.8,380.1,1
98,80,5,2,0.4,0.2,0,0.1,2,0.5,1.4,190.1,1
99,3,54,16.4,4.8,5.8,0,2.9,16.4,6.8,9.6,1749.2,1
99,4,10,3.2,1,0.8,0,0.1,3.2,0.1,2.9,355.5,1
99,20,5,2,0.3,0.2,0,0.2,2,0.2,1.6,234.3,1
99,57,26,9.3,1.6,1.3,0,0.5,9.3,2.1,7.5,1041,1
99,58,7,2.5,0.4,0.3,0,0.1,2.5,0.6,2,280.3,1
99,59,1,0.4,0.1,0,0,0.1,0.4,0.1,0.3,46.9,1
99,77,1,0.5,0.2,0,0,0,0.5,0,0.4,61.4,1
99,78,15,7.2,2.4,0,0,0.6,7.2,0,6.6,921.6,1
99,79,17.5,11,6,0,0,0,11,0,7,1241,0
99,80,14,5.6,1.3,0.6,0,0.4,5.6,1.5,4,532.2,1
100,2,1,0.3,0.1,0.1,0,0.1,0.3,0.1,0.2,32.4,1
100,60,5,2.2,0.6,0.2,0,0.3,2.2,0.3,1.7,234.7,1
100,79,18,7.3,1.6,0.8,0,0.5,7.3,1.9,5.1,684.3,1
100,80,20,11,3,0,0,0,11,1,7,1290,0
100,81,16,6.4,1.4,0.7,0,0.5,6.4,1.7,4.5,608.2,1
100,82,4,1.6,0.4,0.2,0,0.1,1.6,0.4,1.1,152.1,1
101,1,3,1.3,0.3,0.1,0,0.2,1.3,0.3,0.7,114.4,1
101,2,5,2.1,0.5,0.2,0,0.3,2.1,0.5,1.2,190.7,1
101,3,7,2.9,0.8,0.3,0,0.4,2.9,0.6,1.7,267,1
101,36,2,0.8,0.2,0.1,0,0.1,0.8,0.1,0.7,81.8,1
101,37,5,2.1,0.5,0.2,0,0.2,2.1,0.3,1.8,204.5,1
101,38,23,9.5,2.2,0.9,0,0.9,9.5,1.6,8.5,940.8,1
101,79,2,0.8,0.2,0,0,0.1,0.8,0.1,0.8,88.4,1
101,80,22,9.1,1.7,0,0,0.8,9.1,1.2,8.7,972.2,1
101,81,19,11,4,0,0,2,11,0,9,1358,0
101,82,4,1.7,0.3,0,0,0.2,1.7,0.2,1.6,176.8,1
101,118,13,5.6,2.2,0.7,0,0.4,5.6,1.1,5.6,668.9,1
101,119,5,2,0.4,0,0,0.2,2,0,1.5,230.7,1
102,1,7,2.9,0.8,0.3,0,0.4,2.9,0.6,1.7,267,1
102,2,15,6.3,1.6,0.5,0,0.8,6.3,1.4,3.5,572.2,1
102,3,2,0.8,0.2,0.1,0,0.1,0.8,0.2,0.5,76.3,1
102,35,5,2.1,0.5,0.2,0,0.2,2.1,0.3,1.8,204.5,1
102,36,22,9,2.1,0.9,0,0.9,9,1.5,8.1,899.9,1
102,37,38,14,2,1,0,1,14,2,11,2197,0
102,38,59,21,5,1,1,3,20,0,15,1927,0
102,39,30,11,3,2,0,0,11,1,11,1163,0
102,40,37,19,8,0,0,1,19,4,15,1731,0
102,41,23,9.6,2.5,0.4,0,0.8,9.6,0.4,8.8,917.1,1
102,60,3,1.3,0.4,0.1,0,0.2,1.3,0.2,1,140.8,1
102,81,7,2.9,0.5,0,0,0.3,2.9,0.4,2.8,309.3,1
102,82,18,7.5,1.4,0,0,0.7,7.5,1,7.1,795.4,1
102,88,4,1.3,0.2,0.1,0,0.1,1.3,0.1,1.2,153.2,1
102,118,20,8.6,3.4,1.1,0,0.6,8.6,1.7,8.6,1029.1,1
102,119,41,14,1,2,0,1,14,2,14,1665,0
102,120,3,1.2,0.2,0,0,0.1,1.2,0,0.9,138.4,1
103,1,3,1.3,0.3,0.1,0,0.2,1.3,0.3,0.7,114.4,1
103,2,12,5,1.3,0.4,0,0.7,5,1.1,2.8,457.7,1
103,35,1,0.4,0.1,0,0,0,0.4,0.1,0.4,40.9,1
103,36,15,6.2,1.4,0.6,0,0.6,6.2,1,5.5,613.6,1
103,39,3,1.3,0.3,0.1,0,0.1,1.3,0.1,1.1,119.6,1
103,40,10,4.2,1.1,0.2,0,0.4,4.2,0.2,3.8,398.7,1
103,41,11,4.6,1.2,0.2,0,0.4,4.6,0.2,4.2,438.6,1
103,42,1,0.4,0.1,0,0,0,0.4,0,0.4,39.9,1
103,118,2,0.9,0.3,0.1,0,0.1,0.9,0.2,0.9,102.9,1
103,119,15,6.1,1.1,0,0,0.6,6.1,0,4.4,692.2,1
103,120,4,1.6,0.3,0,0,0.1,1.6,0,1.2,184.6,1
104,1,1,0.4,0.1,0,0,0.1,0.4,0.1,0.2,38.1,1
104,55,7,3,0.8,0.2,0,0.5,3,0.5,2.3,328.5,1
104,56,1,0.4,0.1,0,0,0.1,0.4,0.1,0.3,46.9,1
105,91,6,1.9,0.4,0.2,0,0.2,1.9,0.2,1.8,229.8,1
105,92,15,4.9,0.9,0.4,0,0.4,4.9,0.4,4.4,574.4,1
106,1,3,1.1,0.2,0.1,0.1,0.1,1,0.1,0.9,108.3,1
106,12,3,1.3,0.4,0.2,0.1,0.1,1.2,0.1,0.7,115.4,1
106,13,13,5.5,1.7,1,0.4,0.3,5.1,0.3,3.1,500.2,1
106,89,21,8.5,2.5,0.7,0.9,0.5,7.6,0.9,6.9,878.5,1
106,90,48,25,15,2,0,1,25,3,4,1660,0
106,91,70,32,11,1,0,1,32,8,23,2840,0
106,92,56.5,21,3,1,0,1,21,6,17,1785,0
106,93,1,0.4,0.1,0,0,0,0.4,0,0.3,41.8,1
107,0,11,3.9,0.6,0.3,0.2,0.3,3.7,0.3,3.2,397.3,1
107,1,25,8.9,1.4,0.8,0.4,0.6,8.5,0.8,7.2,902.9,1
107,2,14,5,0.8,0.4,0.2,0.3,4.8,0.4,4,505.6,1
107,13,18,7.6,2.4,1.4,0.5,0.5,7.1,0.5,4.3,692.5,1
107,14,7,2.3,0.2,0.3,0,0.3,2.3,0.6,1.7,234.9,1
107,89,28,11,1,1,0,1,11,1,11,1267,0
107,90,56,25,9,3,0,3,25,2,16,2325,0
107,91,59,26,10,2,0,2,26,4,16,2246,0
107,92,33,19,10,0,0,2,19,2,17,1823,0
107,93,4,1.6,0.5,0.1,0.2,0.1,1.4,0.2,1.3,167.3,1
107,110,9,3,0.4,0.5,0,0.3,3,0.3,2.4,398.1,1
108,0,35,12.5,1.9,1.1,0.6,0.8,11.9,1.1,10,1264.1,1
108,1,19,6.8,1,0.6,0.3,0.4,6.5,0.6,5.4,686.2,1
108,3,4,1.4,0.2,0.1,0,0.1,1.4,0.1,1.1,144.5,1
108,79,7,3.4,1.1,0,0,0.3,3.4,0,3.1,430.1,1
108,80,2,1,0.3,0,0,0.1,1,0,0.9,122.9,1
108,88,2,0.8,0.2,0.1,0.1,0,0.7,0.1,0.7,83.7,1
108,89,34,12,2,2,0,2,12,1,11,1141,0
108,90,33,15,4,1,0,0,15,3,15,1578,0
108,91,31,14,2,1,0,2,14,2,12,1842,0
108,108,14,6.4,1.3,0,0,0.8,6.4,0.8,6.4,697.9,1
108,109,32,10.8,1.5,1.9,0,1.2,10.8,1.2,8.5,1415.3,1
108,110,20,6.7,1,1.2,0,0.7,6.7,0.7,5.3,884.6,1
109,59,18,6.4,1.9,1.7,0,0.6,6.4,0.6,3.3,561,1
109,60,7,2.5,0.8,0.6,0,0.2,2.5,0.2,1.3,218.2,1
109,89,40.5,18,8,2,1,3,17,2,14,1524,0
109,90,44,24,10,1,0,3,24,2,22,2539,0
109,91,18,7.3,2.2,0.6,0.8,0.4,6.5,0.8,5.9,753,1
109,92,13,5.3,1.6,0.4,0.6,0.3,4.7,0.6,4.3,543.9,1
109,106,1,0.5,0.1,0,0,0.1,0.5,0.1,0.5,49.8,1
109,107,10,4.5,0.9,0,0,0.6,4.5,0.6,4.5,498.5,1
109,108,29,12,3,1,0,2,12,1,10,1352,0
109,109,33,13,2,0,0,0,13,1,9,1206,0
109,110,12,4,0.6,0.7,0,0.4,4,0.4,3.2,530.7,1
110,13,4,1.7,0.5,0.3,0.1,0.1,1.6,0.1,0.9,153.9,1
110,14,10,3.3,0.2,0.4,0,0.4,3.3,0.9,2.4,335.5,1
110,26,5,2,0.4,0.1,0,0.4,2,0.3,1.7,200.5,1
110,27,39,15.3,2.8,0.7,0,2.8,15.3,2.1,13.2,1564.2,1
110,28,4,1.6,0.3,0.1,0,0.3,1.6,0.2,1.4,160.4,1
110,60,38,13.4,4.1,3.5,0,1.2,13.4,1.2,7,1184.4,1
110,61,2,0.7,0.2,0.2,0,0.1,0.7,0.1,0.4,62.3,1
110,89,31,11,3,3,0,2,11,2,6,813,0
110,90,82,32,7,2,7,4,25,12,13,2658,0
110,91,19,7.7,2.3,0.6,0.8,0.4,6.9,0.8,6.3,794.9,1
110,92,3,1.2,0.4,0.1,0.1,0.1,1.1,0.1,1,125.5,1
110,108,3,1.4,0.3,0,0,0.2,1.4,0.2,1.4,149.5,1
110,109,10,3.4,0.5,0.6,0,0.4,3.4,0.4,2.7,442.3,1
111,13,15,4.8,1.5,1.3,0,0.2,4.8,0.2,4.4,533.3,1
111,14,84.5,27,2,3,0,6,27,3,22,2735,0
111,15,54.5,21,8,3,0,2,21,1,16,2394,0
111,16,11,3.6,0.2,0.5,0,0.5,3.6,1,2.6,369.1,1
111,26,19.5,8.7,2.4,0.2,0,0.2,8.7,0.9,6.6,849.7,1
111,27,30.5,15,7,1,0,2,15,1,9,1608,0
111,28,17,7.6,2.1,0.2,0,0.2,7.6,0.8,5.8,740.8,1
111,29,1,0.4,0.1,0,0,0.1,0.4,0.1,0.3,40.1,1
111,60,33,13,2,1,0,0,13,1,12,1473,0
111,61,41,20,10,2,0,1,20,3,16,1822,0
111,62,15.5,6.1,1.6,0.4,0,0.4,6.1,1,5.2,619.6,1
111,89,7,2.8,0.8,0.2,0.3,0.2,2.5,0.3,2.3,292.8,1
111,101,5,1.9,0.5,0.2,0,0.1,1.9,0.2,1.8,202.5,1
111,102,28,10.7,2.8,1.4,0,0.5,10.7,0.9,9.8,1134,1
111,103,8,3.1,0.8,0.4,0,0.1,3.1,0.3,2.8,324,1
111,104,5,2.3,0.5,0,0,0.3,2.3,0.3,2.3,249.2,1
112,9,8,2.6,0.8,0.7,0,0.1,2.6,0.1,2.3,284.4,1
112,13,20.5,6.6,2,1.7,0,0.3,6.6,0.3,6,728.8,1
112,14,21,6.8,0.5,0.9,0,0.9,6.8,1.9,5,704.6,1
112,15,17,5.5,0.4,0.8,0,0.8,5.5,1.5,4,570.4,1
112,16,40,20,6,0,4,1,16,2,12,1887,0
112,17,9,2.9,0.2,0.4,0,0.4,2.9,0.8,2.1,302,1
112,25,2,0.9,0.2,0,0,0,0.9,0.1,0.7,87.2,1
112,26,13,5.8,1.6,0.2,0,0.2,5.8,0.6,4.4,566.5,1
112,27,54.5,30,14,0,10,3,20,3,13,2647,0
112,28,24.5,11,4,0,0,1,11,2,8,1279,0
112,29,5,2,0.4,0.1,0,0.4,2,0.3,1.7,200.5,1
112,53,2,0.9,0.2,0.1,0,0.1,0.9,0.1,0.7,93.9,1
112,60,6,2.4,0.6,0.2,0,0.2,2.4,0.4,2,239.8,1
112,61,52.5,15,2,3,0,1,15,1,12,1773,0
112,62,29,15,6,0,0,1,15,1,14,1446,0
112,100,4,1.5,0.4,0.2,0,0.1,1.5,0.1,1.4,162,1
112,101,29,11,2,0,0,2,11,3,8,1145,0
112,102,5,1.9,0.5,0.2,0,0.1,1.9,0.2,1.8,202.5,1
112,103,10,3.8,1,0.5,0,0.2,3.8,0.3,3.5,405,1
113,16,14,4.6,0.3,0.6,0,0.6,4.6,1.3,3.3,469.7,1
113,27,15,6.7,1.8,0.2,0,0.2,6.7,0.7,5.1,653.6,1
113,29,2,0.8,0.1,0,0,0.1,0.8,0.1,0.7,80.2,1
113,60,23,9,2.4,0.7,0,0.7,9,1.5,7.7,919.3,1
113,61,58,28,11,0,0,1,28,2,24,2686,0
113,62,8,3.1,0.8,0.2,0,0.2,3.1,0.5,2.7,319.8,1
114,27,9,4,1.1,0.1,0,0.1,4,0.4,3.1,392.2,1
114,57,30,10,0,0.8,0,0.8,10,0.8,7.5,985.8,1
114,58,6,2,0,0.2,0,0.2,2,0.2,1.5,197.2,1
114,60,44,18,5,1,0,3,18,2,13,1831,0
114,61,52,21,5,1,0,2,21,1,20,1745,0
114,62,2,0.8,0.2,0.1,0,0.1,0.8,0.1,0.7,79.9,1
115,26,2,0.9,0.2,0,0,0,0.9,0.1,0.7,87.2,1
115,27,5,2.2,0.6,0.1,0,0.1,2.2,0.2,1.7,217.9,1
115,59,2,0.8,0.2,0.1,0,0.1,0.8,0.1,0.7,79.9,1
115,60,26,10.2,2.7,0.7,0,0.7,10.2,1.7,8.7,1039.3,1
115,61,22,8.6,2.3,0.6,0,0.6,8.6,1.5,7.4,879.4,1
115,86,3,1.2,0.4,0.1,0.1,0.1,1.1,0.1,1,125.5,1
115,126,5,1.8,0.2,0.1,0,0.1,1.8,0.3,1.5,187.7,1
115,127,8,2.9,0.3,0.1,0,0.2,2.9,0.5,2.4,300.3,1
116,27,10,3.6,1,0.7,0.3,0,3.3,0.7,2.1,277.1,1
116,59,15,6.1,1.1,0,0,0,6.1,0.6,6.1,717.8,1
116,60,12,4.9,0.9,0,0,0,4.9,0.4,4.9,574.2,1
116,125,2,0.9,0.2,0,0,0,0.9,0.2,0.7,102.1,1
116,126,34,14,6,1,0,1,14,3,7,1191,0
116,127,27,11,2,0,0,0,11,1,8,1098,0
117,40,4,1.5,0.1,0.1,0,0.1,1.5,0.1,1.4,171.1,1
117,43,26,9.7,0.7,0.3,0,0.7,9.7,0.7,9,1112.5,1
117,44,9,3.8,0.8,0.2,0.5,0.8,3.3,0,3.2,357.5,1
117,50,2,0.7,0.1,0,0,0.1,0.7,0.1,0.6,76.3,1
117,116,12,4.2,1.3,0.7,0,0.4,4.2,0.2,3.8,492.2,1
117,117,4,1.4,0.4,0.2,0,0.1,1.4,0.1,1.3,164.1,1
117,125,17.5,7.6,2.2,0.4,0,0.4,7.6,1.8,5.8,893.8,1
117,126,48,14,1,3,0,1,14,4,13,1563,0
117,127,29.5,11,1,0,0,1,11,0,10,954,0
118,40,9,3.4,0.2,0.1,0,0.2,3.4,0.2,3.1,385.1,1
118,41,24,14,8,0,3,0,11,2,10,1177,0
118,42,23,11,3,0,0,1,11,1,10,972,0
118,43,38,16,4,1,0,3,16,1,12,1577,0
118,44,18,7.5,1.5,0.5,1,1.5,6.5,0,6.5,715,1
118,49,6,2.1,0.2,0,0,0.2,2.1,0.2,1.7,229,1
118,50,37,17,4,1,0,1,17,3,16,1975,0
118,115,1,0.3,0.1,0.1,0,0,0.3,0,0.3,41,1
118,116,34,14,3,2,0,2,14,1,14,1323,0
118,117,33,12,2,0,0,0,12,2,10,1079,0
118,125,4,1.7,0.5,0.1,0,0.1,1.7,0.4,1.3,204.3,1
118,126,1,0.4,0.1,0,0,0,0.4,0.1,0.3,51.1,1
119,2,2,0.9,0.2,0,0,0.1,0.9,0.2,0.7,82.3,1
119,5,7,2.6,0.4,0.2,0,0.1,2.6,0.3,2.3,270.7,1
119,7,3,1.1,0.2,0.1,0,0,1.1,0.1,1,116,1
119,37,6,2.6,0.9,0.3,0,0.1,2.6,0.5,1.6,299.8,1
119,38,2,0.9,0.3,0.1,0,0,0.9,0.2,0.5,99.9,1
119,40,2,0.7,0.1,0,0,0.1,0.7,0.1,0.7,85.6,1
119,41,23,11,3,0,0,1,11,3,10,719,0
119,42,52,23,5,1,0,1,23,3,22,2236,0
119,49,27,13,4,0,0,1,13,0,13,1334,0
119,50,57,27,11,0,6,1,21,5,20,2618,0
119,51,5,1.8,0.2,0,0,0.2,1.8,0.2,1.5,190.8,1
119,52,3,1.1,0.1,0,0,0.1,1.1,0.1,0.9,114.5,1
119,53,4,1.4,0.1,0,0,0.1,1.4,0.1,1.2,152.6,1
119,54,2,0.7,0.1,0.1,0,0,0.7,0.1,0.4,79.6,1
119,115,14,4.9,1.5,0.8,0,0.4,4.9,0.2,4.5,574.2,1
119,116,29,10.1,3.1,1.8,0,0.9,10.1,0.4,9.2,1189.4,1
119,117,48,16,2,3,0,4,16,4,12,1862,0
119,118,5,1.7,0.5,0.3,0,0.2,1.7,0.1,1.6,205.1,1
119,120,3,1.3,0.3,0.1,0.1,0.1,1.2,0.2,1.1,132,1
119,121,13,5.5,1.4,0.5,0.2,0.5,5.3,0.9,4.8,572,1
119,122,2,0.8,0.2,0.1,0,0.1,0.8,0.1,0.7,88,1
120,0,22,9.5,1.8,0.5,0,1,9.5,2,8.2,905.1,1
120,1,23,9.9,1.9,0.5,0,1.1,9.9,2.1,8.6,946.2,1
120,2,22,9.5,1.8,0.5,0,1,9.5,2,8.2,905.1,1
120,3,15,6.5,1.2,0.3,0,0.7,6.5,1.4,5.6,617.1,1
120,4,19,7,1.1,0.5,0,0.3,7,0.8,6.2,734.8,1
120,5,56,19,4,3,0,1,19,2,18,1848,0
120,6,28,10.3,1.6,0.8,0,0.4,10.3,1.2,9.1,1082.9,1
120,7,14,5.1,0.8,0.4,0,0.2,5.1,0.6,4.5,541.5,1
120,15,21,7.2,2.2,1.1,0,0.7,7.2,0.7,5.4,731,1
120,36,5,2.1,0.7,0.3,0,0.1,2.1,0.4,1.3,249.8,1
120,40,22,8.2,0.6,0.3,0,0.6,8.2,0.6,7.6,941.3,1
120,41,39,13,2,2,0,1,13,0,9,1205,0
120,42,12,4.5,0.3,0.2,0,0.3,4.5,0.3,4.2,513.4,1
120,49,11,3.9,0.4,0,0,0.4,3.9,0.4,3.2,419.8,1
120,50,45,19,5,1,3,6,16,1,12,1511,0
120,54,2,0.7,0.1,0.1,0,0,0.7,0.1,0.4,79.6,1
120,75,2,0.8,0.2,0.1,0,0,0.8,0.1,0.6,78.6,1
120,95,1,0.4,0.1,0,0,0,0.4,0.1,0.2,38,1
120,116,1,0.3,0.1,0.1,0,0,0.3,0,0.3,41,1
120,117,45,18,6,1,0,1,18,1,16,2066,0
120,118,26,13,5,0,0,0,13,5,10,1319,0
120,120,17,7.2,1.8,0.6,0.3,0.6,6.9,1.2,6.3,748,1
120,121,1,0.4,0.1,0,0,0,0.4,0.1,0.4,44,1
120,122,5,2.1,0.5,0.2,0.1,0.2,2,0.4,1.8,220,1
121,1,18.5,7.2,0.6,0.6,0,0.6,7.2,0.6,5.7,757.8,1
121,2,11,4.3,0.4,0.4,0,0.4,4.3,0.4,3.4,450.6,1
121,3,4,1.6,0.1,0.1,0,0.1,1.6,0.1,1.2,163.8,1
121,15,6,1.9,0.2,0.3,0.2,0.4,1.7,0.1,1.5,231.9,1
121,24,4,1.3,0.1,0.2,0,0,1.3,0.2,1,137.4,1
121,40,21,8.4,1.7,0.4,0,0.8,8.4,0.6,6.3,841.5,1
121,41,1,0.4,0.1,0,0,0,0.4,0,0.3,40.1,1
121,44,1,0.4,0.1,0,0,0,0.4,0,0.2,43.5,1
121,45,1,0.4,0.1,0,0,0,0.4,0,0.2,43.5,1
121,50,2,0.8,0.2,0.1,0.1,0.2,0.7,0,0.7,79.4,1
121,85,7,2.6,0.5,0.3,0.3,0.4,2.3,0.3,1.8,261.9,1
121,86,21,7.8,1.5,0.8,0.8,1.3,7,1,5.5,785.8,1
121,87,3,1.1,0.2,0.1,0.1,0.2,1,0.1,0.8,112.3,1
121,116,10,4.2,1.1,0.5,0,0.3,4.2,0.5,3.7,482.9,1
121,117,26,13,5,0,0,2,13,1,10,1466,0
121,118,41,14,3,1,0,3,14,3,9,1589,0
121,119,14,5.9,1.5,0.5,0.2,0.5,5.7,1,5.2,616,1
121,120,2,0.8,0.2,0.1,0,0.1,0.8,0.1,0.7,88,1
122,1,24.5,11,4,1,0,2,11,1,7,1225,0
122,2,36,14,3,1,0,0,14,4,10,1399,0
122,3,28,10.9,1,1,0,1,10.9,1,8.6,1146.9,1
122,22,15,5.2,1.6,0.8,0,0.5,5.2,0.5,3.9,522.2,1
122,23,29,13,2,0,0,0,13,1,10,1181,0
122,24,36,11.5,0.7,2.2,0,0,11.5,2.2,9.4,1236.2,1
122,26,2,0.6,0,0.1,0,0,0.6,0.1,0.5,68.7,1
122,39,3,1.2,0.2,0.1,0,0.1,1.2,0.1,0.9,120.2,1
122,40,4.5,1.8,0.4,0.1,0,0.2,1.8,0.1,1.4,180.3,1
122,42,6,2.4,0.5,0.1,0,0.2,2.4,0.2,1.8,240.4,1
122,43,22,8.8,1.8,0.4,0,0.9,8.8,0.7,6.6,881.5,1
122,44,3,1.1,0.2,0.2,0,0,1.1,0.1,0.6,130.7,1
122,86,41,16,4,2,0,1,16,2,14,1734,0
122,87,17,6.3,1.2,0.7,0.7,1.1,5.6,0.8,4.4,636.1,1
122,115,4,1.7,0.4,0.2,0,0.1,1.7,0.2,1.5,193.2,1
122,116,17,7.2,1.8,0.9,0,0.4,7.2,0.9,6.3,820.9,1
122,117,5,2.1,0.5,0.3,0,0.1,2.1,0.3,1.8,241.4,1
123,0,5,1.9,0.2,0.2,0,0.2,1.9,0.2,1.5,204.8,1
123,1,14,5.4,0.5,0.5,0,0.5,5.4,0.5,4.3,573.4,1
123,2,31,14,4,1,0,1,14,3,13,1391,0
123,3,42.5,14,4,2,0,1,14,2,11,1326,0
123,4,24,10.2,2.9,0.3,0,0.3,10.2,1.6,7.7,1006.4,1
123,13,11,4.7,1.3,0.1,0,0.1,4.7,0.7,3.5,461.3,1
123,14,24,7.8,0.8,1.2,0.8,1.6,7,0.4,6.2,927.6,1
123,15,3,1,0.1,0.2,0.1,0.2,0.9,0.1,0.8,115.9,1
123,22,9,3.1,0.9,0.5,0,0.3,3.1,0.3,2.3,313.3,1
123,23,34,13,2,2,0,2,13,2,8,1202,0
123,24,1,0.3,0,0.1,0,0,0.3,0.1,0.3,34.3,1
123,38,4,1.7,0.6,0.2,0,0.1,1.7,0.4,1.1,199.9,1
123,39,6,2.4,0.5,0.1,0,0.2,2.4,0.2,1.8,240.4,1
123,42,46,17,4,3,0,2,17,2,16,1962,0
123,43,38,17,5,2,0,1,17,5,15,1862,0
123,45,39,13,2,1,0,0,13,0,13,1529,0
123,46,42.5,11,1,5,0,4,11,3,1,932,0
123,82,2,0.8,0.2,0.1,0,0,0.8,0.1,0.6,78.6,1
123,83,1,0.4,0.1,0,0,0,0.4,0.1,0.3,39.3,1
123,84,9,3.3,0.6,0.4,0.3,0.6,3,0.4,2.3,336.8,1
123,86,28,12,3,0,0,0,12,0,6,1167,0
123,87,13,4.8,0.9,0.5,0.5,0.8,4.3,0.6,3.4,486.4,1
123,115,2,0.8,0.2,0.1,0,0.1,0.8,0.1,0.7,96.6,1
124,1,2,0.8,0.1,0.1,0,0.1,0.8,0.1,0.6,81.9,1
124,2,4,1.6,0.1,0.1,0,0.1,1.6,0.1,1.2,163.8,1
124,13,16,6.8,1.9,0.2,0,0.2,6.8,1.1,5.1,670.9,1
124,14,51.5,22,7,2,1,3,21,4,14,2454,0
124,15,23,12,3,0,0,0,12,0,12,1632,0
124,16,25.5,8.3,0.9,1.3,0.9,1.7,7.4,0.4,6.5,985.6,1
124,22,3,1,0.3,0.2,0,0.1,1,0.1,0.8,104.4,1
124,23,10,3.4,1,0.5,0,0.3,3.4,0.3,2.6,348.1,1
124,24,7,2.2,0.1,0.4,0,0,2.2,0.4,1.8,240.4,1
124,38,2,0.9,0.3,0.1,0,0,0.9,0.2,0.5,99.9,1
124,39,15,6,1.2,0.3,0,0.6,6,0.5,4.5,601.1,1
124,41,3,1.2,0.2,0.1,0,0.1,1.2,0.1,0.9,120.2,1
124,42,35,15,4,0,0,0,15,2,15,1459,0
124,43,30,19,8,0,5,4,14,2,13,1932,0
124,44,46,19,4,1,0,1,19,2,14,2269,0
124,45,105,37,5,4,0,2,37,5,31,3819,0
124,46,42,15,3,1,0,2,15,2,9,1446,0
124,49,7,2.9,0.6,0.2,0.4,0.6,2.5,0,2.5,278.1,1
124,58,6,2,0.2,0.4,0,0,2,0.4,1.3,238.9,1
124,73,6,2.6,0.2,0,0,0.3,2.6,0.3,1.8,242.7,1
124,74,8,3.3,1,0.4,0,0,3.3,0.6,2.5,314.5,1
124,75,31,11,1,0,0,2,11,1,10,1175,0
124,76,2,0.8,0.2,0.1,0,0,0.8,0.1,0.6,78.6,1
124,86,5,1.9,0.4,0.2,0.2,0.3,1.7,0.2,1.3,187.1,1
124,87,28,10.4,2,1.1,1.1,1.8,9.3,1.3,7.3,1047.7,1
124,88,20,7.4,1.4,0.8,0.8,1.3,6.6,0.9,5.2,748.3,1
124,96,4,1.7,0.5,0.2,0,0.2,1.7,0.3,0.8,152,1
125,13,24,10.2,2.9,0.3,0,0.3,10.2,1.6,7.7,1006.4,1
125,14,36.5,20,9,0,4,3,16,6,7,1663,0
125,15,30,13,3,2,0,2,13,1,12,1138,0
125,16,31,13,2,0,0,0,13,0,12,1329,0
125,31,12,4.3,1.1,0.9,0.3,0,4,0.9,2.6,332.6,1
125,32,4,1.4,0.4,0.3,0.1,0,1.3,0.3,0.9,110.9,1
125,33,16,5.7,1.5,1.1,0.4,0,5.3,1.1,3.4,443.4,1
125,34,21,9,3,1.1,0,0.4,9,1.9,5.6,1049.2,1
125,35,3,1.3,0.4,0.2,0,0.1,1.3,0.3,0.8,149.9,1
125,38,13,5.6,1.9,0.7,0,0.2,5.6,1.2,3.5,649.5,1
125,43,18,7.2,1.4,0.4,0,0.7,7.2,0.5,5.4,721.3,1
125,44,27,14,5,0,0,0,14,1,13,1980,0
125,45,23.5,8.6,2,1.2,0,0.4,8.6,0.8,5.1,1023.4,1
125,46,12.5,4.6,1,0.6,0,0.2,4.6,0.4,2.7,544.4,1
125,47,14,5.1,1.2,0.7,0,0.2,5.1,0.5,3,609.7,1
125,48,5,1.8,0.4,0.2,0,0.1,1.8,0.2,1.1,217.8,1
125,58,16,5.3,0.5,1,0,0,5.3,1,3.4,637.1,1
125,59,7,2.3,0.2,0.4,0,0,2.3,0.4,1.5,278.7,1
125,73,27.5,11.8,0.7,0,0,1.4,11.8,1.4,8.4,1112.5,1
125,74,26,10.8,3.2,1.3,0,0,10.8,1.9,8.2,1022.2,1
125,75,32,11,0,3,0,1,11,1,11,1081,0
125,87,4,1.5,0.3,0.2,0.2,0.3,1.3,0.2,1,149.7,1
125,97,5,2.1,0.6,0.2,0,0.2,2.1,0.4,0.9,190,1
125,98,15.5,6.4,1.8,0.6,0,0.6,6.4,1.2,2.9,589,1
125,99,41,17,4,1,0,1,17,3,14,1334,0
125,100,33,14,4,1,0,2,14,3,9,1173,0
125,101,1,0.4,0.1,0,0,0,0.4,0.1,0.2,38,1
125,127,26,10.4,3.3,0.5,0,0,10.4,1.9,9.9,1332.6,1
126,14,16,5.5,0.9,0.9,0,0.2,5.5,0.4,4.8,568.5,1
126,15,21,7.2,1.2,1.2,0,0.3,7.2,0.6,6.3,746.2,1
126,16,24,8.2,1.3,1.3,0,0.3,8.2,0.7,7.2,852.8,1
126,17,4,1.4,0.2,0.2,0,0.1,1.4,0.1,1.2,142.1,1
126,33,277,94,18,16,70,26,24,56,11,6521,0
126,34,260.5,110,33,7,43,27,67,35,38,7757,0
126,35,60,19,3,3,0,3,19,2,15,1593,0
126,38,4,1.7,0.4,0,0,0,1.7,0.2,1.2,148,1
126,41,29,14,6,1,4,3,10,2,7,1010,0
126,42,54,28,15,1,8,2,20,6,12,2286,0
126,44,21,12,5,0,0,3,12,3,8,800,0
126,45,48,25,11,2,0,0,25,2,20,2213,0
126,46,16,7.4,1.6,0,0.4,0.8,7,0.8,5.1,903.8,1
126,47,63,25,7,2,0,2,25,4,16,2215,0
126,48,37,20,11,2,0,4,20,5,12,1516,0
126,57,13,5,1.3,0.6,0,0.6,5,1,4,451,1
126,59,36,15.1,3.3,0,0,4.2,15.1,3.3,10.9,1629.2,1
126,74,28,13,3,0,0,0,13,2,12,1168,0
126,75,44,19,3,1,0,2,19,2,17,1692,0
126,76,31.5,13,3,1,0,2,13,3,8,1385,0
126,77,15,5.3,0.7,0.7,0,0.5,5.3,0.7,4.3,505,1
126,98,23,8.5,2.6,1.4,0,0.6,8.5,1.8,6.1,827.4,1
126,99,57,24,12,2,10,4,14,5,8,2005,0
126,100,37,13,3,3,0,1,13,2,12,1148,0
126,101,41,18,7,1,5,2,13,5,10,1526,0
126,102,23,10,4.2,0.8,0,0.8,10,2.1,8.4,925.4,1
126,103,9,3.9,1.6,0.3,0,0.3,3.9,0.8,3.3,362.1,1
127,34,38,16,6,2,0,2,16,7,1,1427,0
127,35,169,72,21,5,40,16,32,17,8,4855,0
127,36,26,11,5,2,0,1,11,3,7,966,0
127,37,7,2.9,0.7,0,0,0,2.9,0.3,2.1,258.9,1
127,38,1,0.4,0.1,0,0,0,0.4,0,0.3,37,1
127,39,59,24,9,2,8,2,16,7,8,2279,0
127,40,57,28,11,1,10,5,18,5,14,2358,0
127,41,29,15,3,0,0,1,15,3,12,1420,0
127,42,197.5,97,48,5,39,16,58,15,35,8432,0
127,43,169,93,49,4,32,13,61,27,34,7089,0
127,44,7,3.2,0.7,0,0.1,0.3,3.1,0.3,2.2,395.4,1
127,45,131,72,36,3,34,8,38,9,28,5766,0
127,46,53.5,23,8,2,0,2,23,3,16,3019,0
127,47,63,37,24,3,11,4,26,14,5,1989,0
127,48,13,6,1.3,0,0.3,0.6,5.7,0.6,4.1,734.3,1
127,58,3,1.2,0.3,0.1,0,0.1,1.2,0.2,0.9,104.1,1
127,60,4,1.7,0.4,0,0,0.5,1.7,0.4,1.2,181,1
127,74,14,4.9,0.7,0.7,0,0.4,4.9,0.7,4,471.3,1
127,75,27.5,9.7,1.3,1.3,0,0.9,9.7,1.3,7.9,925.8,1
127,76,6,2.1,0.3,0.3,0,0.2,2.1,0.3,1.7,202,1
127,98,12,4.4,1.3,0.8,0,0.3,4.4,0.9,3.2,431.7,1
127,99,41,18,7,0,5,1,13,8,10,1529,0
127,103,2,0.9,0.4,0.1,0,0.1,0.9,0.2,0.7,80.5,1
