x,y,2018,2006,2011
88,11,2.0,0,0
88,12,5.0,6.0,4.0
88,78,1.0,0,0
88,89,0.0,18.0,19.0
88,79,3.0,1.0,1.0
88,13,0.0,1.0,1.0
88,120,29.0,13.0,17.0
88,121,3.0,22.0,20.0
88,123,1.0,0,0
88,113,2.0,0,0
88,125,42.0,11.0,13.0
88,90,2.0,4.0,3.0
88,117,0.0,2.0,0
88,91,6.0,10.0,17.0
88,92,45.0,60.0,42.0
88,93,35.0,51.0,39.0
88,94,29.0,31.0,30.0
88,84,6.0,18.0,9.0
88,51,1.0,5.0,2.0
88,52,0.0,1.0,1.0
88,31,25.0,15.0,13.0
88,97,24.0,8.0,12.0
88,98,109.0,81.0,88.0
89,88,30.0,27.0,25.0
89,89,25.0,0,4.0
89,110,15.0,18.0,27.0
89,117,0.0,4.0,0
89,93,14.0,19.0,17.0
89,94,1.0,0,0
89,72,1.0,0,0
89,95,1.0,0,0
89,52,2.0,0,1.0
89,31,0.0,7.0,8.0
89,97,15.0,18.0,26.0
89,98,0.0,12.0,9.0
89,11,21.0,7.0,6.0
89,12,0.0,9.0,15.0
89,120,21.0,23.0,18.0
89,121,3.0,0,3.0
89,122,3.0,0,0
89,123,3.0,5.0,8.0
89,124,3.0,0,0
89,125,4.0,3.0,1.0
89,109,13.0,17.0,10.0
89,60,0.0,4.0,2.0
89,83,25.0,20.0,22.0
89,84,2.0,2.0,2.0
89,86,2.0,0,0
89,87,4.0,0,0
110,22,0.0,8.0,7.0
110,67,3.0,0,0
110,23,2.0,3.0,3.0
110,68,7.0,16.0,14.0
110,24,1.0,12.0,2.0
110,69,4.0,0,0
110,114,4.0,7.0,5.0
110,115,5.0,6.0,5.0
110,90,0.0,2.0,0
110,71,1.0,0,0
110,72,2.0,0,0
110,74,1.0,0,0
110,97,1.0,0,0
110,75,2.0,0,0
110,98,3.0,3.0,3.0
110,76,12.0,12.0,21.0
110,77,34.0,44.0,41.0
110,99,2.0,5.0,4.0
110,78,5.0,17.0,20.0
110,79,4.0,0,0
110,0,6.0,12.0,7.0
110,2,1.0,0,0
110,3,2.0,5.0,3.0
110,5,0.0,4.0,4.0
110,6,6.0,6.0,1.0
110,80,2.0,0,0
111,22,1.0,0,0
111,77,2.0,0,0
111,67,2.0,0,0
111,78,1.0,0,0
111,23,4.0,6.0,6.0
111,68,4.0,6.0,5.0
111,24,34.0,55.0,38.0
111,121,4.0,0,0
111,122,10.0,11.0,11.0
111,123,0.0,2.0,2.0
111,113,1.0,0,0
111,114,2.0,1.0,4.0
111,71,4.0,0,1.0
111,72,8.0,17.0,16.0
111,83,3.0,5.0,2.0
111,74,2.0,5.0,8.0
111,63,0.0,4.0,1.0
111,75,4.0,3.0,2.0
111,97,47.0,43.0,36.0
111,98,4.0,1.0,0
111,32,0.0,1.0,0
111,76,1.0,0,0
112,22,2.0,5.0,3.0
112,23,4.0,5.0,6.0
112,24,1.0,3.0,2.0
112,35,1.0,0,0
112,13,0.0,2.0,0
112,36,3.0,0,0
112,37,2.0,0,0
112,122,1.0,2.0,4.0
112,123,3.0,0,0
112,113,1.0,6.0,6.0
112,114,2.0,0,0
112,127,4.0,14.0,9.0
112,71,1.0,0,0
112,72,105.0,144.0,132.0
112,74,2.0,20.0,17.0
112,97,10.0,21.0,17.0
112,64,2.0,0,0
112,75,5.0,0,0
112,65,9.0,2.0,1.0
113,22,2.0,0,0
113,68,0.0,3.0,2.0
113,24,1.0,0,0
113,25,0.0,1.0,0
113,26,0.0,1.0,1.0
113,114,1.0,1.0,10.0
113,70,1.0,0,1.0
113,71,7.0,27.0,28.0
113,72,26.0,13.0,10.0
113,94,2.0,4.0,0
113,95,9.0,20.0,20.0
113,73,0.0,3.0,1.0
113,74,18.0,13.0,10.0
113,96,2.0,0,0
113,75,4.0,13.0,0
113,55,1.0,0,0
113,99,1.0,0,1.0
113,56,7.0,8.0,6.0
113,35,1.0,21.0,18.0
113,36,6.0,10.0,9.0
113,37,2.0,11.0,10.0
113,100,3.0,0,0
113,127,1.0,0,0
113,64,6.0,12.0,5.0
113,65,18.0,29.0,25.0
114,99,2.0,1.0,1.0
114,56,0.0,3.0,3.0
114,34,0.0,3.0,3.0
114,35,31.0,17.0,18.0
114,14,0.0,0,1.0
114,25,3.0,7.0,3.0
114,36,4.0,1.0,0
114,69,0.0,7.0,0
114,26,2.0,5.0,5.0
114,100,11.0,21.0,11.0
114,113,2.0,2.0,1.0
114,114,3.0,0,0
114,6,0.0,0,1.0
114,90,5.0,0,0
114,91,3.0,4.0,7.0
114,70,4.0,3.0,3.0
114,92,0.0,2.0,2.0
114,71,2.0,2.0,3.0
114,93,2.0,0,2.0
114,95,1.0,2.0,2.0
114,64,5.0,4.0,3.0
114,65,10.0,0,4.0
115,55,3.0,5.0,5.0
115,99,1.0,1.0,0
115,34,0.0,2.0,0
115,68,2.0,1.0,1.0
115,35,18.0,30.0,19.0
115,24,2.0,0,0
115,69,4.0,14.0,0
115,25,4.0,3.0,3.0
115,26,1.0,0,0
115,100,9.0,10.0,8.0
115,112,2.0,0,0
115,113,7.0,9.0,9.0
115,114,2.0,0,0
115,90,0.0,1.0,0
115,70,18.0,18.0,18.0
115,93,1.0,0,0
115,72,0.0,1.0,0
115,52,0.0,3.0,3.0
115,75,0.0,1.0,1.0
115,64,2.0,10.0,6.0
115,65,1.0,1.0,0
116,66,5.0,11.0,5.0
116,34,1.0,4.0,2.0
116,67,8.0,13.0,11.0
116,68,24.0,16.0,24.0
116,35,3.0,6.0,4.0
116,24,1.0,4.0,4.0
116,36,2.0,0,0
116,25,2.0,0,0
116,37,0.0,2.0,0
116,112,5.0,9.0,8.0
116,113,13.0,5.0,8.0
116,83,0.0,4.0,0
116,76,0.0,1.0,0
117,66,2.0,1.0,1.0
117,88,6.0,0,0
117,67,2.0,0,0
117,34,3.0,1.0,1.0
117,89,1.0,0,0
117,36,6.0,13.0,14.0
117,37,1.0,0,0
117,27,6.0,0,0
117,28,1.0,0,0
117,112,1.0,3.0,3.0
117,113,6.0,6.0,7.0
117,40,0.0,2.0,0
117,64,3.0,15.0,11.0
117,65,7.0,0,0
90,88,1.0,0,0
90,90,0.0,4.0,0
90,119,13.0,6.0,12.0
90,92,0.0,2.0,0
90,72,2.0,1.0,2.0
90,94,3.0,1.0,3.0
90,51,5.0,6.0,5.0
90,95,6.0,11.0,7.0
90,96,2.0,0,0
90,52,2.0,4.0,4.0
90,31,0.0,1.0,0
90,10,12.0,19.0,8.0
90,11,0.0,7.0,5.0
90,78,18.0,12.0,10.0
90,79,6.0,25.0,12.0
90,120,7.0,11.0,6.0
90,122,21.0,19.0,17.0
90,123,32.0,40.0,42.0
90,124,5.0,6.0,6.0
90,125,2.0,4.0,7.0
90,8,4.0,0,0
90,9,7.0,4.0,7.0
90,60,0.0,3.0,1.0
90,109,22.0,7.0,15.0
90,86,8.0,17.0,11.0
90,87,5.0,10.0,10.0
118,88,10.0,17.0,21.0
118,34,2.0,7.0,9.0
118,89,1.0,5.0,0
118,24,0.0,1.0,1.0
118,36,6.0,0,0
118,37,1.0,11.0,11.0
118,27,2.0,14.0,10.0
118,112,5.0,1.0,2.0
118,113,8.0,9.0,9.0
118,104,6.0,6.0,8.0
118,61,1.0,0,0
118,30,0.0,1.0,0
118,63,110.0,0,0
118,64,630.0,495.0,490.0
118,65,57.0,60.0,58.0
91,117,0.0,2.0,0
91,90,2.0,2.0,0
91,91,4.0,1.0,1.0
91,70,1.0,0,0
91,92,11.0,9.0,7.0
91,93,12.0,9.0,8.0
91,72,0.0,2.0,2.0
91,94,11.0,6.0,4.0
91,51,1.0,0,0
91,95,2.0,0,0
91,96,3.0,5.0,5.0
91,52,2.0,1.0,2.0
91,30,1.0,4.0,4.0
91,53,1.0,0,0
91,31,1.0,0,0
91,97,1.0,0,0
91,10,1.0,1.0,2.0
91,78,4.0,0,0
91,79,1.0,0,0
91,122,35.0,35.0,31.0
91,123,12.0,21.0,19.0
91,124,31.0,18.0,21.0
91,125,33.0,12.0,15.0
91,7,0.0,1.0,1.0
91,80,0.0,3.0,3.0
91,8,21.0,18.0,17.0
91,108,0.0,1.0,0
91,9,5.0,17.0,14.0
91,83,0.0,1.0,1.0
91,84,25.0,29.0,30.0
91,85,1.0,1.0,1.0
91,86,6.0,0,0
91,87,2.0,0,2.0
119,89,0.0,1.0,0
119,24,5.0,6.0,6.0
119,57,5.0,0,0
119,58,4.0,9.0,12.0
119,36,1.0,0,0
119,26,3.0,2.0,1.0
119,59,1.0,0,0
119,37,0.0,1.0,0
119,27,1.0,0,3.0
119,18,2.0,0,0
119,19,1.0,4.0,3.0
119,111,4.0,0,0
119,112,6.0,8.0,9.0
119,113,1.0,2.0,2.0
119,105,2.0,0,0
119,106,0.0,2.0,2.0
119,61,2.0,0,2.0
119,62,45.0,39.0,38.0
119,30,2.0,6.0,5.0
119,63,496.0,611.0,655.0
119,31,1.0,0,0
119,64,192.0,324.0,286.0
119,75,1.0,0,0
119,65,24.0,79.0,78.0
92,89,4.0,0,0
92,68,3.0,2.0,2.0
92,69,3.0,6.0,5.0
92,110,0.0,3.0,0
92,115,0.0,4.0,0
92,90,12.0,14.0,13.0
92,91,21.0,19.0,19.0
92,70,3.0,2.0,1.0
92,92,11.0,4.0,7.0
92,71,1.0,0,0
92,93,2.0,0,0
92,72,4.0,3.0,3.0
92,51,0.0,1.0,2.0
92,73,2.0,1.0,1.0
92,30,5.0,4.0,4.0
92,31,3.0,0,0
92,78,0.0,4.0,4.0
92,122,0.0,12.0,10.0
92,123,22.0,6.0,8.0
92,124,1.0,23.0,31.0
92,125,3.0,5.0,4.0
92,126,1.0,0,0
92,6,0.0,2.0,1.0
92,7,0.0,0,2.0
92,84,4.0,3.0,6.0
92,85,2.0,0,0
93,44,0.0,3.0,3.0
93,89,4.0,12.0,15.0
93,69,2.0,0,0
93,120,5.0,0,0
93,121,6.0,9.0,12.0
93,122,2.0,0,0
93,124,2.0,0,0
93,125,1.0,0,0
93,90,5.0,6.0,10.0
93,91,5.0,4.0,7.0
93,107,0.0,1.0,0
93,108,0.0,1.0,0
93,92,2.0,0,0
93,70,2.0,8.0,6.0
93,71,1.0,0,0
93,83,2.0,3.0,4.0
93,72,10.0,19.0,14.0
93,73,6.0,5.0,5.0
93,84,2.0,0,0
93,30,2.0,5.0,7.0
93,97,0.0,7.0,0
93,31,1.0,0,0
94,88,3.0,7.0,6.0
94,44,1.0,5.0,5.0
94,89,20.0,8.0,6.0
94,28,6.0,0,0
94,29,6.0,16.0,12.0
94,113,1.0,3.0,5.0
94,114,1.0,0,0
94,116,0.0,0,4.0
94,90,4.0,0,2.0
94,71,1.0,0,0
94,72,6.0,0,4.0
94,73,4.0,3.0,4.0
94,74,0.0,0,1.0
94,10,0.0,0,2.0
94,14,0.0,0,2.0
94,15,0.0,2.0,0
94,120,0.0,2.0,0
94,0,3.0,3.0,0
94,121,2.0,2.0,2.0
94,1,0.0,1.0,0
94,122,1.0,0,0
94,3,3.0,2.0,2.0
94,106,2.0,0,0
94,107,5.0,7.0,7.0
94,108,2.0,0,0
94,83,4.0,5.0,6.0
94,84,4.0,0,0
94,85,1.0,0,0
94,86,2.0,0,0
94,43,1.0,0,0
94,87,1.0,0,0
95,66,16.0,21.0,7.0
95,88,14.0,37.0,36.0
95,89,10.0,3.0,2.0
95,67,2.0,0,0
95,46,2.0,0,0
95,47,4.0,25.0,15.0
95,28,22.0,33.0,21.0
95,29,28.0,43.0,40.0
95,113,1.0,2.0,0
95,114,1.0,0,0
95,90,2.0,10.0,9.0
95,119,4.0,0,0
95,30,2.0,2.0,2.0
95,54,1.0,0,0
95,99,0.0,5.0,0
95,55,5.0,12.0,10.0
95,56,4.0,4.0,4.0
95,57,1.0,1.0,0
95,35,0.0,2.0,0
95,58,1.0,1.0,2.0
95,120,4.0,0,2.0
95,106,4.0,2.0,2.0
95,80,1.0,1.0,0
95,81,2.0,6.0,3.0
95,60,1.0,0,0
95,84,3.0,0,0
95,85,3.0,17.0,15.0
95,86,3.0,0,2.0
95,87,8.0,13.0,8.0
95,65,0.0,5.0,4.0
96,55,4.0,0,0
96,88,10.0,0,0
96,89,4.0,0,0
96,46,4.0,0,0
96,47,6.0,0,0
96,59,1.0,2.0,2.0
96,27,0.0,0,1.0
96,28,10.0,19.0,10.0
96,29,1.0,5.0,4.0
96,120,7.0,6.0,14.0
96,122,0.0,3.0,0
96,115,7.0,9.0,6.0
96,81,23.0,22.0,18.0
96,119,6.0,0,0
96,60,1.0,0,0
96,84,2.0,0,0
96,85,8.0,6.0,7.0
96,63,1.0,0,0
96,86,8.0,13.0,12.0
96,64,1.0,0,0
96,87,7.0,5.0,4.0
96,54,2.0,2.0,4.0
97,67,2.0,1.0,5.0
97,68,4.0,5.0,7.0
97,26,6.0,0,0
97,27,2.0,13.0,10.0
97,29,0.0,4.0,3.0
97,119,1.0,0,0
97,73,4.0,1.0,1.0
97,30,0.0,1.0,1.0
97,35,0.0,5.0,0
97,0,2.0,5.0,4.0
97,1,1.0,2.0,2.0
97,2,3.0,3.0,3.0
97,124,1.0,0,0
97,3,2.0,1.0,3.0
97,125,2.0,0,0
97,105,0.0,1.0,0
97,81,0.0,4.0,2.0
97,84,7.0,0,0
97,63,3.0,0,0
97,85,134.0,169.0,176.0
97,41,1.0,0,0
97,86,1.0,0,0
97,64,11.0,24.0,21.0
97,42,2.0,3.0,3.0
97,65,1.0,1.0,0
97,87,1.0,0,0
98,35,0.0,0,4.0
98,26,1.0,0,0
98,27,3.0,4.0,4.0
98,28,0.0,1.0,1.0
98,0,12.0,13.0,16.0
98,1,0.0,2.0,0
98,124,2.0,7.0,8.0
98,102,1.0,0,0
98,103,1.0,0,0
98,125,4.0,0,0
98,104,6.0,11.0,7.0
98,105,0.0,0,3.0
98,84,202.0,97.0,89.0
98,73,1.0,3.0,2.0
98,85,60.0,146.0,120.0
98,63,1.0,0,0
98,30,0.0,4.0,2.0
98,74,2.0,0,0
98,64,3.0,0,0
98,65,0.0,1.0,1.0
10,121,26.0,40.0,46.0
10,22,27.0,18.0,16.0
10,23,30.0,46.0,47.0
10,122,8.0,0,0
10,24,1.0,0,0
10,118,1.0,0,0
10,119,8.0,3.0,4.0
10,120,21.0,37.0,44.0
99,24,3.0,1.0,2.0
99,25,8.0,5.0,4.0
99,26,16.0,21.0,12.0
99,27,2.0,9.0,11.0
99,28,3.0,2.0,2.0
99,100,1.0,8.0,2.0
99,101,14.0,19.0,20.0
99,102,0.0,1.0,1.0
99,103,1.0,4.0,3.0
99,90,1.0,0,0
99,91,4.0,8.0,8.0
99,80,2.0,0,0
99,81,9.0,6.0,2.0
99,93,0.0,5.0,0
99,82,0.0,3.0,1.0
99,83,4.0,10.0,10.0
99,73,2.0,7.0,1.0
99,84,16.0,2.0,0
99,74,8.0,10.0,12.0
99,86,1.0,6.0,3.0
99,87,0.0,5.0,0
11,22,1.0,4.0,3.0
11,121,24.0,30.0,30.0
11,23,4.0,10.0,8.0
11,122,2.0,0,0
11,24,4.0,0,0
11,114,0.0,5.0,4.0
11,127,2.0,0,0
11,118,1.0,0,0
11,119,1.0,2.0,2.0
11,20,0.0,2.0,0
11,120,10.0,1.0,1.0
12,121,30.0,20.0,16.0
12,122,0.0,21.0,20.0
12,127,9.0,0,1.0
12,120,4.0,5.0,5.0
13,121,5.0,0,0
13,122,15.0,20.0,21.0
13,1,0.0,1.0,1.0
13,123,12.0,2.0,0
13,124,58.0,4.0,3.0
13,125,23.0,76.0,67.0
13,126,7.0,4.0,6.0
13,127,19.0,14.0,14.0
13,40,0.0,1.0,0
13,120,2.0,0,0
14,121,1.0,0,0
14,122,13.0,12.0,9.0
14,13,0.0,4.0,3.0
14,123,207.0,230.0,223.0
14,124,628.0,546.0,559.0
14,125,33.0,104.0,116.0
14,126,16.0,10.0,11.0
14,39,0.0,2.0,1.0
14,127,0.0,4.0,5.0
14,40,5.0,3.0,7.0
15,0,12.0,9.0,6.0
15,1,1.0,7.0,4.0
15,123,616.0,348.0,412.0
15,124,108.0,237.0,200.0
15,40,1.0,0,0
15,41,1.0,0,0
15,42,3.0,2.0,2.0
16,0,0.0,4.0,3.0
16,123,13.0,19.0,12.0
16,37,1.0,0,0
16,127,0.0,5.0,3.0
16,42,2.0,0,0
17,121,2.0,0,0
17,122,9.0,3.0,5.0
17,36,0.0,2.0,2.0
17,37,2.0,0,0
17,6,3.0,5.0,5.0
17,127,0.0,0,2.0
17,19,0.0,5.0,0
18,121,9.0,15.0,10.0
18,122,10.0,18.0,24.0
18,7,0.0,0,1.0
18,8,4.0,0,2.0
18,9,3.0,2.0,2.0
18,10,1.0,7.0,2.0
18,21,3.0,0,1.0
18,120,1.0,0,0
19,121,4.0,3.0,0
19,122,3.0,0,0
19,124,0.0,4.0,5.0
19,9,0.0,0,2.0
19,95,5.0,0,0
19,96,0.0,7.0,0
19,10,2.0,0,0
120,23,4.0,3.0,4.0
120,24,9.0,8.0,11.0
120,58,6.0,15.0,12.0
120,25,1.0,0,0
120,26,1.0,0,0
120,59,5.0,0,0
120,27,3.0,2.0,4.0
120,28,2.0,0,0
120,111,5.0,16.0,12.0
120,112,13.0,19.0,14.0
120,113,6.0,3.0,4.0
120,125,1.0,2.0,2.0
120,126,1.0,0,0
120,105,1.0,0,0
120,106,0.0,2.0,0
120,107,2.0,0,0
120,108,1.0,0,0
120,60,12.0,20.0,18.0
120,61,0.0,2.0,2.0
120,74,1.0,0,0
120,75,5.0,6.0,9.0
120,76,2.0,0,0
121,66,3.0,3.0,3.0
121,23,5.0,5.0,1.0
121,67,15.0,12.0,15.0
121,68,4.0,4.0,6.0
121,24,4.0,5.0,5.0
121,69,0.0,2.0,0
121,25,1.0,0,0
121,27,1.0,6.0,2.0
121,28,1.0,0,0
121,110,5.0,13.0,7.0
121,111,2.0,9.0,5.0
121,112,39.0,43.0,41.0
121,113,7.0,0,0
121,74,3.0,0,0
121,75,7.0,19.0,16.0
121,32,0.0,9.0,5.0
121,76,3.0,0,0
121,33,0.0,2.0,2.0
121,58,14.0,26.0,23.0
121,59,30.0,36.0,31.0
121,124,2.0,2.0,1.0
121,125,7.0,8.0,7.0
121,126,2.0,3.0,5.0
121,107,1.0,2.0,2.0
121,108,4.0,3.0,0
121,60,7.0,1.0,0
121,109,2.0,2.0,2.0
121,62,0.0,2.0,3.0
121,65,1.0,0,0
0,110,0.0,3.0,0
0,123,0.0,4.0,4.0
0,124,128.0,62.0,57.0
0,125,31.0,71.0,67.0
0,126,10.0,0,5.0
0,127,16.0,1.0,8.0
0,18,0.0,6.0,5.0
0,118,7.0,0,0
0,108,3.0,2.0,2.0
0,119,11.0,8.0,11.0
0,120,2.0,0,0
122,66,15.0,47.0,41.0
122,67,2.0,0,0
122,24,0.0,3.0,1.0
122,68,1.0,0,0
122,25,1.0,1.0,2.0
122,26,1.0,0,0
122,110,8.0,20.0,26.0
122,111,20.0,11.0,9.0
122,112,6.0,0,0
122,113,4.0,14.0,9.0
122,114,1.0,0,0
122,115,0.0,2.0,0
122,116,3.0,0,0
122,75,1.0,0,0
122,32,13.0,15.0,10.0
122,76,1.0,1.0,1.0
122,98,0.0,4.0,2.0
122,57,0.0,2.0,3.0
122,58,15.0,10.0,13.0
122,123,2.0,0,0
122,124,5.0,11.0,10.0
122,125,19.0,28.0,25.0
122,7,0.0,1.0,0
122,108,1.0,0,0
122,109,7.0,0,0
122,61,2.0,7.0,10.0
122,62,7.0,10.0,8.0
122,84,2.0,0,0
122,85,1.0,6.0,1.0
122,64,4.0,1.0,1.0
122,65,20.0,20.0,14.0
1,66,0.0,1.0,0
1,120,8.0,0,0
1,121,9.0,4.0,6.0
1,122,19.0,4.0,17.0
1,111,0.0,1.0,1.0
1,100,0.0,0,4.0
1,123,20.0,7.0,10.0
1,112,0.0,16.0,10.0
1,124,30.0,20.0,27.0
1,113,13.0,3.0,5.0
1,114,1.0,0,0
1,118,9.0,0,0
1,119,22.0,37.0,37.0
123,66,9.0,4.0,0
123,56,3.0,0,0
123,35,6.0,12.0,7.0
123,57,4.0,9.0,7.0
123,25,8.0,16.0,11.0
123,36,28.0,40.0,42.0
123,26,1.0,0,0
123,27,4.0,9.0,2.0
123,28,1.0,0,0
123,29,3.0,6.0,4.0
123,110,134.0,87.0,84.0
123,111,135.0,201.0,203.0
123,125,14.0,15.0,17.0
123,115,0.0,0,1.0
123,109,12.0,0,0
123,61,13.0,4.0,5.0
123,84,0.0,1.0,3.0
123,30,2.0,0,0
123,64,3.0,8.0,8.0
123,65,12.0,7.0,7.0
2,34,0.0,1.0,3.0
2,69,0.0,2.0,2.0
2,120,11.0,0,0
2,121,21.0,26.0,20.0
2,122,34.0,25.0,26.0
2,111,1.0,0,0
2,123,6.0,0,0
2,112,2.0,4.0,3.0
2,127,0.0,1.0,0
2,7,5.0,1.0,1.0
2,117,1.0,0,0
2,118,6.0,0,0
2,119,14.0,12.0,17.0
124,33,1.0,0,0
124,34,6.0,11.0,8.0
124,24,0.0,1.0,0
124,35,133.0,135.0,125.0
124,36,96.0,139.0,118.0
124,37,15.0,12.0,17.0
124,26,4.0,9.0,5.0
124,27,17.0,31.0,32.0
124,28,89.0,106.0,83.0
124,29,42.0,73.0,66.0
124,110,182.0,119.0,116.0
124,111,160.0,262.0,249.0
124,124,2.0,0,0
124,114,0.0,1.0,0
124,125,4.0,6.0,7.0
124,126,2.0,1.0,0
124,109,2.0,0,0
124,83,2.0,0,0
124,61,1.0,0,0
124,62,2.0,0,0
124,84,2.0,4.0,4.0
3,99,0.0,5.0,0
3,121,23.0,11.0,12.0
3,113,0.0,0,3.0
3,117,1.0,2.0,2.0
3,118,4.0,6.0,4.0
3,119,102.0,65.0,54.0
3,9,0.0,1.0,2.0
3,42,4.0,3.0,3.0
3,120,49.0,58.0,69.0
3,43,3.0,4.0,4.0
4,121,4.0,6.0,9.0
4,13,0.0,0,1.0
4,125,1.0,0,0
4,118,1.0,0,0
4,119,276.0,169.0,180.0
4,120,1.0,25.0,30.0
125,110,10.0,11.0,9.0
125,111,0.0,0,2.0
125,36,0.0,1.0,0
125,113,0.0,4.0,0
125,37,51.0,78.0,63.0
125,27,21.0,12.0,9.0
125,28,26.0,35.0,29.0
125,61,3.0,8.0,10.0
125,72,7.0,2.0,7.0
125,62,4.0,0,0
126,55,0.0,2.0,0
126,44,0.0,3.0,0
126,36,1.0,0,0
126,25,1.0,1.0,1.0
126,37,2.0,14.0,11.0
126,110,6.0,7.0,5.0
126,111,9.0,12.0,10.0
126,115,1.0,0,0
126,109,1.0,0,0
126,71,0.0,3.0,2.0
126,60,1.0,0,0
126,61,2.0,3.0,4.0
126,64,0.0,1.0,0
5,24,0.0,8.0,8.0
5,124,3.0,6.0,6.0
5,125,8.0,0,0
5,114,0.0,3.0,0
5,5,0.0,4.0,4.0
5,119,164.0,155.0,164.0
5,40,0.0,1.0,0
5,42,0.0,2.0,2.0
5,120,69.0,19.0,32.0
6,77,0.0,6.0,4.0
6,121,1.0,0,0
6,25,0.0,2.0,0
6,118,2.0,3.0,3.0
6,119,31.0,21.0,25.0
6,120,35.0,25.0,27.0
127,79,1.0,6.0,7.0
127,36,1.0,3.0,2.0
127,25,1.0,0,0
127,69,0.0,4.0,0
127,37,29.0,15.0,18.0
127,110,16.0,13.0,11.0
127,111,2.0,13.0,10.0
127,114,1.0,1.0,1.0
127,115,2.0,0,0
127,80,79.0,91.0,89.0
127,81,1.0,5.0,6.0
127,60,2.0,1.0,1.0
127,82,4.0,8.0,7.0
127,109,1.0,0,0
127,61,15.0,14.0,13.0
127,83,7.0,4.0,2.0
127,84,9.0,2.0,8.0
7,121,1.0,0,0
7,122,0.0,0,5.0
7,23,3.0,2.0,1.0
7,123,7.0,2.0,2.0
7,124,1.0,0,0
7,118,2.0,0,0
7,119,6.0,36.0,42.0
7,120,17.0,17.0,19.0
8,122,4.0,3.0,5.0
8,23,4.0,8.0,9.0
8,123,1.0,6.0,6.0
8,24,6.0,6.0,8.0
8,115,0.0,1.0,0
8,118,4.0,4.0,1.0
8,119,160.0,83.0,93.0
8,120,1.0,0,0
9,22,9.0,7.0,6.0
9,122,1.0,0,0
9,23,23.0,13.0,24.0
9,24,7.0,5.0,5.0
9,25,1.0,0,0
9,115,0.0,5.0,7.0
9,118,3.0,0,0
9,119,11.0,9.0,19.0
9,120,102.0,66.0,80.0
20,13,0.0,2.0,2.0
20,95,2.0,0,0
20,40,0.0,4.0,0
20,96,0.0,0,8.0
20,120,0.0,2.0,2.0
21,121,1.0,0,0
21,22,2.0,0,0
21,23,1.0,7.0,7.0
21,24,1.0,6.0,6.0
21,25,2.0,0,0
21,26,1.0,0,0
21,119,1.0,0,0
21,20,0.0,3.0,5.0
21,120,11.0,4.0,4.0
21,21,5.0,16.0,19.0
22,121,2.0,0,0
22,23,7.0,0,0
22,24,3.0,5.0,5.0
22,25,4.0,5.0,5.0
22,26,2.0,0,0
22,38,0.0,2.0,2.0
22,19,5.0,8.0,0
22,119,8.0,3.0,0
22,20,106.0,71.0,61.0
22,21,51.0,64.0,64.0
22,120,11.0,25.0,27.0
23,22,46.0,49.0,36.0
23,23,0.0,3.0,2.0
23,18,3.0,4.0,5.0
23,19,58.0,71.0,63.0
23,120,14.0,1.0,6.0
23,121,1.0,0,0
23,115,1.0,0,0
23,116,1.0,0,0
23,80,4.0,0,0
23,119,7.0,2.0,3.0
23,81,2.0,0,0
23,82,0.0,18.0,0
23,20,282.0,466.0,416.0
23,21,305.0,172.0,173.0
24,22,1.0,17.0,15.0
24,17,1.0,0,2.0
24,18,1.0,0,0
24,19,2.0,3.0,4.0
24,120,66.0,44.0,48.0
24,121,0.0,2.0,1.0
24,115,5.0,0,0
24,116,4.0,8.0,10.0
24,117,1.0,0,0
24,107,3.0,5.0,3.0
24,80,4.0,0,0
24,118,4.0,0,0
24,81,2.0,0,16.0
24,119,3.0,9.0,9.0
24,20,116.0,36.0,30.0
24,21,109.0,139.0,135.0
25,22,1.0,4.0,0
25,23,1.0,0,2.0
25,19,2.0,0,0
25,118,6.0,0,0
25,119,256.0,197.0,280.0
25,81,1.0,1.0,3.0
25,82,1.0,0,0
25,20,3.0,11.0,8.0
25,64,0.0,6.0,3.0
25,120,304.0,269.0,214.0
25,21,4.0,0,0
26,38,0.0,0,2.0
26,120,84.0,92.0,96.0
26,121,6.0,2.0,2.0
26,110,14.0,0,0
26,111,3.0,24.0,25.0
26,122,8.0,2.0,2.0
26,112,4.0,0,0
26,123,5.0,0,0
26,118,1.0,0,2.0
26,119,117.0,138.0,95.0
26,81,1.0,0,0
26,9,1.0,5.0,0
26,82,1.0,0,0
26,10,2.0,2.0,0
27,121,4.0,0,0
27,111,2.0,2.0,0
27,122,22.0,18.0,24.0
27,123,2.0,18.0,20.0
27,112,2.0,0,0
27,106,0.0,0,1.0
27,117,1.0,0,0
27,118,3.0,0,0
27,119,2.0,4.0,0
27,120,4.0,0,0
28,23,0.0,3.0,0
28,122,1.0,5.0,3.0
28,123,1.0,0,0
28,116,1.0,0,0
28,117,1.0,1.0,1.0
28,118,11.0,19.0,22.0
28,119,1.0,0,0
29,123,1.0,0,0
29,104,1.0,0,0
29,116,1.0,0,0
29,117,33.0,35.0,24.0
29,20,4.0,0,0
29,21,0.0,2.0,0
30,121,1.0,3.0,2.0
30,45,0.0,2.0,2.0
30,103,1.0,3.0,2.0
30,104,2.0,3.0,1.0
30,115,1.0,0,0
30,116,3.0,9.0,5.0
30,117,64.0,51.0,52.0
30,118,1.0,0,0
30,94,1.0,0,0
30,20,11.0,13.0,15.0
31,121,1.0,0,0
31,26,0.0,0,4.0
31,114,0.0,0,2.0
31,104,0.0,0,1.0
31,127,2.0,0,0
31,17,0.0,0,3.0
31,117,12.0,16.0,16.0
31,18,38.0,29.0,35.0
31,118,3.0,7.0,4.0
31,94,1.0,2.0,2.0
31,20,47.0,70.0,57.0
32,127,2.0,0,0
32,116,2.0,0,0
32,18,0.0,6.0,5.0
32,19,0.0,1.0,0
32,118,2.0,1.0,0
32,119,1.0,0,0
32,95,2.0,0,0
32,96,0.0,1.0,0
32,20,45.0,53.0,45.0
33,125,12.0,11.0,12.0
33,38,0.0,2.0,0
33,116,0.0,2.0,0
33,19,0.0,0,1.0
33,119,38.0,21.0,15.0
33,95,1.0,0,0
33,20,8.0,13.0,10.0
33,97,3.0,6.0,8.0
33,120,73.0,84.0,78.0
34,121,0.0,4.0,2.0
34,125,2.0,2.0,2.0
34,115,17.0,4.0,4.0
34,19,0.0,0,2.0
34,119,22.0,39.0,37.0
34,109,0.0,3.0,0
34,97,1.0,0,0
34,120,3.0,13.0,9.0
34,98,2.0,7.0,7.0
35,110,0.0,6.0,7.0
35,113,0.0,4.0,4.0
35,114,3.0,1.0,1.0
35,115,0.0,11.0,10.0
35,116,3.0,1.0,3.0
35,127,0.0,2.0,1.0
35,117,0.0,1.0,1.0
35,118,1.0,0,0
35,119,2.0,7.0,5.0
35,120,40.0,27.0,26.0
35,98,1.0,0,0
36,121,4.0,7.0,5.0
36,122,1.0,0,0
36,12,2.0,0,0
36,68,4.0,2.0,4.0
36,13,1.0,0,0
36,26,0.0,2.0,3.0
36,116,4.0,0,1.0
36,117,1.0,0,0
36,118,2.0,2.0,3.0
36,119,0.0,3.0,4.0
36,120,72.0,48.0,58.0
37,121,4.0,0,0
37,122,1.0,0,0
37,58,0.0,2.0,0
37,59,2.0,6.0,6.0
37,104,0.0,2.0,2.0
37,116,12.0,18.0,16.0
37,117,8.0,12.0,11.0
37,119,2.0,23.0,18.0
37,120,8.0,13.0,12.0
38,58,27.0,33.0,27.0
38,25,2.0,0,0
38,26,2.0,0,0
38,59,2.0,4.0,4.0
38,115,5.0,6.0,1.0
38,27,1.0,2.0,2.0
38,116,19.0,27.0,28.0
38,28,1.0,0,0
38,117,8.0,2.0,6.0
38,119,4.0,0,3.0
38,120,2.0,0,0
39,22,4.0,4.0,2.0
39,23,13.0,3.0,5.0
39,24,2.0,0,0
39,25,8.0,22.0,21.0
39,26,9.0,12.0,6.0
39,27,2.0,0,0
39,28,1.0,0,0
39,110,0.0,0,6.0
39,114,2.0,0,0
39,115,6.0,11.0,11.0
39,116,3.0,15.0,18.0
39,117,28.0,9.0,13.0
39,119,1.0,0,0
39,98,1.0,0,0
39,99,1.0,5.0,0
39,58,4.0,4.0,4.0
39,120,2.0,0,3.0
39,121,1.0,0,0
39,126,3.0,0,0
39,127,2.0,3.0,5.0
39,106,1.0,0,0
39,107,1.0,0,0
39,108,1.0,0,0
39,109,1.0,3.0,2.0
39,65,0.0,4.0,3.0
40,23,14.0,0,0
40,24,78.0,76.0,73.0
40,25,76.0,102.0,108.0
40,36,1.0,2.0,5.0
40,26,54.0,36.0,31.0
40,37,2.0,0,3.0
40,27,5.0,0,0
40,28,3.0,0,0
40,120,7.0,8.0,6.0
40,121,7.0,7.0,10.0
40,122,2.0,3.0,3.0
40,114,1.0,0,0
40,126,20.0,23.0,13.0
40,115,2.0,6.0,4.0
40,116,11.0,18.0,14.0
40,127,0.0,0,1.0
40,106,2.0,0,0
40,107,2.0,21.0,19.0
40,119,2.0,0,0
40,108,51.0,34.0,31.0
40,109,1.0,2.0,4.0
41,88,3.0,7.0,8.0
41,67,0.0,5.0,4.0
41,23,2.0,14.0,8.0
41,89,5.0,13.0,7.0
41,24,134.0,94.0,86.0
41,25,158.0,186.0,153.0
41,26,47.0,82.0,89.0
41,27,28.0,9.0,2.0
41,28,5.0,2.0,9.0
41,113,3.0,3.0,6.0
41,114,6.0,3.0,0
41,115,4.0,7.0,6.0
41,116,2.0,0,0
41,90,1.0,3.0,2.0
41,118,1.0,0,0
41,91,2.0,2.0,2.0
41,119,4.0,3.0,6.0
41,55,1.0,0,0
41,56,1.0,4.0,4.0
41,120,7.0,0,0
41,121,6.0,17.0,14.0
41,122,2.0,2.0,6.0
41,123,1.0,3.0,3.0
41,124,5.0,8.0,6.0
41,125,11.0,29.0,18.0
41,126,10.0,11.0,11.0
41,106,1.0,0,0
41,107,2.0,0,1.0
41,108,1.0,7.0,4.0
41,86,1.0,0,0
41,87,2.0,5.0,4.0
42,55,1.0,0,0
42,33,2.0,2.0,1.0
42,56,1.0,0,0
42,24,0.0,2.0,2.0
42,25,0.0,6.0,6.0
42,120,21.0,19.0,17.0
42,121,1.0,0,0
42,122,1.0,0,0
42,123,31.0,69.0,69.0
42,112,4.0,0,0
42,124,6.0,4.0,3.0
42,113,17.0,14.0,11.0
42,125,3.0,0,0
42,115,1.0,0,2.0
42,104,3.0,3.0,3.0
42,126,2.0,0,0
42,116,2.0,0,0
42,107,1.0,2.0,2.0
42,118,2.0,0,0
42,119,15.0,26.0,27.0
42,108,1.0,0,0
42,71,0.0,5.0,4.0
43,22,0.0,4.0,2.0
43,33,1.0,0,0
43,120,4.0,10.0,11.0
43,110,3.0,0,0
43,121,1.0,0,0
43,111,0.0,1.0,3.0
43,122,1.0,2.0,2.0
43,112,16.0,6.0,8.0
43,123,194.0,201.0,188.0
43,124,41.0,12.0,12.0
43,102,0.0,6.0,6.0
43,113,2.0,23.0,18.0
43,125,0.0,2.0,2.0
43,115,35.0,35.0,35.0
43,127,5.0,2.0,3.0
43,106,1.0,2.0,2.0
43,107,2.0,0,0
43,119,3.0,0,0
43,60,0.0,4.0,2.0
43,109,1.0,0,0
43,72,0.0,4.0,2.0
44,11,0.0,0,1.0
44,120,10.0,26.0,21.0
44,110,7.0,6.0,10.0
44,122,7.0,10.0,9.0
44,111,4.0,3.0,8.0
44,100,0.0,6.0,6.0
44,101,0.0,7.0,2.0
44,123,3.0,2.0,2.0
44,112,0.0,5.0,4.0
44,124,3.0,0,0
44,113,2.0,0,0
44,125,4.0,7.0,7.0
44,114,13.0,21.0,22.0
44,115,20.0,16.0,17.0
44,127,12.0,14.0,6.0
44,106,1.0,0,0
44,107,6.0,6.0,10.0
44,118,1.0,1.0,5.0
44,119,6.0,2.0,3.0
44,109,3.0,0,0
44,31,0.0,1.0,1.0
44,21,7.0,0,0
45,22,3.0,10.0,5.0
45,29,1.0,0,0
45,120,7.0,2.0,0
45,121,5.0,3.0,5.0
45,110,3.0,0,0
45,122,25.0,22.0,30.0
45,100,0.0,3.0,2.0
45,111,2.0,0,0
45,112,1.0,0,0
45,123,1.0,0,0
45,113,11.0,14.0,14.0
45,114,25.0,33.0,23.0
45,125,3.0,0,0
45,126,9.0,9.0,15.0
45,127,5.0,12.0,13.0
45,106,0.0,6.0,8.0
45,118,0.0,2.0,2.0
45,107,15.0,24.0,14.0
45,108,3.0,0,6.0
45,119,1.0,0,0
45,109,3.0,6.0,5.0
45,74,0.0,5.0,5.0
45,96,0.0,1.0,2.0
45,21,3.0,0,0
46,22,6.0,4.0,3.0
46,23,0.0,1.0,1.0
46,38,0.0,1.0,1.0
46,18,0.0,2.0,0
46,29,4.0,2.0,1.0
46,121,6.0,4.0,0
46,122,20.0,31.0,34.0
46,111,0.0,0,1.0
46,113,17.0,26.0,30.0
46,126,25.0,18.0,24.0
46,90,1.0,0,0
46,107,32.0,43.0,38.0
46,108,4.0,0,0
46,109,1.0,0,0
46,63,0.0,2.0,1.0
46,21,3.0,0,0
47,22,1.0,0,0
47,28,6.0,4.0,2.0
47,29,2.0,0,3.0
47,18,0.0,1.0,0
47,120,0.0,1.0,3.0
47,121,3.0,1.0,5.0
47,122,42.0,34.0,40.0
47,125,2.0,2.0,1.0
47,114,3.0,2.0,2.0
47,126,3.0,0,0
47,90,15.0,10.0,20.0
47,106,144.0,142.0,133.0
47,91,1.0,0,0
47,107,28.0,18.0,19.0
47,70,0.0,5.0,0
48,11,2.0,0,0
48,89,0.0,2.0,2.0
48,15,1.0,0,0
48,28,6.0,2.0,5.0
48,112,14.0,6.0,6.0
48,113,4.0,7.0,7.0
48,114,7.0,13.0,15.0
48,125,1.0,0,0
48,126,32.0,8.0,11.0
48,115,9.0,7.0,8.0
48,127,0.0,9.0,8.0
48,105,19.0,6.0,5.0
48,116,1.0,0,0
48,106,65.0,69.0,63.0
48,109,0.0,0,1.0
48,75,0.0,3.0,0
48,10,5.0,4.0,8.0
49,11,10.0,5.0,9.0
49,14,1.0,0,0
49,48,10.0,9.0,10.0
49,15,2.0,1.0,0
49,49,8.0,2.0,4.0
49,16,1.0,0,2.0
49,28,1.0,0,0
49,29,0.0,0,2.0
49,120,1.0,0,0
49,121,0.0,5.0,4.0
49,122,0.0,2.0,2.0
49,112,32.0,29.0,27.0
49,113,1.0,11.0,14.0
49,114,1.0,0,0
49,126,24.0,22.0,21.0
49,127,10.0,14.0,12.0
49,105,6.0,28.0,22.0
49,109,3.0,8.0,4.0
49,62,0.0,3.0,2.0
49,76,0.0,1.0,0
49,10,4.0,3.0,4.0
50,11,12.0,8.0,9.0
50,12,0.0,1.0,0
50,14,2.0,5.0,5.0
50,48,3.0,3.0,3.0
50,15,1.0,2.0,0
50,120,2.0,2.0,2.0
50,121,1.0,11.0,12.0
50,122,171.0,146.0,154.0
50,123,8.0,18.0,16.0
50,124,2.0,0,0
50,103,1.0,0,0
50,125,12.0,11.0,10.0
50,104,4.0,4.0,4.0
50,126,4.0,16.0,15.0
50,105,2.0,0,0
50,127,3.0,4.0,4.0
50,106,1.0,0,0
50,9,9.0,8.0,8.0
50,108,13.0,25.0,15.0
50,10,31.0,50.0,39.0
51,11,7.0,2.0,2.0
51,77,0.0,2.0,2.0
51,35,0.0,6.0,6.0
51,13,0.0,2.0,2.0
51,29,0.0,0,1.0
51,120,1.0,0,0
51,121,14.0,11.0,24.0
51,122,72.0,58.0,54.0
51,123,11.0,12.0,7.0
51,124,4.0,0,3.0
51,103,17.0,30.0,21.0
51,125,1.0,3.0,2.0
51,126,1.0,8.0,11.0
51,104,8.0,9.0,9.0
51,9,19.0,9.0,5.0
51,108,1.0,0,2.0
51,87,0.0,2.0,1.0
51,10,43.0,75.0,64.0
51,76,0.0,0,6.0
52,11,9.0,7.0,9.0
52,12,1.0,2.0,0
52,13,1.0,0,0
52,79,0.0,2.0,2.0
52,14,0.0,2.0,2.0
52,120,2.0,2.0,0
52,121,6.0,13.0,19.0
52,122,22.0,14.0,20.0
52,123,7.0,9.0,5.0
52,124,19.0,36.0,36.0
52,102,0.0,0,3.0
52,103,9.0,28.0,31.0
52,125,0.0,1.0,3.0
52,126,19.0,6.0,5.0
52,104,6.0,0,0
52,127,1.0,0,0
52,9,0.0,2.0,2.0
52,92,0.0,2.0,4.0
52,41,0.0,0,1.0
52,31,1.0,0,0
52,10,6.0,8.0,7.0
52,32,1.0,1.0,0
53,29,2.0,3.0,3.0
53,92,0.0,1.0,3.0
53,30,1.0,2.0,2.0
53,31,4.0,1.0,2.0
53,32,1.0,0,1.0
53,120,2.0,0,1.0
53,121,2.0,0,0
53,122,3.0,0,0
53,100,1.0,0,0
53,123,1.0,0,0
53,101,6.0,8.0,6.0
53,102,25.0,11.0,5.0
53,124,141.0,124.0,133.0
53,103,0.0,4.0,3.0
53,125,90.0,112.0,101.0
53,104,0.0,1.0,0
53,126,6.0,14.0,24.0
53,105,1.0,0,0
53,127,1.0,0,0
53,8,1.0,0,0
53,9,5.0,6.0,6.0
53,82,0.0,0,2.0
53,60,0.0,0,5.0
53,62,0.0,5.0,3.0
53,43,0.0,2.0,0
54,89,0.0,1.0,0
54,46,1.0,0,0
54,69,0.0,6.0,1.0
54,47,14.0,26.0,18.0
54,25,0.0,1.0,0
54,48,10.0,24.0,20.0
54,49,3.0,0,0
54,29,3.0,2.0,2.0
54,118,1.0,0,0
54,119,1.0,0,0
54,93,1.0,0,0
54,94,1.0,1.0,1.0
54,95,12.0,5.0,5.0
54,30,3.0,0,0
54,99,1.0,0,0
54,37,0.0,1.0,1.0
54,39,0.0,9.0,5.0
54,100,2.0,6.0,6.0
54,101,1.0,1.0,1.0
54,124,1.0,2.0,2.0
54,125,373.0,44.0,44.0
54,104,4.0,4.0,5.0
54,126,465.0,705.0,687.0
54,105,4.0,0,0
54,84,1.0,0,0
54,41,0.0,1.0,5.0
54,85,1.0,0,0
55,47,17.0,14.0,15.0
55,48,72.0,56.0,54.0
55,49,5.0,8.0,13.0
55,29,1.0,0,2.0
55,118,3.0,0,0
55,119,5.0,11.0,12.0
55,92,1.0,0,0
55,93,5.0,7.0,6.0
55,94,16.0,15.0,16.0
55,95,14.0,9.0,4.0
55,30,3.0,0,0
55,31,1.0,0,0
55,34,2.0,0,0
55,35,6.0,4.0,4.0
55,36,2.0,0,0
55,37,5.0,0,1.0
55,38,1.0,1.0,1.0
55,39,2.0,1.0,0
55,120,1.0,0,0
55,100,1.0,0,0
55,123,0.0,3.0,0
55,124,20.0,13.0,14.0
55,103,7.0,4.0,4.0
55,125,4.0,26.0,18.0
55,126,105.0,144.0,165.0
55,104,12.0,18.0,18.0
55,105,2.0,0,0
55,127,1.0,0,0
55,84,1.0,0,0
55,85,3.0,5.0,4.0
56,46,0.0,1.0,0
56,47,0.0,0,2.0
56,91,6.0,4.0,3.0
56,118,1.0,0,0
56,92,2.0,4.0,5.0
56,119,3.0,0,0
56,93,4.0,6.0,7.0
56,94,2.0,0,0
56,30,0.0,0,1.0
56,31,1.0,1.0,0
56,32,0.0,3.0,2.0
56,33,0.0,6.0,5.0
56,34,7.0,3.0,2.0
56,78,0.0,3.0,3.0
56,35,12.0,26.0,24.0
56,36,25.0,25.0,32.0
56,37,1.0,0,0
56,38,2.0,0,2.0
56,120,2.0,5.0,5.0
56,122,2.0,0,0
56,123,7.0,8.0,10.0
56,124,6.0,4.0,4.0
56,103,26.0,25.0,19.0
56,125,1.0,2.0,3.0
56,126,47.0,11.0,15.0
56,104,0.0,10.0,8.0
56,83,1.0,7.0,4.0
56,84,1.0,0,0
56,85,1.0,0,0
57,33,37.0,20.0,18.0
57,34,130.0,95.0,87.0
57,35,97.0,113.0,111.0
57,36,1.0,14.0,11.0
57,29,0.0,2.0,2.0
57,120,5.0,0,0
57,121,11.0,16.0,18.0
57,122,9.0,0,0
57,100,1.0,1.0,0
57,123,7.0,16.0,13.0
57,101,2.0,15.0,12.0
57,124,4.0,2.0,3.0
57,102,43.0,30.0,30.0
57,103,6.0,6.0,4.0
57,118,16.0,14.0,9.0
57,119,1.0,0,0
57,82,3.0,3.0,2.0
57,83,11.0,1.0,0
57,94,0.0,5.0,2.0
57,96,3.0,3.0,4.0
57,32,7.0,7.0,7.0
58,44,0.0,5.0,11.0
58,88,0.0,1.0,0
58,89,2.0,0,0
58,117,4.0,5.0,7.0
58,118,15.0,34.0,23.0
58,119,57.0,40.0,46.0
58,93,1.0,0,0
58,73,0.0,2.0,1.0
58,96,9.0,13.0,12.0
58,53,0.0,1.0,0
58,98,3.0,2.0,1.0
58,32,2.0,2.0,2.0
58,99,1.0,2.0,4.0
58,33,4.0,0,0
58,78,0.0,3.0,2.0
58,34,15.0,27.0,22.0
58,35,17.0,18.0,18.0
58,36,0.0,5.0,4.0
58,120,14.0,7.0,6.0
58,121,23.0,25.0,23.0
58,100,8.0,5.0,6.0
58,122,16.0,20.0,19.0
58,123,2.0,3.0,3.0
58,101,6.0,16.0,15.0
58,102,10.0,1.0,0
58,126,0.0,5.0,4.0
58,127,2.0,0,0
58,80,13.0,13.0,19.0
58,81,13.0,10.0,6.0
58,82,10.0,6.0,6.0
58,83,13.0,23.0,23.0
58,84,1.0,3.0,2.0
59,88,13.0,22.0,19.0
59,89,9.0,7.0,5.0
59,90,14.0,19.0,19.0
59,118,24.0,7.0,10.0
59,92,1.0,6.0,4.0
59,119,13.0,12.0,14.0
59,93,5.0,3.0,4.0
59,71,0.0,1.0,1.0
59,94,14.0,13.0,13.0
59,95,0.0,7.0,6.0
59,96,0.0,6.0,7.0
59,98,2.0,8.0,3.0
59,32,0.0,2.0,2.0
59,33,0.0,5.0,4.0
59,99,0.0,5.0,1.0
59,34,6.0,0,0
59,120,1.0,0,0
59,121,6.0,8.0,12.0
59,122,8.0,0,0
59,100,3.0,0,0
59,123,2.0,0,0
59,101,1.0,0,0
59,102,1.0,0,0
59,126,0.0,2.0,0
59,127,1.0,8.0,4.0
59,80,5.0,6.0,6.0
59,81,3.0,5.0,5.0
59,82,4.0,3.0,1.0
59,83,4.0,0,0
59,84,5.0,6.0,6.0
59,85,4.0,0,0
59,87,1.0,2.0,1.0
60,88,11.0,0,0
60,44,0.0,2.0,1.0
60,89,1.0,0,0
60,90,4.0,5.0,5.0
60,92,4.0,0,0
60,93,1.0,5.0,6.0
60,72,20.0,10.0,15.0
60,94,19.0,14.0,16.0
60,95,59.0,53.0,61.0
60,73,8.0,13.0,10.0
60,74,10.0,8.0,9.0
60,75,8.0,5.0,8.0
60,53,19.0,28.0,27.0
60,32,0.0,6.0,5.0
60,98,3.0,3.0,1.0
60,76,0.0,3.0,0
60,77,16.0,27.0,21.0
60,78,0.0,7.0,11.0
60,79,12.0,12.0,9.0
60,36,4.0,3.0,3.0
60,120,1.0,0,0
60,100,3.0,0,0
60,103,17.0,5.0,11.0
60,126,2.0,3.0,1.0
60,104,6.0,11.0,10.0
60,127,5.0,2.0,2.0
60,106,1.0,1.0,1.0
60,81,7.0,13.0,12.0
60,82,4.0,7.0,6.0
60,83,7.0,8.0,7.0
60,84,4.0,6.0,10.0
60,85,9.0,0,0
60,86,13.0,3.0,9.0
60,64,0.0,4.0,3.0
60,87,1.0,3.0,3.0
61,88,50.0,50.0,49.0
61,89,32.0,51.0,47.0
61,117,0.0,7.0,2.0
61,90,34.0,33.0,34.0
61,118,0.0,2.0,0
61,91,11.0,17.0,9.0
61,92,10.0,9.0,10.0
61,70,5.0,0,0
61,93,3.0,0,0
61,71,7.0,1.0,1.0
61,72,2.0,2.0,2.0
61,73,4.0,0,0
61,95,0.0,1.0,1.0
61,51,3.0,1.0,1.0
61,74,5.0,17.0,8.0
61,96,4.0,3.0,2.0
61,52,20.0,31.0,26.0
61,75,2.0,3.0,2.0
61,53,11.0,10.0,8.0
61,76,6.0,5.0,2.0
61,98,2.0,4.0,4.0
61,32,0.0,2.0,1.0
61,99,5.0,6.0,6.0
61,77,28.0,29.0,26.0
61,78,13.0,4.0,4.0
61,36,1.0,0,0
61,38,0.0,5.0,4.0
61,120,5.0,5.0,5.0
61,121,0.0,0,2.0
61,100,1.0,7.0,2.0
61,122,3.0,0,0
61,123,13.0,0,0
61,103,13.0,18.0,8.0
61,125,21.0,7.0,7.0
61,104,40.0,34.0,30.0
61,126,1.0,0,0
61,105,32.0,28.0,22.0
61,127,1.0,0,0
61,106,5.0,7.0,6.0
61,80,3.0,0,0
61,83,2.0,0,0
61,84,40.0,27.0,28.0
61,85,8.0,24.0,16.0
61,86,38.0,26.0,26.0
61,87,253.0,228.0,238.0
62,88,0.0,10.0,8.0
62,89,2.0,13.0,6.0
62,114,29.0,3.0,3.0
62,115,4.0,2.0,1.0
62,116,0.0,2.0,2.0
62,117,14.0,21.0,25.0
62,118,4.0,3.0,7.0
62,91,4.0,0,1.0
62,92,1.0,0,0
62,119,1.0,0,0
62,93,1.0,0,0
62,50,2.0,0,0
62,51,3.0,5.0,4.0
62,96,13.0,9.0,11.0
62,52,1.0,0,0
62,97,3.0,3.0,2.0
62,98,1.0,1.0,2.0
62,99,3.0,9.0,6.0
62,120,11.0,17.0,12.0
62,121,1.0,0,0
62,122,10.0,7.0,7.0
62,123,32.0,38.0,32.0
62,124,1.0,1.0,1.0
62,5,0.0,0,1.0
62,127,0.0,5.0,7.0
62,25,0.0,1.0,0
62,69,2.0,3.0,0
62,70,31.0,25.0,25.0
62,71,21.0,42.0,30.0
62,72,5.0,7.0,6.0
62,74,1.0,0,0
62,31,0.0,2.0,2.0
62,75,8.0,3.0,4.0
62,76,5.0,2.0,2.0
62,32,0.0,1.0,0
62,77,19.0,15.0,15.0
62,78,54.0,62.0,60.0
62,102,6.0,6.0,6.0
62,103,10.0,14.0,12.0
62,104,14.0,9.0,15.0
62,105,0.0,5.0,4.0
62,80,15.0,19.0,19.0
62,81,25.0,31.0,34.0
62,82,10.0,11.0,9.0
62,83,36.0,37.0,38.0
62,84,3.0,7.0,6.0
62,85,8.0,6.0,6.0
62,41,1.0,0,0
62,86,4.0,16.0,19.0
62,42,1.0,0,0
62,87,25.0,25.0,28.0
63,88,6.0,7.0,8.0
63,89,4.0,5.0,7.0
63,68,0.0,6.0,0
63,69,3.0,0,0
63,114,28.0,18.0,16.0
63,115,90.0,94.0,96.0
63,116,69.0,58.0,50.0
63,90,19.0,14.0,16.0
63,117,23.0,32.0,37.0
63,118,0.0,4.0,1.0
63,91,6.0,11.0,10.0
63,92,4.0,0,1.0
63,70,3.0,4.0,7.0
63,119,4.0,0,0
63,93,6.0,5.0,13.0
63,71,14.0,20.0,15.0
63,94,1.0,3.0,3.0
63,72,3.0,0,0
63,73,1.0,0,0
63,74,6.0,2.0,2.0
63,96,0.0,0,4.0
63,75,19.0,25.0,24.0
63,76,5.0,7.0,10.0
63,98,4.0,4.0,4.0
63,79,7.0,5.0,4.0
63,38,3.0,3.0,3.0
63,39,1.0,0,0
63,120,12.0,18.0,20.0
63,121,2.0,0,0
63,122,7.0,14.0,10.0
63,123,1.0,4.0,4.0
63,124,20.0,0,0
63,102,1.0,0,0
63,81,0.0,3.0,3.0
63,83,0.0,6.0,7.0
63,40,2.0,3.0,2.0
63,84,5.0,5.0,4.0
63,41,2.0,6.0,0
63,85,9.0,12.0,14.0
63,86,11.0,9.0,6.0
63,42,2.0,3.0,7.0
63,43,1.0,4.0,0
63,87,69.0,55.0,48.0
64,66,0.0,1.0,1.0
64,88,29.0,40.0,42.0
64,89,3.0,1.0,0
64,47,4.0,0,0
64,48,18.0,22.0,19.0
64,49,21.0,19.0,22.0
64,113,0.0,6.0,5.0
64,114,22.0,25.0,23.0
64,115,97.0,45.0,52.0
64,116,11.0,0,0
64,90,6.0,3.0,2.0
64,91,27.0,46.0,31.0
64,92,0.0,3.0,2.0
64,70,3.0,21.0,23.0
64,71,1.0,15.0,14.0
64,50,18.0,25.0,22.0
64,72,1.0,6.0,5.0
64,73,4.0,2.0,2.0
64,51,6.0,0,0
64,74,1.0,5.0,5.0
64,75,3.0,0,0
64,76,1.0,0,0
64,98,2.0,0,0
64,99,1.0,0,0
64,78,13.0,24.0,25.0
64,79,5.0,2.0,2.0
64,19,0.0,2.0,2.0
64,120,0.0,3.0,0
64,121,0.0,15.0,14.0
64,122,0.0,15.0,13.0
64,123,0.0,0,1.0
64,102,2.0,0,0
64,124,1018.0,747.0,777.0
64,103,1.0,5.0,3.0
64,125,369.0,504.0,490.0
64,80,0.0,0,1.0
64,81,11.0,12.0,9.0
64,82,1.0,0,0
64,83,51.0,35.0,33.0
64,84,5.0,1.0,4.0
64,85,13.0,0,0
64,86,17.0,24.0,16.0
64,87,118.0,107.0,125.0
64,65,0.0,3.0,2.0
65,47,3.0,3.0,3.0
65,48,95.0,209.0,200.0
65,49,6.0,37.0,32.0
65,112,2.0,0,0
65,113,3.0,4.0,0
65,114,1.0,20.0,20.0
65,115,23.0,21.0,15.0
65,116,2.0,0,0
65,91,3.0,10.0,7.0
65,92,1.0,0,0
65,50,3.0,0,0
65,51,0.0,0,2.0
65,52,5.0,0,0
65,97,13.0,7.0,9.0
65,53,4.0,3.0,6.0
65,98,10.0,7.0,11.0
65,54,1.0,0,0
65,55,1.0,0,0
65,99,94.0,72.0,59.0
65,120,0.0,15.0,15.0
65,121,136.0,108.0,97.0
65,122,168.0,159.0,150.0
65,123,165.0,87.0,72.0
65,124,433.0,468.0,483.0
65,125,68.0,154.0,217.0
65,126,1.0,11.0,11.0
65,127,14.0,4.0,3.0
65,67,1.0,0,0
65,24,0.0,0,1.0
65,68,1.0,8.0,0
65,69,12.0,43.0,43.0
65,29,4.0,2.0,2.0
65,70,117.0,72.0,68.0
65,71,47.0,35.0,30.0
65,72,1.0,5.0,7.0
65,73,2.0,0,0
65,74,1.0,0,0
65,75,3.0,0,0
65,76,2.0,11.0,9.0
65,77,9.0,7.0,2.0
65,100,36.0,27.0,40.0
65,101,10.0,10.0,16.0
65,102,0.0,6.0,4.0
65,104,3.0,7.0,4.0
65,105,1.0,0,5.0
65,81,16.0,8.0,8.0
65,82,2.0,14.0,14.0
65,83,2.0,0,0
65,84,12.0,21.0,27.0
65,85,13.0,18.0,16.0
65,86,51.0,19.0,22.0
65,87,1.0,3.0,5.0
66,88,1.0,6.0,4.0
66,89,1.0,1.0,1.0
66,45,1.0,1.0,0
66,46,1.0,0,0
66,47,8.0,1.0,0
66,48,94.0,50.0,43.0
66,49,77.0,24.0,24.0
66,110,1.0,0,0
66,111,1.0,1.0,0
66,112,2.0,1.0,2.0
66,113,37.0,54.0,54.0
66,114,6.0,2.0,1.0
66,115,27.0,30.0,25.0
66,93,8.0,20.0,21.0
66,50,8.0,27.0,31.0
66,94,39.0,33.0,34.0
66,51,8.0,7.0,1.0
66,52,10.0,16.0,14.0
66,53,12.0,23.0,19.0
66,97,22.0,29.0,30.0
66,98,22.0,24.0,25.0
66,54,7.0,7.0,11.0
66,99,174.0,148.0,155.0
66,55,7.0,2.0,1.0
66,56,2.0,3.0,5.0
66,59,4.0,8.0,5.0
66,120,35.0,50.0,13.0
66,121,260.0,264.0,320.0
66,122,27.0,84.0,87.0
66,123,7.0,14.0,17.0
66,124,207.0,239.0,237.0
66,125,14.0,0,0
66,126,1.0,0,0
66,127,8.0,6.0,3.0
66,60,1.0,1.0,1.0
66,67,3.0,9.0,6.0
66,68,7.0,3.0,1.0
66,69,4.0,8.0,8.0
66,29,6.0,9.0,7.0
66,70,1.0,5.0,6.0
66,71,1.0,0,0
66,30,3.0,1.0,2.0
66,75,4.0,2.0,2.0
66,76,3.0,12.0,10.0
66,77,3.0,5.0,4.0
66,78,2.0,0,0
66,39,1.0,6.0,3.0
66,100,58.0,80.0,64.0
66,101,8.0,11.0,11.0
66,102,65.0,54.0,82.0
66,103,44.0,8.0,18.0
66,104,11.0,3.0,11.0
66,80,2.0,4.0,3.0
66,81,2.0,4.0,2.0
66,83,1.0,0,0
66,84,10.0,6.0,3.0
66,40,1.0,0,0
66,85,6.0,5.0,10.0
66,86,7.0,6.0,3.0
66,87,5.0,2.0,7.0
67,44,7.0,5.0,6.0
67,89,2.0,0,0
67,45,2.0,0,2.0
67,46,0.0,1.0,2.0
67,48,1.0,0,0
67,49,3.0,2.0,1.0
67,110,3.0,8.0,0
67,111,2.0,0,0
67,112,1.0,2.0,2.0
67,113,4.0,0,0
67,114,12.0,12.0,12.0
67,115,12.0,14.0,16.0
67,116,2.0,0,0
67,90,1.0,2.0,2.0
67,119,16.0,6.0,13.0
67,92,89.0,78.0,76.0
67,93,29.0,44.0,48.0
67,50,13.0,1.0,3.0
67,94,1.0,7.0,2.0
67,51,1.0,0,1.0
67,95,1.0,0,0
67,52,0.0,3.0,2.0
67,96,2.0,0,0
67,97,10.0,18.0,15.0
67,53,11.0,11.0,8.0
67,98,7.0,14.0,20.0
67,54,20.0,27.0,17.0
67,55,12.0,13.0,16.0
67,56,4.0,4.0,6.0
67,57,1.0,6.0,8.0
67,58,4.0,6.0,6.0
67,59,6.0,3.0,4.0
67,120,258.0,34.0,154.0
67,121,52.0,39.0,47.0
67,122,23.0,22.0,21.0
67,123,10.0,4.0,4.0
67,124,1.0,0,0
67,127,0.0,33.0,29.0
67,60,2.0,11.0,9.0
67,61,8.0,21.0,21.0
67,62,179.0,178.0,196.0
67,63,28.0,68.0,64.0
67,64,4.0,20.0,18.0
67,65,5.0,14.0,10.0
67,66,2.0,16.0,12.0
67,67,32.0,28.0,20.0
67,68,10.0,11.0,14.0
67,69,9.0,9.0,9.0
67,27,0.0,1.0,0
67,29,3.0,1.0,0
67,70,3.0,0,0
67,71,1.0,0,0
67,73,0.0,3.0,2.0
67,75,1.0,0,0
67,76,1.0,0,0
67,39,26.0,35.0,36.0
67,100,2.0,0,0
67,101,6.0,0,0
67,102,19.0,24.0,29.0
67,103,31.0,7.0,9.0
67,104,23.0,9.0,10.0
67,105,6.0,4.0,8.0
67,80,3.0,11.0,6.0
67,81,3.0,0,0
67,40,15.0,3.0,0
67,85,0.0,4.0,4.0
67,86,22.0,12.0,10.0
68,44,1.0,0,0
68,88,1.0,0,0
68,45,1.0,0,0
68,89,3.0,0,0
68,46,0.0,1.0,0
68,48,0.0,4.0,4.0
68,49,1.0,0,0
68,111,1.0,1.0,1.0
68,112,2.0,0,0
68,114,3.0,0,0
68,115,3.0,0,0
68,116,5.0,5.0,4.0
68,117,5.0,3.0,3.0
68,90,37.0,14.0,11.0
68,91,4.0,44.0,49.0
68,118,2.0,0,0
68,92,70.0,33.0,32.0
68,119,3.0,25.0,30.0
68,93,4.0,0,0
68,96,4.0,0,0
68,52,3.0,1.0,2.0
68,97,9.0,12.0,7.0
68,53,5.0,2.0,1.0
68,98,4.0,0,0
68,99,5.0,3.0,2.0
68,56,1.0,0,0
68,57,2.0,0,0
68,58,4.0,5.0,1.0
68,59,27.0,33.0,28.0
68,120,1.0,8.0,2.0
68,121,3.0,0,0
68,122,1.0,1.0,0
68,127,1.0,11.0,11.0
68,60,17.0,8.0,14.0
68,61,333.0,269.0,237.0
68,62,554.0,424.0,459.0
68,63,48.0,41.0,41.0
68,64,2.0,2.0,2.0
68,20,1.0,2.0,1.0
68,21,3.0,8.0,6.0
68,65,0.0,3.0,4.0
68,66,39.0,42.0,33.0
68,22,7.0,7.0,7.0
68,67,114.0,99.0,102.0
68,68,3.0,6.0,8.0
68,69,10.0,10.0,8.0
68,29,0.0,8.0,1.0
68,70,5.0,10.0,5.0
68,100,9.0,7.0,4.0
68,101,3.0,0,0
68,102,14.0,0,4.0
68,103,31.0,31.0,38.0
68,104,66.0,31.0,41.0
68,105,19.0,35.0,34.0
68,107,72.0,11.0,41.0
68,108,0.0,11.0,9.0
68,109,0.0,0,3.0
68,83,1.0,0,0
68,84,3.0,0,0
68,85,5.0,0,0
69,88,4.0,4.0,2.0
69,89,18.0,20.0,23.0
69,111,5.0,0,0
69,112,9.0,22.0,22.0
69,114,0.0,10.0,8.0
69,115,44.0,85.0,103.0
69,116,101.0,67.0,72.0
69,90,17.0,19.0,21.0
69,117,14.0,23.0,25.0
69,118,25.0,17.0,21.0
69,119,8.0,7.0,4.0
69,96,3.0,0,0
69,97,7.0,19.0,19.0
69,99,5.0,12.0,16.0
69,57,2.0,0,0
69,58,4.0,15.0,8.0
69,59,49.0,50.0,49.0
69,126,7.0,7.0,5.0
69,127,12.0,18.0,25.0
69,60,8.0,17.0,11.0
69,61,0.0,12.0,13.0
69,62,8.0,2.0,3.0
69,63,21.0,28.0,25.0
69,20,1.0,0,0
69,64,4.0,12.0,9.0
69,65,10.0,5.0,3.0
69,21,5.0,2.0,4.0
69,22,0.0,3.0,3.0
69,66,16.0,19.0,26.0
69,67,40.0,28.0,23.0
69,68,7.0,35.0,31.0
69,69,15.0,22.0,23.0
69,28,1.0,0,0
69,70,3.0,0,0
69,100,10.0,13.0,14.0
69,101,2.0,0,0
69,102,3.0,2.0,0
69,103,11.0,0,7.0
69,104,12.0,8.0,33.0
69,105,89.0,51.0,58.0
69,106,94.0,31.0,14.0
69,107,160.0,109.0,239.0
69,108,78.0,29.0,28.0
69,81,12.0,12.0,5.0
69,82,15.0,8.0,10.0
69,83,13.0,12.0,10.0
69,84,18.0,35.0,43.0
69,40,1.0,0,0
69,85,9.0,32.0,26.0
69,41,1.0,0,0
69,42,1.0,0,0
69,86,26.0,17.0,10.0
69,87,2.0,0,2.0
69,43,0.0,2.0,2.0
70,88,1.0,0,0
70,89,4.0,0,0
70,49,0.0,1.0,1.0
70,110,0.0,3.0,2.0
70,111,8.0,0,0
70,112,16.0,20.0,22.0
70,114,225.0,101.0,123.0
70,115,187.0,339.0,331.0
70,116,134.0,38.0,50.0
70,90,3.0,0,0
70,117,0.0,2.0,0
70,118,30.0,19.0,26.0
70,95,1.0,0,0
70,96,4.0,7.0,6.0
70,97,9.0,5.0,5.0
70,53,0.0,2.0,2.0
70,99,1.0,0,0
70,57,2.0,0,0
70,58,6.0,20.0,16.0
70,59,1.0,10.0,8.0
70,120,0.0,2.0,2.0
70,124,1.0,0,0
70,126,38.0,35.0,28.0
70,127,5.0,17.0,15.0
70,60,2.0,0,0
70,62,5.0,3.0,2.0
70,63,17.0,19.0,15.0
70,64,2.0,1.0,2.0
70,65,19.0,9.0,14.0
70,66,0.0,7.0,3.0
70,22,3.0,6.0,4.0
70,23,1.0,3.0,2.0
70,28,15.0,48.0,33.0
70,29,26.0,22.0,16.0
70,33,0.0,1.0,0
70,34,1.0,0,0
70,79,13.0,2.0,2.0
70,37,1.0,0,0
70,38,2.0,1.0,0
70,39,2.0,2.0,2.0
70,100,5.0,4.0,4.0
70,101,6.0,0,0
70,103,4.0,0,0
70,104,9.0,25.0,27.0
70,105,161.0,113.0,119.0
70,106,188.0,169.0,190.0
70,107,281.0,218.0,268.0
70,80,0.0,15.0,20.0
70,81,38.0,32.0,33.0
70,108,18.0,13.0,13.0
70,82,6.0,24.0,19.0
70,83,20.0,6.0,5.0
70,84,22.0,11.0,10.0
70,40,7.0,16.0,13.0
70,41,3.0,5.0,8.0
70,85,4.0,0,0
70,86,1.0,0,0
70,42,2.0,4.0,3.0
70,43,1.0,0,0
71,110,21.0,15.0,17.0
71,111,4.0,2.0,11.0
71,112,13.0,0,4.0
71,113,26.0,18.0,23.0
71,114,11.0,26.0,38.0
71,115,737.0,807.0,899.0
71,116,161.0,24.0,32.0
71,117,0.0,1.0,0
71,118,38.0,35.0,29.0
71,119,0.0,2.0,0
71,93,2.0,0,0
71,94,6.0,13.0,10.0
71,95,5.0,3.0,4.0
71,97,1.0,4.0,2.0
71,98,6.0,8.0,9.0
71,99,3.0,1.0,0
71,18,1.0,5.0,4.0
71,124,26.0,6.0,6.0
71,125,6.0,12.0,14.0
71,126,72.0,45.0,43.0
71,62,1.0,0,0
71,63,3.0,6.0,6.0
71,64,32.0,33.0,31.0
71,65,5.0,1.0,1.0
71,23,2.0,0,2.0
71,27,1.0,0,0
71,28,6.0,4.0,2.0
71,29,6.0,7.0,6.0
71,71,1.0,0,2.0
71,74,3.0,3.0,6.0
71,75,4.0,1.0,0
71,76,3.0,0,0
71,77,15.0,12.0,12.0
71,78,28.0,40.0,30.0
71,34,1.0,1.0,0
71,79,98.0,202.0,199.0
71,38,3.0,4.0,3.0
71,39,3.0,3.0,3.0
71,100,2.0,7.0,7.0
71,101,2.0,1.0,3.0
71,103,2.0,0,0
71,104,6.0,10.0,5.0
71,105,77.0,61.0,93.0
71,106,308.0,522.0,522.0
71,80,335.0,217.0,247.0
71,107,1326.0,1195.0,1139.0
71,81,103.0,117.0,113.0
71,108,12.0,29.0,27.0
71,109,13.0,5.0,9.0
71,82,2.0,0,0
71,84,1.0,5.0,6.0
71,85,3.0,0,0
71,41,1.0,0,0
71,43,2.0,0,0
72,110,400.0,23.0,80.0
72,111,7.0,8.0,14.0
72,112,4.0,0,0
72,113,33.0,83.0,93.0
72,114,163.0,108.0,134.0
72,115,0.0,14.0,12.0
72,116,0.0,3.0,5.0
72,117,5.0,16.0,9.0
72,118,7.0,5.0,5.0
72,92,3.0,0,0
72,93,18.0,15.0,23.0
72,94,24.0,27.0,26.0
72,95,4.0,0,4.0
72,97,1.0,0,0
72,98,7.0,11.0,8.0
72,99,3.0,0,0
72,18,2.0,1.0,2.0
72,19,0.0,1.0,1.0
72,123,1.0,3.0,1.0
72,124,6.0,7.0,8.0
72,125,11.0,26.0,28.0
72,63,48.0,55.0,49.0
72,64,5.0,13.0,16.0
72,23,1.0,2.0,2.0
72,70,0.0,2.0,2.0
72,71,2.0,0,0
72,72,1.0,0,0
72,74,1.0,4.0,1.0
72,75,1.0,1.0,2.0
72,76,3.0,3.0,3.0
72,32,0.0,0,3.0
72,77,20.0,27.0,22.0
72,78,6.0,7.0,8.0
72,79,1.0,1.0,1.0
72,39,0.0,3.0,2.0
72,100,1.0,0,0
72,101,2.0,0,0
72,102,49.0,12.0,16.0
72,103,37.0,49.0,60.0
72,104,0.0,15.0,17.0
72,105,21.0,11.0,16.0
72,106,168.0,121.0,200.0
72,107,1193.0,1119.0,1099.0
72,80,44.0,58.0,59.0
72,81,7.0,15.0,14.0
72,108,143.0,8.0,11.0
72,82,1.0,6.0,6.0
72,109,70.0,111.0,96.0
72,83,0.0,1.0,2.0
72,40,17.0,24.0,13.0
72,84,5.0,10.0,9.0
72,85,6.0,2.0,2.0
72,41,5.0,6.0,4.0
72,86,3.0,0,0
72,87,2.0,0,0
73,88,36.0,39.0,36.0
73,22,2.0,5.0,3.0
73,110,1.0,124.0,215.0
73,112,325.0,358.0,226.0
73,113,708.0,112.0,388.0
73,114,22.0,7.0,55.0
73,115,3.0,2.0,0
73,116,22.0,16.0,16.0
73,117,11.0,14.0,17.0
73,118,3.0,6.0,3.0
73,91,4.0,0,0
73,92,21.0,23.0,22.0
73,93,13.0,7.0,6.0
73,94,5.0,1.0,1.0
73,72,1.0,4.0,3.0
73,76,3.0,4.0,3.0
73,77,3.0,3.0,3.0
73,55,0.0,3.0,3.0
73,99,2.0,0,0
73,56,0.0,3.0,3.0
73,78,4.0,10.0,10.0
73,79,18.0,12.0,14.0
73,57,0.0,0,2.0
73,39,3.0,1.0,1.0
73,120,2.0,0,0
73,121,2.0,0,0
73,123,1.0,6.0,7.0
73,102,3.0,0,0
73,124,7.0,1.0,2.0
73,125,3.0,0,0
73,103,7.0,3.0,4.0
73,104,3.0,1.0,2.0
73,105,38.0,29.0,34.0
73,80,27.0,7.0,6.0
73,107,1500.0,1201.0,1478.0
73,108,864.0,1062.0,1023.0
73,81,12.0,2.0,2.0
73,109,47.0,35.0,74.0
73,82,2.0,0,0
73,83,0.0,2.0,2.0
73,84,6.0,3.0,1.0
73,85,60.0,54.0,43.0
73,63,10.0,13.0,12.0
73,64,1.0,0,0
73,86,5.0,32.0,20.0
73,21,2.0,0,0
73,87,139.0,125.0,121.0
74,88,9.0,17.0,15.0
74,22,1.0,0,0
74,89,7.0,30.0,27.0
74,29,1.0,0,0
74,110,1.0,2.0,0
74,111,934.0,972.0,968.0
74,112,479.0,327.0,337.0
74,113,149.0,0,43.0
74,114,4.0,11.0,0
74,116,8.0,3.0,6.0
74,90,35.0,34.0,41.0
74,91,9.0,12.0,9.0
74,119,5.0,11.0,6.0
74,92,3.0,3.0,3.0
74,30,0.0,5.0,0
74,53,0.0,2.0,2.0
74,76,1.0,0,0
74,99,1.0,0,0
74,78,0.0,1.0,1.0
74,79,3.0,0,2.0
74,39,0.0,0,2.0
74,120,10.0,10.0,7.0
74,121,9.0,12.0,14.0
74,101,6.0,17.0,9.0
74,103,33.0,0,21.0
74,104,45.0,45.0,56.0
74,105,21.0,29.0,23.0
74,107,143.0,236.0,73.0
74,108,1550.0,1471.0,1415.0
74,109,2107.0,2108.0,2136.0
74,61,2.0,0,0
74,62,32.0,34.0,36.0
74,84,0.0,2.0,0
74,63,7.0,2.0,2.0
74,85,0.0,10.0,11.0
74,86,37.0,27.0,40.0
74,21,1.0,1.0,1.0
74,87,83.0,84.0,88.0
75,88,3.0,10.0,9.0
75,89,76.0,60.0,60.0
75,69,1.0,0,0
75,28,62.0,48.0,42.0
75,29,44.0,77.0,53.0
75,110,273.0,31.0,104.0
75,111,1356.0,1294.0,1280.0
75,112,74.0,3.0,0
75,113,36.0,0,0
75,114,1.0,0,0
75,116,42.0,46.0,55.0
75,117,72.0,48.0,42.0
75,90,21.0,24.0,18.0
75,91,1.0,0,0
75,70,1.0,0,0
75,119,0.0,0,2.0
75,30,21.0,3.0,2.0
75,31,5.0,12.0,11.0
75,98,0.0,1.0,0
75,120,3.0,0,0
75,121,4.0,0,0
75,100,0.0,2.0,0
75,101,3.0,0,0
75,102,36.0,34.0,29.0
75,103,78.0,54.0,67.0
75,104,46.0,16.0,16.0
75,107,1347.0,1082.0,1169.0
75,108,4688.0,4671.0,4454.0
75,109,1249.0,306.0,457.0
75,61,1.0,0,0
75,63,1.0,0,0
75,86,1.0,0,0
75,87,31.0,16.0,19.0
76,88,2.0,4.0,4.0
76,69,3.0,8.0,2.0
76,28,18.0,37.0,37.0
76,29,45.0,42.0,35.0
76,110,150.0,23.0,18.0
76,112,0.0,0,1.0
76,113,0.0,0,2.0
76,116,0.0,10.0,11.0
76,90,4.0,4.0,11.0
76,117,3.0,5.0,5.0
76,91,1.0,0,0
76,70,2.0,8.0,6.0
76,119,1.0,0,0
76,73,1.0,0,0
76,74,2.0,1.0,2.0
76,30,133.0,156.0,171.0
76,31,2.0,0,2.0
76,79,0.0,2.0,2.0
76,57,1.0,0,0
76,36,0.0,1.0,1.0
76,58,3.0,4.0,5.0
76,59,1.0,0,2.0
76,100,0.0,2.0,0
76,123,4.0,0,0
76,102,13.0,6.0,10.0
76,124,1.0,0,0
76,103,74.0,66.0,79.0
76,106,895.0,1135.0,1105.0
76,107,3994.0,3629.0,3617.0
76,108,2280.0,2034.0,2019.0
76,109,1536.0,1790.0,1795.0
76,83,1.0,0,0
76,84,2.0,0,0
76,85,1.0,0,0
76,86,3.0,4.0,3.0
77,88,14.0,14.0,10.0
77,89,0.0,4.0,5.0
77,69,0.0,3.0,3.0
77,29,0.0,3.0,3.0
77,111,0.0,23.0,28.0
77,112,0.0,1.0,0
77,90,1.0,0,0
77,117,8.0,1.0,1.0
77,118,8.0,9.0,11.0
77,119,14.0,4.0,4.0
77,70,0.0,2.0,0
77,71,0.0,3.0,3.0
77,94,1.0,0,0
77,73,1.0,0,0
77,95,1.0,0,0
77,74,1.0,2.0,2.0
77,30,4.0,8.0,9.0
77,77,2.0,0,0
77,78,1.0,2.0,1.0
77,57,2.0,0,0
77,58,4.0,5.0,4.0
77,59,1.0,0,0
77,120,3.0,6.0,10.0
77,100,0.0,1.0,0
77,101,0.0,4.0,0
77,123,13.0,22.0,23.0
77,102,10.0,2.0,0
77,124,1.0,0,0
77,103,36.0,16.0,36.0
77,105,147.0,171.0,181.0
77,106,863.0,1431.0,1257.0
77,107,1781.0,1536.0,1616.0
77,81,0.0,1.0,1.0
77,108,2198.0,2252.0,2232.0
77,82,1.0,2.0,0
77,109,617.0,145.0,149.0
77,83,27.0,5.0,3.0
77,84,4.0,16.0,16.0
77,85,37.0,29.0,28.0
77,86,1.0,3.0,3.0
78,88,1.0,6.0,4.0
78,89,2.0,0,0
78,48,0.0,2.0,2.0
78,49,0.0,4.0,5.0
78,110,0.0,2.0,4.0
78,111,21.0,11.0,11.0
78,112,35.0,0,2.0
78,90,1.0,0,0
78,117,1.0,0,0
78,94,7.0,11.0,13.0
78,95,3.0,0,0
78,76,6.0,3.0,3.0
78,98,0.0,1.0,0
78,120,1.0,8.0,0
78,123,1.0,9.0,4.0
78,101,7.0,0,0
78,102,72.0,81.0,88.0
78,103,1.0,7.0,18.0
78,105,888.0,788.0,808.0
78,106,2368.0,2023.0,2169.0
78,107,53.0,3.0,2.0
78,81,0.0,1.0,1.0
78,108,117.0,2.0,3.0
78,82,4.0,8.0,6.0
78,109,29.0,0,6.0
78,83,2.0,7.0,14.0
78,85,0.0,4.0,4.0
78,86,0.0,8.0,9.0
79,88,1.0,2.0,0
79,89,1.0,0,0
79,110,1.0,0,0
79,111,0.0,11.0,13.0
79,112,0.0,1.0,0
79,113,1.0,0,0
79,114,1.0,0,0
79,72,0.0,2.0,3.0
79,94,0.0,3.0,1.0
79,95,0.0,1.0,0
79,76,0.0,3.0,3.0
79,120,7.0,12.0,12.0
79,121,19.0,8.0,18.0
79,100,6.0,0,0
79,101,7.0,0,24.0
79,123,1.0,0,1.0
79,124,1.0,0,0
79,102,84.0,63.0,58.0
79,103,0.0,0,2.0
79,104,21.0,14.0,14.0
79,105,1317.0,1268.0,1330.0
79,106,1301.0,1133.0,1123.0
79,107,151.0,263.0,272.0
79,109,0.0,17.0,21.0
79,82,1.0,0,0
79,83,2.0,2.0,5.0
79,84,1.0,0,0
79,85,0.0,5.0,4.0
79,86,23.0,13.0,11.0
100,24,2.0,3.0,3.0
100,69,5.0,20.0,15.0
100,25,5.0,12.0,8.0
100,26,2.0,0,0
100,90,1.0,0,0
100,91,4.0,6.0,3.0
100,70,2.0,0,0
100,73,1.0,0,0
100,74,7.0,6.0,6.0
100,53,2.0,0,0
100,75,11.0,4.0,5.0
100,99,0.0,7.0,0
100,100,14.0,0,12.0
100,101,5.0,0,0
100,126,2.0,4.0,2.0
100,127,4.0,0,0
100,80,1.0,0,0
100,81,5.0,12.0,12.0
100,60,2.0,6.0,6.0
100,82,2.0,0,0
100,61,1.0,2.0,2.0
100,83,15.0,13.0,16.0
100,84,0.0,2.0,4.0
100,62,0.0,8.0,11.0
100,63,21.0,6.0,4.0
100,85,1.0,0,0
100,86,7.0,5.0,5.0
100,87,2.0,0,0
101,22,0.0,5.0,1.0
101,88,27.0,18.0,23.0
101,23,0.0,3.0,2.0
101,89,0.0,3.0,3.0
101,69,9.0,7.0,7.0
101,25,1.0,0,0
101,111,1.0,0,0
101,112,1.0,0,0
101,115,2.0,0,0
101,116,0.0,2.0,2.0
101,90,5.0,2.0,5.0
101,91,3.0,4.0,2.0
101,52,0.0,1.0,2.0
101,53,5.0,4.0,2.0
101,76,0.0,4.0,4.0
101,77,8.0,12.0,8.0
101,78,0.0,13.0,9.0
101,100,2.0,3.0,2.0
101,125,1.0,0,0
101,126,4.0,5.0,5.0
101,127,5.0,26.0,31.0
101,60,4.0,0,0
101,61,2.0,0,0
101,62,24.0,28.0,14.0
101,63,35.0,57.0,53.0
101,85,2.0,0,0
101,86,38.0,46.0,47.0
101,87,3.0,13.0,10.0
102,77,4.0,9.0,10.0
102,22,0.0,1.0,0
102,78,30.0,27.0,24.0
102,79,44.0,46.0,49.0
102,110,0.0,10.0,0
102,100,0.0,3.0,1.0
102,111,2.0,4.0,4.0
102,112,6.0,8.0,14.0
102,115,3.0,2.0,4.0
102,5,1.0,0,0
102,126,2.0,9.0,12.0
102,127,33.0,21.0,7.0
102,90,6.0,15.0,11.0
102,80,3.0,6.0,6.0
102,91,17.0,17.0,15.0
102,109,3.0,2.0,11.0
102,61,0.0,6.0,3.0
102,62,8.0,14.0,11.0
102,85,6.0,13.0,8.0
102,86,58.0,51.0,72.0
102,53,1.0,0,0
102,87,28.0,24.0,20.0
103,89,0.0,4.0,0
103,78,1.0,0,0
103,68,0.0,0,2.0
103,58,1.0,2.0,6.0
103,110,44.0,45.0,34.0
103,111,77.0,79.0,85.0
103,112,8.0,0,0
103,115,1.0,0,0
103,5,2.0,0,0
103,6,0.0,1.0,3.0
103,90,2.0,0,0
103,107,7.0,3.0,3.0
103,91,4.0,6.0,6.0
103,61,15.0,5.0,7.0
103,85,7.0,5.0,5.0
103,86,10.0,0,0
103,87,31.0,37.0,41.0
103,21,2.0,2.0,1.0
104,22,14.0,22.0,19.0
104,77,1.0,0,0
104,23,0.0,2.0,1.0
104,47,0.0,2.0,0
104,58,2.0,0,0
104,48,0.0,1.0,1.0
104,121,10.0,5.0,9.0
104,110,25.0,11.0,8.0
104,111,13.0,16.0,17.0
104,122,1.0,0,0
104,1,0.0,3.0,0
104,107,1.0,2.0,3.0
104,80,5.0,5.0,5.0
104,91,2.0,0,0
104,60,0.0,3.0,6.0
104,61,0.0,5.0,4.0
104,84,1.0,0,0
104,85,4.0,4.0,4.0
104,86,23.0,23.0,25.0
104,75,2.0,0,0
104,87,68.0,95.0,84.0
104,21,2.0,0,0
104,76,3.0,2.0,2.0
105,88,11.0,30.0,30.0
105,22,5.0,9.0,6.0
105,89,31.0,23.0,25.0
105,121,7.0,7.0,7.0
105,122,1.0,2.0,3.0
105,101,0.0,0,4.0
105,102,2.0,0,0
105,103,1.0,0,0
105,117,5.0,8.0,5.0
105,90,3.0,0,3.0
105,92,4.0,3.0,6.0
105,81,2.0,8.0,5.0
105,93,1.0,2.0,0
105,60,21.0,20.0,20.0
105,61,6.0,12.0,11.0
105,83,2.0,6.0,0
105,84,4.0,9.0,11.0
105,74,1.0,2.0,3.0
105,85,5.0,3.0,4.0
105,75,8.0,21.0,24.0
105,86,3.0,8.0,7.0
105,76,5.0,6.0,5.0
105,87,23.0,19.0,14.0
106,22,2.0,2.0,1.0
106,88,1.0,7.0,7.0
106,89,8.0,2.0,2.0
106,23,2.0,0,0
106,26,0.0,4.0,4.0
106,101,6.0,10.0,13.0
106,124,1.0,3.0,5.0
106,102,4.0,4.0,3.0
106,90,2.0,0,0
106,92,4.0,2.0,3.0
106,81,3.0,0,0
106,93,2.0,5.0,3.0
106,60,4.0,2.0,3.0
106,72,2.0,0,0
106,61,2.0,0,0
106,83,0.0,2.0,4.0
106,84,19.0,12.0,15.0
106,73,1.0,0,0
106,85,14.0,6.0,10.0
106,74,1.0,0,0
106,86,8.0,3.0,3.0
106,75,1.0,1.0,1.0
106,87,1.0,4.0,5.0
107,22,18.0,20.0,19.0
107,88,1.0,0,0
107,89,1.0,0,0
107,23,4.0,23.0,14.0
107,24,2.0,0,0
107,116,1.0,0,0
107,117,1.0,0,0
107,92,1.0,0,0
107,93,3.0,0,0
107,72,5.0,16.0,15.0
107,94,1.0,7.0,8.0
107,95,11.0,6.0,5.0
107,73,3.0,0,0
107,15,0.0,5.0,1.0
107,16,3.0,2.0,0
107,17,2.0,0,4.0
107,101,7.0,9.0,9.0
107,124,3.0,0,1.0
107,102,3.0,2.0,2.0
107,125,1.0,0,0
107,80,0.0,2.0,1.0
107,81,410.0,570.0,570.0
107,82,21.0,24.0,22.0
107,83,2.0,1.0,0
107,84,7.0,8.0,7.0
107,85,4.0,6.0,6.0
107,86,1.0,5.0,4.0
107,87,1.0,0,0
80,88,2.0,4.0,2.0
80,66,6.0,2.0,2.0
80,89,5.0,5.0,8.0
80,67,1.0,0,0
80,27,0.0,1.0,0
80,28,0.0,2.0,0
80,110,14.0,4.0,4.0
80,111,2.0,0,0
80,113,2.0,3.0,4.0
80,114,1.0,5.0,3.0
80,90,37.0,17.0,26.0
80,93,0.0,1.0,0
80,98,6.0,0,6.0
80,99,5.0,15.0,19.0
80,57,2.0,0,0
80,58,2.0,0,0
80,120,1.0,0,0
80,121,1.0,0,0
80,100,4.0,18.0,23.0
80,101,123.0,111.0,120.0
80,102,71.0,32.0,43.0
80,104,92.0,84.0,77.0
80,105,943.0,767.0,746.0
80,106,973.0,956.0,997.0
80,107,143.0,9.0,2.0
80,109,0.0,5.0,5.0
80,84,3.0,0,0
80,85,3.0,11.0,10.0
80,64,1.0,0,0
80,65,6.0,11.0,10.0
80,87,3.0,4.0,4.0
81,66,2.0,0,0
81,88,3.0,5.0,6.0
81,89,126.0,163.0,138.0
81,48,0.0,3.0,2.0
81,110,2.0,6.0,14.0
81,111,2.0,2.0,1.0
81,113,1.0,0,0
81,114,4.0,5.0,5.0
81,115,43.0,25.0,26.0
81,116,0.0,17.0,18.0
81,90,7.0,61.0,58.0
81,91,6.0,5.0,4.0
81,94,0.0,3.0,0
81,98,23.0,38.0,28.0
81,99,30.0,73.0,80.0
81,56,2.0,0,0
81,57,6.0,27.0,24.0
81,58,3.0,0,0
81,15,1.0,0,0
81,16,1.0,1.0,2.0
81,18,0.0,2.0,2.0
81,120,9.0,22.0,21.0
81,121,7.0,0,0
81,100,132.0,55.0,67.0
81,101,19.0,6.0,13.0
81,123,1.0,0,0
81,124,4.0,0,0
81,125,3.0,0,4.0
81,103,109.0,82.0,85.0
81,104,457.0,474.0,465.0
81,105,1090.0,1095.0,1065.0
81,106,2047.0,2170.0,2130.0
81,107,125.0,0,0
81,84,6.0,0,0
81,85,6.0,18.0,16.0
81,41,6.0,4.0,5.0
81,87,3.0,0,0
81,65,2.0,0,2.0
108,22,1.0,2.0,0
108,77,0.0,4.0,5.0
108,99,1.0,0,0
108,23,3.0,9.0,4.0
108,24,3.0,6.0,5.0
108,68,3.0,0,0
108,58,0.0,7.0,4.0
108,69,3.0,12.0,9.0
108,100,3.0,1.0,4.0
108,116,1.0,0,2.0
108,81,303.0,175.0,176.0
108,82,0.0,5.0,0
108,93,0.0,3.0,0
108,94,5.0,0,0
108,95,6.0,19.0,16.0
108,96,2.0,0,0
82,88,79.0,0,1.0
82,89,211.0,267.0,266.0
82,46,0.0,2.0,0
82,110,5.0,0,0
82,114,1.0,0,0
82,115,2.0,9.0,7.0
82,116,1.0,0,0
82,90,1.0,4.0,4.0
82,91,1.0,0,0
82,92,1.0,4.0,0
82,93,2.0,0,0
82,97,26.0,40.0,41.0
82,98,31.0,28.0,26.0
82,56,2.0,5.0,5.0
82,57,4.0,4.0,4.0
82,18,1.0,0,1.0
82,120,0.0,0,5.0
82,121,21.0,20.0,23.0
82,123,2.0,3.0,6.0
82,102,5.0,7.0,15.0
82,124,23.0,25.0,27.0
82,103,176.0,134.0,152.0
82,125,4.0,26.0,21.0
82,104,11.0,3.0,6.0
82,105,129.0,29.0,124.0
82,106,54.0,34.0,28.0
82,109,0.0,1.0,0
82,84,2.0,0,0
82,85,2.0,0,0
82,41,0.0,3.0,2.0
82,87,1.0,0,0
109,22,5.0,8.0,7.0
109,77,3.0,0,0
109,99,2.0,0,0
109,23,3.0,4.0,3.0
109,78,7.0,2.0,2.0
109,79,11.0,11.0,11.0
109,24,2.0,0,0
109,100,3.0,8.0,3.0
109,114,1.0,0,0
109,115,1.0,0,0
109,80,10.0,3.0,7.0
109,81,31.0,19.0,11.0
109,9,10.0,2.0,11.0
109,82,0.0,6.0,10.0
109,95,7.0,8.0,5.0
109,96,6.0,2.0,4.0
109,98,1.0,0,0
83,88,0.0,3.0,3.0
83,89,1.0,0,0
83,117,0.0,2.0,2.0
83,90,9.0,6.0,2.0
83,91,10.0,6.0,9.0
83,92,20.0,48.0,45.0
83,93,0.0,0,1.0
83,95,0.0,1.0,0
83,96,79.0,78.0,82.0
83,97,40.0,40.0,21.0
83,99,0.0,15.0,37.0
83,78,0.0,2.0,0
83,58,0.0,2.0,0
83,17,1.0,0,0
83,18,2.0,2.0,2.0
83,121,3.0,1.0,0
83,122,0.0,0,3.0
83,100,0.0,30.0,24.0
83,123,0.0,10.0,7.0
83,101,144.0,72.0,96.0
83,124,77.0,90.0,80.0
83,102,129.0,132.0,130.0
83,125,0.0,18.0,22.0
83,103,5.0,14.0,15.0
83,126,0.0,7.0,0
83,127,37.0,19.0,13.0
83,43,0.0,3.0,0
84,88,14.0,22.0,19.0
84,89,1.0,14.0,12.0
84,113,1.0,0,0
84,114,2.0,4.0,4.0
84,90,4.0,11.0,14.0
84,91,1.0,4.0,1.0
84,92,98.0,64.0,68.0
84,93,0.0,19.0,25.0
84,94,1.0,0,0
84,96,26.0,31.0,32.0
84,97,9.0,2.0,3.0
84,98,23.0,2.0,2.0
84,32,1.0,0,0
84,99,18.0,20.0,30.0
84,33,4.0,4.0,2.0
84,120,3.0,0,0
84,121,7.0,11.0,8.0
84,100,213.0,182.0,168.0
84,122,2.0,3.0,0
84,123,63.0,45.0,43.0
84,101,32.0,43.0,42.0
84,124,453.0,492.0,534.0
84,125,149.0,15.0,27.0
84,103,7.0,0,0
84,126,0.0,2.0,5.0
84,127,0.0,24.0,23.0
84,87,4.0,0,0
85,88,20.0,37.0,30.0
85,89,38.0,41.0,38.0
85,49,2.0,0,0
85,113,33.0,4.0,4.0
85,114,8.0,0,0
85,116,4.0,0,0
85,117,17.0,6.0,10.0
85,90,4.0,0,0
85,91,2.0,0,3.0
85,118,9.0,8.0,7.0
85,92,79.0,70.0,74.0
85,119,2.0,4.0,0
85,93,53.0,49.0,55.0
85,94,20.0,17.0,25.0
85,50,0.0,2.0,2.0
85,51,8.0,10.0,4.0
85,95,37.0,37.0,32.0
85,52,13.0,30.0,15.0
85,97,787.0,888.0,845.0
85,31,1.0,0,0
85,32,9.0,28.0,23.0
85,98,1240.0,1031.0,1018.0
85,99,407.0,486.0,456.0
85,33,9.0,9.0,8.0
85,120,39.0,39.0,39.0
85,121,0.0,10.0,11.0
85,122,1.0,4.0,4.0
85,100,10.0,22.0,20.0
85,123,93.0,92.0,110.0
85,124,305.0,219.0,198.0
85,125,269.0,360.0,345.0
85,126,1.0,3.0,3.0
85,127,0.0,9.0,6.0
85,87,43.0,13.0,23.0
86,89,0.0,2.0,2.0
86,49,1.0,7.0,3.0
86,112,0.0,7.0,6.0
86,113,30.0,50.0,67.0
86,114,30.0,38.0,42.0
86,116,1.0,0,0
86,90,1.0,0,0
86,117,31.0,32.0,37.0
86,91,1.0,3.0,3.0
86,118,13.0,3.0,9.0
86,92,3.0,7.0,6.0
86,119,14.0,19.0,12.0
86,94,5.0,6.0,5.0
86,95,12.0,13.0,22.0
86,96,8.0,6.0,4.0
86,97,805.0,729.0,744.0
86,31,1.0,0,0
86,54,3.0,3.0,2.0
86,32,14.0,15.0,20.0
86,98,626.0,825.0,817.0
86,10,0.0,1.0,0
86,99,40.0,74.0,82.0
86,33,5.0,0,0
86,120,48.0,17.0,32.0
86,121,13.0,7.0,7.0
86,100,0.0,3.0,3.0
86,122,6.0,13.0,9.0
86,123,50.0,38.0,40.0
86,124,1.0,2.0,2.0
86,125,32.0,29.0,26.0
86,126,1.0,0,0
86,108,0.0,4.0,0
86,87,19.0,21.0,17.0
87,112,57.0,2.0,6.0
87,113,2.0,9.0,8.0
87,90,6.0,7.0,4.0
87,117,1.0,0,0
87,91,0.0,5.0,3.0
87,118,5.0,17.0,13.0
87,92,10.0,9.0,9.0
87,119,4.0,12.0,14.0
87,93,1.0,0,0
87,94,25.0,30.0,28.0
87,95,23.0,6.0,15.0
87,51,5.0,5.0,6.0
87,96,6.0,8.0,7.0
87,97,8.0,14.0,16.0
87,31,4.0,8.0,8.0
87,98,35.0,72.0,74.0
87,54,5.0,1.0,0
87,32,12.0,7.0,6.0
87,99,0.0,11.0,19.0
87,78,4.0,5.0,5.0
87,57,0.0,2.0,1.0
87,79,0.0,4.0,3.0
87,123,0.0,2.0,0
87,124,2.0,4.0,4.0
87,125,12.0,27.0,37.0
87,103,0.0,1.0,0
87,126,1.0,2.0,0
87,84,2.0,0,1.0
87,87,3.0,0,0
