x,y,Ind,Log_45_70,Log_70_90,Log_ap90,Log_av45,Log_inc,Log_soc,imputed
0,0,1,0.1,0,0.1,0.3,0,0,1
0,14,4,0.1,0.5,0.5,0.9,0,0,1
0,18,8,0.2,1.1,0.9,1.8,0,0,1
0,19,28,0,7,5,0,0,0,0
0,20,11,0,2.1,1.9,1.8,0,0,1
0,21,2,0,0.4,0.4,0.3,0,0,1
0,22,2,0,0.4,0.4,0.3,0,0,1
0,44,6,0,0.5,0.5,2,0,0,1
0,45,5,0,0.4,0.4,1.7,0,0,1
0,58,1,0,0.1,0.1,0.3,0,0,1
0,73,2,0.1,0.1,0.1,0.8,0,0,1
0,75,3,0.1,0.1,0.2,1.2,0,0,1
0,88,2,0,0.1,0.2,0.5,0,0,1
0,109,5,0,0.5,0.5,1.2,0,0,1
1,17,1,0,0.2,0.1,0.2,0,0,1
1,18,4,0.1,0.5,0.5,0.9,0,0,1
1,19,2,0,0.3,0.2,0.5,0,0,1
1,20,5,0,0.9,0.9,0.8,0,0,1
1,21,10,0,1.9,1.8,1.6,0,0,1
1,22,4,0,0.8,0.7,0.6,0,0,1
1,23,2,0,0.4,0.4,0.3,0,0,1
1,37,3,0,0.1,0.1,1.1,0,0,1
1,49,3,0,0.2,0.3,1,0,0,1
1,50,3,0,0.2,0.3,1,0,0,1
1,51,1,0,0.1,0.1,0.3,0,0,1
1,58,6,0,0.5,0.5,2,0,0,1
1,73,1,0,0,0.1,0.4,0,0,1
1,74,2,0.1,0.1,0.1,0.8,0,0,1
1,88,5,0.1,0.1,0.6,1.1,0,0,1
1,89,5,0.1,0.1,0.6,1.1,0,0,1
1,109,2,0,0.2,0.2,0.5,0,0,1
1,110,2,0,0.2,0.2,0.5,0,0,1
1,118,16.5,0.6,0.9,1.2,3.4,0,0,1
1,119,6,0.2,0.3,0.5,1.2,0,0,1
1,120,2,0.1,0.2,0.2,0.4,0,0,1
1,126,8.5,0.3,1,0.7,1.8,0,0,1
1,127,13,0.5,1.5,1,2.8,0,0,1
2,0,2,0.1,0.1,0.1,0.7,0,0,1
2,1,1,0,0.1,0,0.4,0,0,1
2,4,2,0.1,0.1,0.1,0.7,0,0,1
2,8,1,0,0.1,0,0.4,0,0,1
2,19,5,0.2,0.4,0.2,1.8,0,0,1
2,20,26,3,0,0,12,0,0,0
2,21,30,4,0,1,8,0,0,0
2,22,7,0.3,1.4,0.2,1.8,0,0,1
2,24,3,0.1,0.6,0.1,0.8,0,0,1
2,33,2,0,0.1,0.1,0.7,0,0,1
2,37,2,0.1,0.3,0,0.5,0,0,1
2,73,10,0.3,0,0.9,3,0,0,1
2,74,2,0,0,0.2,0.6,0,0,1
2,88,2,0,0.1,0.1,0.6,0,0,1
2,89,6,0.1,0.2,0.4,1.7,0,0,1
2,105,3,0,0.3,0.3,0.7,0,0,1
2,119,2,0,0.2,0.2,0.5,0,0,1
2,125,2,0.1,0.4,0.2,0.2,0,0,1
2,126,7,0.4,1.2,0.8,0.8,0,0,1
2,127,11.5,0.6,2,1.3,1.4,0,0,1
3,12,4,0.1,0.3,0.2,1.5,0,0,1
3,21,19,0.7,3.8,0.5,5.1,0,0,1
3,22,19,5,6,0,0,0,0,0
3,24,1,0,0.2,0,0.3,0,0,1
3,38,6,0.2,0.9,0,1.6,0,0,1
3,39,13,0.5,1.9,0,3.4,0,0,1
3,56,3,0,0.2,0.3,1.4,0,0,1
3,78,3,0.1,0,0.3,0.9,0,0,1
3,85,10,0.2,0.4,0.6,2.8,0,0,1
3,87,1,0,0,0.1,0.3,0,0,1
3,121,2,0.1,0.2,0.1,0.3,0,0,1
3,125,8.5,0.4,1.5,1,1,0,0,1
3,126,5,0.2,0.9,0.6,0.6,0,0,1
3,127,36,0,5,7,0,0,0,0
4,11,1,0,0.1,0,0.4,0,0,1
4,20,2,0.1,0.4,0.1,0.5,0,0,1
4,21,5,0.2,1,0.2,1.3,0,0,1
4,22,11,0.5,2.2,0.3,2.9,0,0,1
4,23,6,0.2,1.2,0.2,1.6,0,0,1
4,24,1,0,0.2,0,0.3,0,0,1
4,38,4,0.2,0.6,0,1,0,0,1
4,39,2,0.1,0.3,0,0.5,0,0,1
4,54,4,0,0.2,0.5,1.9,0,0,1
4,55,4,0,0.2,0.5,1.9,0,0,1
4,92,5,0.2,0.1,0.5,1.6,0,0,1
4,96,2,0.1,0,0.2,0.7,0,0,1
4,97,2,0.1,0,0.2,0.7,0,0,1
4,98,2,0.1,0,0.2,0.7,0,0,1
4,123,4,0.2,0.4,0.1,0.7,0,0,1
4,124,14,0.7,1.3,0.4,2.3,0,0,1
4,125,19,1,3.3,2.1,2.3,0,0,1
4,126,1,0.1,0.2,0.1,0.1,0,0,1
5,1,2,0.1,0.1,0.1,0.7,0,0,1
5,12,3,0.1,0.3,0.1,1.1,0,0,1
5,21,2,0.1,0.4,0.1,0.5,0,0,1
5,23,5,0.2,1,0.2,1.3,0,0,1
5,27,2,0.1,0.4,0.1,0.5,0,0,1
5,47,6,0.2,0.8,1,0.5,0,0.2,1
5,66,2,0,0.1,0.2,0.5,0.1,0,1
5,67,11,0.1,0.7,1.1,2.9,0.2,0,1
5,68,3,0,0.2,0.3,0.8,0.1,0,1
5,85,1,0,0,0.1,0.3,0,0,1
5,86,1,0,0,0.1,0.3,0,0,1
5,98,10,0.4,0.2,1,3.3,0,0,1
5,99,17,0.7,0.3,1.7,5.6,0,0,1
5,100,4,0,0.4,0.4,0.9,0,0,1
5,123,5,0.2,0.5,0.2,0.8,0,0,1
5,124,19,0.9,1.8,0.6,3.1,0,0,1
5,125,41.5,2,8,8,1,0,0,0
5,126,9,0.5,1.5,1,1.1,0,0,1
6,11,5,0.2,0.4,0.2,1.8,0,0,1
6,12,1,0,0.1,0,0.4,0,0,1
6,26,3,0.1,0.6,0.1,0.8,0,0,1
6,27,3,0.1,0.6,0.1,0.8,0,0,1
6,47,5,0.1,0.7,0.9,0.4,0,0.2,1
6,48,2,0,0.3,0.3,0.2,0,0.1,1
6,66,5,0.1,0.3,0.5,1.3,0.1,0,1
6,70,7,0.2,0,0.7,2.1,0,0,1
6,71,1,0,0,0.1,0.3,0,0,1
6,123,12,0.6,1.2,0.4,1.9,0,0,1
6,124,6,0.3,0.6,0.2,0.9,0,0,1
6,125,2,0.1,0.4,0.2,0.2,0,0,1
6,126,5,0.2,0.9,0.6,0.6,0,0,1
7,10,9,0.2,0.3,0.2,2.8,0,0,1
7,11,16,0.3,0.6,0.3,5,0,0,1
7,12,2,0,0.1,0.1,0.6,0,0,1
7,40,2,0,0.3,0.3,0.2,0,0.1,1
7,48,41,1,7,3,7,0,5,0
7,49,5,0.1,0.7,0.9,0.4,0,0.2,1
7,59,3,0,0.2,0.3,1.4,0,0,1
7,62,5,0.1,0.3,0.5,1.3,0.1,0,1
7,63,15,0.2,1,1.5,3.9,0.3,0,1
7,70,3,0.1,0,0.3,0.9,0,0,1
7,71,3,0.1,0,0.3,0.9,0,0,1
7,87,1,0,0,0.1,0.3,0,0,1
7,110,2,0,0.2,0.2,0.5,0,0,1
7,111,4,0,0.4,0.4,0.9,0,0,1
7,126,6,0.2,0.4,1,1,0,0,1
7,127,4,0.1,0.2,0.7,0.7,0,0,1
8,10,15.5,0.3,0.6,0.3,4.8,0,0,1
8,28,4,0.1,0.8,0.1,1.1,0,0,1
8,40,1,0,0.1,0.2,0.1,0,0,1
8,47,26,0.6,3.5,4.5,2.3,0,1,1
8,48,10,0.2,1.4,1.7,0.9,0,0.4,1
8,59,3,0,0.2,0.3,1.4,0,0,1
8,62,8,0.1,0.5,0.8,2.1,0.2,0,1
8,63,12,0.2,0.8,1.2,3.1,0.2,0,1
8,70,4,0.1,0,0.4,1.2,0,0,1
8,81,2,0,0.1,0.1,0.6,0,0,1
8,87,4,0.1,0.2,0.2,1.1,0,0,1
8,93,2,0.1,0,0.2,0.7,0,0,1
8,112,2,0,0.2,0.2,0.5,0,0,1
9,11,9,0.2,0.3,0.2,2.8,0,0,1
9,33,1,0,0,0,0.4,0,0,1
9,37,4,0,0.1,0.1,1.5,0,0,1
9,42,5,0.1,0.7,0.9,0.4,0,0.2,1
9,48,6,0.2,0.8,1,0.5,0,0.2,1
9,91,2,0.1,0,0.2,0.7,0,0,1
9,92,2,0.1,0,0.2,0.7,0,0,1
10,29,1,0,0.2,0,0.3,0,0,1
10,33,4,0,0.1,0.1,1.5,0,0,1
10,34,3,0,0.1,0.1,1.1,0,0,1
10,46,2,0,0.3,0.3,0.2,0,0.1,1
10,48,11,0.3,1.5,1.9,0.9,0,0.4,1
10,92,1,0.1,0,0.1,0.3,0,0,1
11,33,3,0,0.1,0.1,1.1,0,0,1
11,79,12,0.4,0,1.1,3.6,0,0,1
11,90,4,0.2,0.1,0.4,1.3,0,0,1
11,127,3,0.1,0.2,0.5,0.5,0,0,1
12,6,2,0,0,0.1,1.2,0,0,1
12,24,1,0,0,0.1,0.4,0,0,1
12,27,4,0.1,0.1,0.3,1.3,0,0,1
12,31,1,0.1,0,0.1,0.3,0,0,1
12,52,2,0.3,0.2,0.2,0.3,0,0,1
12,87,3,0.3,0.2,0.1,1,0,0,1
12,92,12,0.2,0,0.7,4.8,0,0,1
12,95,6,0.1,0,0.3,2.4,0,0,1
13,2,1,0,0,0,0.6,0,0,1
13,19,3,0,0.2,0.1,1.1,0,0,1
13,24,5,0.1,0.2,0.3,1.7,0,0,1
13,40,1,0,0.2,0.1,0.1,0,0,1
13,41,6,0.2,0.9,0.6,0.8,0,0,1
13,45,2,0,0.5,0.2,0.1,0,0,1
13,55,5,0.5,1.1,0.3,0.6,0,0,1
13,73,2,0,0.4,0.1,0.6,0,0,1
13,78,2,0,0.4,0.1,0.6,0,0,1
13,83,2,0.1,0.2,0.2,0.4,0,0,1
13,94,2,0,0,0.1,0.8,0,0,1
13,95,6,0.1,0,0.3,2.4,0,0,1
13,96,4,0.1,0,0.2,1.6,0,0,1
13,97,2,0,0,0.1,0.8,0,0,1
14,18,1,0,0.1,0,0.4,0,0,1
14,19,9,0,0.7,0.1,3.4,0,0,1
14,31,2,0.1,0,0.1,0.7,0,0,1
14,43,10,0.3,1.4,1,1.4,0,0,1
14,44,7,0.2,1,0.7,1,0,0,1
14,46,24,0,12,0,0,0,0,0
14,48,4,0.1,1,0.5,0.1,0,0,1
14,51,3,0.4,0.3,0.3,0.5,0,0,1
14,54,11,1.4,1,1.1,1.9,0,0,1
14,55,9,0.8,2.1,0.6,1,0,0,1
14,75,2,0,0.4,0.1,0.6,0,0,1
14,101,6,0.1,0.3,0.2,2.1,0,0,1
15,16,2,0,0.1,0,0.8,0,0,1
15,17,8,0,0.6,0.2,3,0,0,1
15,18,6,0,0.4,0.1,2.3,0,0,1
15,29,1,0,0,0.1,0.4,0,0,1
15,43,5,0.2,0.7,0.5,0.7,0,0,1
15,45,2,0,0.5,0.2,0.1,0,0,1
15,46,23,0.4,5.6,2.6,0.9,0,0,1
15,47,14,0.3,3.4,1.6,0.5,0,0,1
15,48,3,0.1,0.7,0.3,0.1,0,0,1
15,49,3,0.1,0.7,0.3,0.1,0,0,1
15,51,5,0.6,0.4,0.5,0.9,0,0,1
15,52,4,0.5,0.4,0.4,0.7,0,0,1
15,53,21,2.7,1.8,2.1,3.7,0,0,1
15,54,22,1,0,4,7,0,0,0
15,55,49,4,1,6,25,0,0,0
15,56,101.5,9,3,3,54,0,4,0
15,57,46,0,1,0,29,0,0,0
15,58,2,0.2,0.5,0.1,0.2,0,0,1
15,59,7,0.6,1.6,0.5,0.8,0,0,1
15,60,11,0.2,1,0,2.9,0,0,1
15,86,6,0.6,0.4,0.2,1.9,0,0,1
15,99,2,0,0,0.1,0.8,0,0,1
15,105,6,0.1,0.3,0.2,2.1,0,0,1
15,107,6,0.1,0.3,0.2,2.1,0,0,1
15,125,3,0.2,0,0.2,1.1,0,0,1
16,16,11,0,0.8,0.2,4.2,0,0,1
16,17,4,0,0.3,0.1,1.5,0,0,1
16,29,2,0,0.1,0.1,0.7,0,0,1
16,46,2,0,0.5,0.2,0.1,0,0,1
16,49,24,0,11,0,0,0,0,0
16,50,17,0,10,3,0,0,0,0
16,51,11,1.4,1,1.1,1.9,0,0,1
16,52,18,2.3,1.6,1.8,3.1,0,0,1
16,53,51,3,15,2,0,0,9,0
16,54,17,2.2,1.5,1.7,2.9,0,0,1
16,55,30,3,7,8,1,0,0,0
16,56,19,1.7,4.3,1.3,2.2,0,0,1
16,57,2,0.2,0.5,0.1,0.2,0,0,1
16,60,1,0,0.1,0,0.3,0,0,1
16,61,5,0.1,0.4,0,1.3,0,0,1
16,64,2,0,0.2,0,0.5,0,0,1
16,70,1,0,0.2,0,0.3,0,0,1
16,85,8,0.7,0.6,0.3,2.5,0,0,1
16,86,36,3.3,2.7,1.4,11.3,0,0,1
16,87,33,1,1,4,17,0,0,0
16,88,1,0.1,0.1,0,0.3,0,0,1
16,103,2,0,0.1,0.1,0.7,0,0,1
16,104,2,0,0.1,0.1,0.7,0,0,1
17,15,1,0,0.1,0,0.4,0,0,1
17,28,3,0.1,0.1,0.2,1,0,0,1
17,29,13,0.4,0.4,0.8,4.3,0,0,1
17,30,4,0.2,0.1,0.2,1.3,0,0,1
17,49,6,0.2,3,0,0,0,0,1
17,50,4,0.7,0.9,0.4,0.2,0,0,1
17,52,1,0.2,0.2,0.1,0,0,0,1
17,53,25,4,11,0,0,0,0,0
17,54,16,2.9,3.6,1.5,0.7,0,0,1
17,55,21,2.2,5,0.7,2.2,0,0,1
17,56,4,0.4,1,0.1,0.4,0,0,1
17,61,6,0.1,0.5,0,1.6,0,0,1
17,84,4,0.3,0.4,0.3,0.8,0,0,1
17,85,7,0.5,0.7,0.6,1.3,0,0,1
17,86,16,1.2,1.5,1.3,3,0,0,1
17,87,5,0.4,0.5,0.4,0.9,0,0,1
17,88,4,0.3,0.4,0.3,0.8,0,0,1
17,93,5,0.1,0,0.3,2,0,0,1
17,94,5,0.1,0,0.3,2,0,0,1
17,109,1,0,0.1,0,0.4,0,0,1
17,116,4,0.1,0.2,0.1,1.4,0,0,1
17,119,7,0.2,0.3,0.2,2.5,0,0,1
17,123,1,0.1,0,0.1,0.3,0,0,1
17,124,3,0.2,0,0.2,1.1,0,0,1
18,28,3,0.1,0.1,0.2,1,0,0,1
18,29,1,0,0,0.1,0.4,0,0,1
18,30,1,0.1,0,0.1,0.3,0,0,1
18,37,11,0.5,0.3,0.6,3.7,0,0,1
18,38,7,0.3,0.2,0.4,2.3,0,0,1
18,55,1,0.1,0.3,0,0.1,0,0,1
18,77,3,0,0.6,0.1,0.9,0,0,1
18,81,1,0,0.1,0.1,0.2,0,0,1
18,85,5,0.4,0.5,0.4,0.9,0,0,1
18,86,5,0.4,0.5,0.4,0.9,0,0,1
18,87,1,0,0.1,0.1,0.2,0,0,1
18,88,1,0,0.1,0.1,0.2,0,0,1
18,89,13,1,1.2,1,2.5,0,0,1
18,90,2,0,0,0.1,0.8,0,0,1
18,105,2,0,0.1,0.1,0.7,0,0,1
18,107,3,0.1,0.1,0.1,1.1,0,0,1
18,108,2,0,0.1,0.1,0.7,0,0,1
18,111,2,0,0.1,0.1,0.7,0,0,1
18,114,5,0.1,0.3,0.1,1.8,0,0,1
19,5,5,0,0,0.2,3,0,0,1
19,36,1,0.1,0,0.1,0.3,0,0,1
19,37,11,0.5,0.3,0.6,3.7,0,0,1
19,39,1,0.1,0,0.1,0.3,0,0,1
19,60,1,0,0.1,0,0.3,0,0,1
19,76,1,0,0.2,0,0.3,0,0,1
19,91,2,0,0,0.1,0.8,0,0,1
19,99,2,0,0,0.1,0.8,0,0,1
19,102,1,0,0.1,0,0.4,0,0,1
19,103,8,0.2,0.4,0.2,2.8,0,0,1
19,104,2,0,0.1,0.1,0.7,0,0,1
19,105,1,0,0.1,0,0.4,0,0,1
19,111,5,0.1,0.3,0.1,1.8,0,0,1
19,112,1,0,0.1,0,0.4,0,0,1
19,123,13,1,0,1,4.5,0,0,1
20,43,4,0,1.8,0.1,0.1,0,0,1
20,44,43,0,8,8,0,0,0,0
20,49,1,0,0.5,0,0,0,0,1
20,50,1,0.2,0.2,0.1,0,0,0,1
20,58,2,0.2,0.5,0.1,0.2,0,0,1
20,69,2,0,0.2,0,0.5,0,0,1
20,73,7,0,1.3,0.2,2.2,0,0,1
20,76,3,0,0.6,0.1,0.9,0,0,1
20,91,2,0,0,0.1,0.8,0,0,1
20,97,2,0,0,0.1,0.8,0,0,1
20,102,1,0,0.1,0,0.4,0,0,1
20,103,1,0,0.1,0,0.4,0,0,1
21,5,6,0,0,0.3,3.6,0,0,1
21,13,2,0,0.1,0,0.8,0,0,1
21,15,3,0,0.2,0.1,1.1,0,0,1
21,16,3,0,0.2,0.1,1.1,0,0,1
21,43,3,0,1.3,0.1,0.1,0,0,1
21,44,25,0,10.9,0.8,0.8,0,0,1
21,45,18,0.6,9,0,0,0,0,1
21,46,2,0.1,1,0,0,0,0,1
21,49,1,0,0.5,0,0,0,0,1
21,59,1,0.1,0.3,0,0.1,0,0,1
21,66,2,0,0.2,0,0.5,0,0,1
21,73,2,0,0.4,0.1,0.6,0,0,1
21,77,7,0,1.3,0.2,2.2,0,0,1
21,78,2,0,0.4,0.1,0.6,0,0,1
21,97,1,0,0,0.1,0.4,0,0,1
21,108,3,0.1,0.1,0.1,1.1,0,0,1
21,110,5,0.1,0.3,0.1,1.8,0,0,1
21,113,1,0,0.1,0,0.4,0,0,1
21,119,2,0,0.1,0.1,0.7,0,0,1
21,125,3,0.2,0,0.2,1.1,0,0,1
22,9,1,0,0,0,0.6,0,0,1
22,13,5,0.9,0.1,0.2,2,0,0,1
22,14,2,0.4,0,0.1,0.8,0,0,1
22,45,19,1.5,3.9,1.7,1.9,0,0,1
22,46,7,0.6,1.4,0.6,0.7,0,0,1
22,49,6,0.5,1.2,0.5,0.6,0,0,1
22,58,2,0.1,0.1,0.1,0.6,0,0,1
22,77,9,0.3,0.5,0.5,2.6,0,0,1
22,78,7,0.2,0.4,0.4,2,0,0,1
22,79,7,0.2,0.4,0.4,2,0,0,1
22,80,5,0.4,0,0.3,1.1,0,0,1
22,98,4,0,0.2,0.2,1.3,0,0,1
22,103,2,0,0.2,0.2,0.5,0,0,1
22,107,9,0.7,1.3,1,1.7,0,0,1
22,108,12,0.9,1.8,1.3,2.2,0,0,1
22,109,2,0.1,0.3,0.2,0.4,0,0,1
22,110,4,0.1,0.1,0.6,1.1,0,0,1
22,113,3,0.1,0.1,0.4,0.8,0,0,1
22,121,2,0,0,0.1,0.8,0,0,1
22,127,3,0,0,0.1,1.2,0,0,1
23,38,4,0.3,0.1,0.2,1.1,0,0,1
23,46,8,0.7,1.6,0.7,0.8,0,0,1
23,47,30,1,1,8,2,0,4,0
23,48,1,0.1,0.2,0.1,0.1,0,0,1
23,53,4,0.1,0.2,0.2,1.3,0,0,1
23,71,1,0,0,0.1,0.3,0,0,1
23,78,5,0.2,0.2,0.3,1.4,0,0,1
23,79,8,0.3,0.4,0.4,2.3,0,0,1
23,80,4,0.3,0,0.2,0.9,0,0,1
24,4,1,0,0,0,0.6,0,0,1
24,18,6,1.1,0.2,0.2,2.3,0,0,1
24,19,13,2.4,0.4,0.4,5.1,0,0,1
24,41,1,0.1,0.2,0.1,0.1,0,0,1
24,46,10,0.8,2,0.9,1,0,0,1
24,47,46,5,4,5,8,0,5,0
24,48,15,1.2,3,1.4,1.5,0,0,1
24,49,9,0.8,1.8,0.8,0.9,0,0,1
24,55,8,0.2,0.4,0.4,2.5,0,0,1
24,71,5,0.2,0.2,0.3,1.4,0,0,1
24,89,1,0.1,0,0.1,0.2,0,0,1
24,92,5,0,0.2,0.2,1.7,0,0,1
24,93,4,0,0.2,0.2,1.3,0,0,1
24,103,2,0,0.2,0.2,0.5,0,0,1
24,104,11,0.3,1.2,0.9,2.8,0,0,1
24,116,1,0,0,0.2,0.3,0,0,1
24,118,4,0.1,0.1,0.6,1.1,0,0,1
24,125,1,0,0,0,0.4,0,0,1
24,127,2,0,0,0.1,0.8,0,0,1
25,7,1,0,0,0,0.6,0,0,1
25,19,5,0.9,0.1,0.2,2,0,0,1
25,25,5,0.3,0.2,0,2.7,0,0,1
25,26,2,0.1,0.1,0,1.1,0,0,1
25,47,1,0.1,0.2,0.1,0.1,0,0,1
25,51,4,0.1,0.2,0.2,1.3,0,0,1
25,92,8,0,0.3,0.4,2.7,0,0,1
25,104,5,0.1,0.6,0.4,1.3,0,0,1
25,109,4,0.3,0.6,0.5,0.7,0,0,1
25,113,4,0.1,0.1,0.6,1.1,0,0,1
25,119,3,0.1,0.1,0.4,0.8,0,0,1
26,26,12,0.9,0.4,0,6.4,0,0,1
26,27,2,0.1,0.1,0,1.1,0,0,1
26,43,2,0.1,0.4,0.2,0.2,0,0,1
26,44,12,1,2.4,1.1,1.2,0,0,1
26,66,2,0,0.2,0,0.5,0,0,1
26,87,3,0.2,0,0.2,0.7,0,0,1
26,118,3,0.1,0.1,0.4,0.8,0,0,1
26,121,1,0,0,0,0.4,0,0,1
26,124,2,0,0,0.1,0.8,0,0,1
27,27,2,0.1,0.1,0,1.1,0,0,1
27,28,3,0.2,0.1,0,1.6,0,0,1
27,46,3,0.2,0.6,0.3,0.3,0,0,1
27,54,1,0,0,0.1,0.3,0,0,1
27,68,7,0.2,0.6,0,1.8,0,0,1
27,71,5,0.2,0.2,0.3,1.4,0,0,1
27,79,3,0.1,0.2,0.2,0.8,0,0,1
27,80,10,0.8,0,0.6,2.2,0,0,1
27,81,4,0.3,0,0.2,0.9,0,0,1
27,96,2,0,0.1,0.1,0.6,0,0,1
27,108,4,0.1,0.5,0.3,1,0,0,1
28,12,10,0,0,0.9,4.3,0,0,1
28,13,10,0,0,0.9,4.3,0,0,1
28,26,2,0.1,0.1,0,1.1,0,0,1
28,50,1,0,0,0.1,0.3,0,0,1
28,53,1,0,0,0.1,0.3,0,0,1
28,58,2,0.1,0.1,0.1,0.6,0,0,1
28,64,2,0,0.2,0,0.5,0,0,1
28,71,2,0.1,0.1,0.1,0.6,0,0,1
28,79,4,0.2,0.2,0.2,1.1,0,0,1
28,86,5,0.4,0,0.3,1.1,0,0,1
28,114,4,0.1,0.1,0.6,1.1,0,0,1
28,119,1,0,0,0.2,0.3,0,0,1
29,6,2,0,0,0.1,1.2,0,0,1
29,12,6,0,0,0.6,2.5,0,0,1
29,13,3,0,0,0.3,1.2,0,0,1
29,30,13,1.1,0.4,0.6,3.4,0,0,1
29,39,5,0.4,0.2,0.2,1.3,0,0,1
29,61,5,0.1,0.4,0,1.3,0,0,1
29,86,4,0.3,0,0.2,0.9,0,0,1
30,7,1,0,0,0,0.6,0,0,1
30,13,4,0,0,0.4,1.7,0,0,1
30,33,7,0.6,0.2,0.3,1.8,0,0,1
30,34,3,0.2,0.1,0.2,0.8,0,0,1
30,35,8,0.6,0.3,0.4,2.1,0,0,1
30,36,4,0.3,0.1,0.2,1.1,0,0,1
30,37,2,0.1,0.1,0.1,0.5,0,0,1
30,39,9,0.7,0.3,0.5,2.3,0,0,1
30,40,1,0.1,0.2,0.1,0.1,0,0,1
30,49,2,0.1,0.4,0.2,0.2,0,0,1
30,53,2,0.1,0.1,0.1,0.6,0,0,1
30,58,3,0.1,0.1,0.1,1,0,0,1
30,59,2,0.1,0.1,0.1,0.6,0,0,1
30,91,6,0,0.2,0.3,2,0,0,1
30,92,3,0,0.1,0.2,1,0,0,1
30,98,1,0,0,0.1,0.3,0,0,1
30,99,2,0,0.1,0.1,0.6,0,0,1
30,108,2,0,0.2,0.2,0.5,0,0,1
30,113,2,0,0.1,0.3,0.5,0,0,1
30,114,14,0.3,0.5,2,3.7,0,0,1
30,115,3,0.1,0.1,0.4,0.8,0,0,1
31,15,2,0.4,0,0.1,0.8,0,0,1
31,37,2,0.1,0.1,0.1,0.5,0,0,1
31,38,5,0.4,0.2,0.2,1.3,0,0,1
31,40,2,0.1,0.4,0.2,0.2,0,0,1
31,52,2,0.1,0.1,0.1,0.6,0,0,1
31,55,6,0.1,0.3,0.3,1.9,0,0,1
31,56,2,0.1,0.1,0.1,0.6,0,0,1
31,59,1,0,0,0.1,0.3,0,0,1
31,92,8,0,0.3,0.4,2.7,0,0,1
31,98,4,0,0.2,0.2,1.3,0,0,1
31,99,10,0,0.4,0.5,3.3,0,0,1
31,101,4,0.1,0.5,0.3,1,0,0,1
31,108,3,0.1,0.3,0.3,0.7,0,0,1
31,109,3,0.1,0.3,0.3,0.7,0,0,1
31,113,1,0,0,0.2,0.3,0,0,1
31,115,9,0.2,0.3,1.3,2.4,0,0,1
32,4,2,0.1,0.3,0.1,0.7,0,0,1
32,16,1,0,0.2,0,0.4,0,0,1
32,37,2,0,0.2,0,0.8,0,0,1
32,55,2,0.1,0.2,0.1,0.5,0,0,1
32,57,3,0.2,0.2,0.1,0.8,0,0,1
32,73,1,0,0.1,0,0.5,0,0,1
33,3,4,0.2,0.6,0.2,1.4,0,0,1
33,45,2,0.1,0.1,0.1,0.5,0,0,1
33,59,4,0.3,0.3,0.1,1.1,0,0,1
33,62,2,0.1,0.1,0,0.7,0,0,1
33,73,4,0,0.6,0,1.9,0,0,1
33,74,6,0,0.9,0,2.8,0,0,1
33,76,2,0,0.3,0,0.9,0,0,1
33,82,2,0.1,0.1,0.1,0.6,0,0,1
33,116,3,0.2,0.1,0.2,1,0,0,1
34,4,1,0,0.2,0,0.4,0,0,1
34,21,1,0,0.1,0.1,0.4,0,0,1
34,58,4,0.3,0.3,0.1,1.1,0,0,1
34,59,12.5,0.8,1.1,0.3,3.3,0,0,1
34,73,1,0,0.1,0,0.5,0,0,1
34,113,3,0.2,0.1,0.2,1,0,0,1
35,1,4,0.2,0.6,0.2,1.4,0,0,1
35,73,2,0,0.3,0,0.9,0,0,1
35,95,8,0.3,0.4,0.4,2.4,0,0,1
35,96,6,0.2,0.3,0.3,1.8,0,0,1
35,105,1,0.1,0,0.1,0.3,0,0,1
35,111,8,0.5,0.2,0.5,2.7,0,0,1
36,27,2,0,0.1,0.1,0.9,0,0,1
36,71,1,0,0.1,0,0.5,0,0,1
36,95,1,0,0,0.1,0.3,0,0,1
36,105,2,0.1,0.1,0.1,0.7,0,0,1
37,29,1,0,0.1,0.1,0.4,0,0,1
37,30,1,0,0.1,0,0.4,0,0,1
37,31,2,0,0.2,0,0.8,0,0,1
37,47,2,0.1,0.1,0.1,0.5,0,0,1
37,92,5.5,0.2,0.3,0.3,1.6,0,0,1
38,22,1,0,0.1,0.1,0.4,0,0,1
38,23,2,0,0.1,0.1,0.9,0,0,1
38,27,1,0,0.1,0.1,0.4,0,0,1
38,54,2,0.1,0.2,0.1,0.5,0,0,1
38,55,3,0.2,0.2,0.1,0.8,0,0,1
38,56,5,0.3,0.5,0.1,1.3,0,0,1
38,92,11,0.5,0.5,0.5,3.3,0,0,1
39,22,8,0,0.4,0.4,3.6,0,0,1
39,23,4,0,0.2,0.2,1.8,0,0,1
39,55,6,0.4,0.5,0.1,1.6,0,0,1
39,56,1,0.1,0.1,0,0.2,0,0,1
39,73,1,0,0,0,0.5,0,0,1
39,91,4,0.1,0.2,0.2,1.2,0,0,1
40,35,3,0,0.3,0,1.3,0,0,1
40,36,6,0,0.6,0,2.5,0,0,1
40,56,3,0.2,0.2,0.1,0.8,0,0,1
40,72,10,0.4,0.4,0,4.6,0,0,1
40,73,5,0.2,0.2,0,2.3,0,0,1
40,91,3,0.1,0.1,0.2,0.9,0,0,1
41,33,4,0,0.4,0,1.7,0,0,1
41,35,3,0,0.3,0,1.3,0,0,1
41,40,1,0,0,0.1,0.3,0,0,1
41,73,12,0.4,0.4,0,5.6,0,0,1
41,78,4,0,0.6,0,1.9,0,0,1
42,20,14,0,0.9,0.3,6.1,0,0,1
42,21,11,0,0.7,0.2,4.8,0,0,1
42,37,2,0.1,0.2,0.1,0.6,0,0,1
42,38,3,0.2,0.2,0.1,0.9,0,0,1
42,48,9,0.4,0.4,0.4,2.6,0,0,1
42,49,1,0,0,0.1,0.3,0,0,1
42,77,1,0,0.1,0,0.3,0,0,1
42,85,10,0.2,0.5,0.5,3.1,0,0,1
43,20,6,0,0.4,0.1,2.6,0,0,1
43,21,2,0,0.1,0,0.9,0,0,1
43,28,7,0,0.5,0.2,3,0,0,1
43,29,2,0,0.1,0,0.9,0,0,1
43,39,4,0.3,0.3,0.1,1.2,0,0,1
43,51,3,0.1,0.1,0.1,0.9,0,0,1
43,86,10,0.2,0.5,0.5,3.1,0,0,1
44,5,2,0.1,0.3,0.1,0.7,0,0,1
44,21,4,0,0.3,0.1,1.7,0,0,1
44,39,1,0.1,0.1,0,0.3,0,0,1
44,40,3,0.1,0.1,0.1,0.9,0,0,1
44,50,2,0.1,0.1,0.1,0.5,0,0,1
44,54,4,0.2,0.2,0.2,1.1,0,0,1
44,62,1,0,0,0,0.5,0,0,1
44,76,11,0.4,0.7,0,3.8,0,0,1
44,102,1,0.1,0,0.1,0.3,0,0,1
44,103,12,0.8,0.5,1.6,3.5,0,0,1
44,104,4,0.3,0.2,0.5,1.1,0,0,1
44,112,2,0.1,0.1,0.1,0.7,0,0,1
44,113,3,0.2,0.1,0.2,1,0,0,1
45,6,1,0,0.2,0,0.4,0,0,1
45,14,5,0,0.2,0.4,1.6,0,0,1
45,36,6,0.4,0.4,0.2,1.9,0,0,1
45,60,9,0,0.3,0.3,4.2,0,0,1
45,61,3,0,0.1,0.1,1.4,0,0,1
45,62,1,0,0,0,0.5,0,0,1
45,73,2,0.1,0.1,0,0.7,0,0,1
45,102,1,0.1,0,0.1,0.3,0,0,1
45,103,10,0.7,0.4,1.3,2.9,0,0,1
45,104,11,0.7,0.5,1.5,3.2,0,0,1
45,113,3,0.2,0.1,0.2,1,0,0,1
45,114,4,0.2,0.1,0.2,1.4,0,0,1
46,42,2,0.1,0.1,0.1,0.5,0,0,1
46,43,3,0.1,0.1,0.1,0.9,0,0,1
46,60,3,0,0.1,0.1,1.4,0,0,1
46,73,4,0.1,0.3,0,1.4,0,0,1
46,77,2,0.1,0.1,0,0.7,0,0,1
46,103,2,0.1,0.1,0.3,0.6,0,0,1
46,113,2,0.1,0.1,0.1,0.7,0,0,1
47,8,2,0.1,0.3,0.1,0.7,0,0,1
47,13,2,0,0.1,0.2,0.6,0,0,1
47,42,7,0.3,0.3,0.3,2,0,0,1
47,43,3,0.1,0.1,0.1,0.9,0,0,1
47,52,4,0.2,0.2,0.2,1.1,0,0,1
47,60,7,0,0.2,0.2,3.3,0,0,1
47,101,2,0.1,0.1,0.3,0.6,0,0,1
47,103,2,0.1,0.1,0.3,0.6,0,0,1
48,8,3,0.1,0.5,0.2,1,0,0,1
48,76,3,0.1,0.2,0,1,0,0,1
48,116,4,0.2,0.1,0.2,1.4,0,0,1
49,12,3,0,0.1,0.2,1,0,0,1
49,27,4,0.2,1.1,0.2,0.4,0.1,0,1
49,28,7,0.4,1.9,0.3,0.8,0.1,0,1
49,32,2,0.1,0.2,0.1,0.6,0,0,1
49,33,5,0.3,0.4,0.1,1.6,0,0,1
49,38,5,0.5,0.4,0.2,1.3,0,0,1
50,12,1,0,0,0.1,0.3,0,0,1
50,18,2,0,0.1,0.2,0.6,0,0,1
50,25,3,0.2,0.8,0.1,0.4,0,0,1
50,27,18,1,4.9,0.8,2,0.3,0,1
50,28,35,3,13,1,0,0,0,0
50,29,7,0.4,1.9,0.3,0.8,0.1,0,1
50,32,2,0.1,0.2,0.1,0.6,0,0,1
50,33,6,0.4,0.4,0.2,1.9,0,0,1
50,36,3,0.3,0.2,0.2,0.8,0,0,1
50,37,11,1.1,0.9,0.5,2.8,0,0,1
50,38,9,0.9,0.7,0.5,2.3,0,0,1
50,59,2,0.1,0.1,0.1,0.5,0,0,1
50,60,6,0,0.2,0.2,2.8,0,0,1
50,76,2,0.1,0.1,0,0.7,0,0,1
50,85,1,0,0,0.1,0.3,0,0,1
50,86,1,0,0,0.1,0.3,0,0,1
50,95,3,0.1,0.1,0.2,0.9,0,0,1
51,12,5,0,0.2,0.4,1.6,0,0,1
51,17,14,0,0.4,1.3,4.5,0,0,1
51,18,2,0,0.1,0.2,0.6,0,0,1
51,25,4,0.2,1.1,0.2,0.4,0.1,0,1
51,27,12,0.7,3.2,0.5,1.4,0.2,0,1
51,28,50,27,2,0,0,0,13,0
51,29,15,0.9,4.1,0.6,1.7,0.2,0,1
51,30,7,0.5,0.5,0.1,2.2,0,0,1
51,32,6,0.4,0.4,0.2,1.9,0,0,1
51,36,12,1.1,1,0.6,3.1,0,0,1
51,37,16,1.5,1.3,0.8,4.1,0,0,1
51,38,6,0.6,0.5,0.3,1.5,0,0,1
51,78,2,0.1,0.1,0,0.7,0,0,1
51,85,6,0.1,0.3,0.3,1.9,0,0,1
51,86,14,0.3,0.7,0.7,4.3,0,0,1
52,0,2,0.1,0.1,0.2,0.5,0,0,1
52,11,8,0.3,0.6,0,3,0,0,1
52,17,2,0.1,0.1,0,0.8,0,0,1
52,23,3,0,0.7,0.5,0.2,0,0.2,1
52,25,3,0.2,0.7,0.1,0.5,0,0.1,1
52,26,6,0.4,1.4,0.2,0.9,0,0.3,1
52,27,49,2,17,1,3,0,0,0
52,28,10,0.6,2.4,0.4,1.5,0,0.4,1
52,29,72,2,2,11,27,0,0,0
52,30,19,1,2.5,2.8,4.1,0,0,1
52,31,2,0.1,0.3,0.3,0.4,0,0,1
52,33,2,0.1,0.3,0.3,0.4,0,0,1
52,36,3,0.2,0.4,0.4,0.6,0,0,1
52,37,1,0.1,0.1,0.1,0.2,0,0,1
52,59,1,0,0,0.1,0.4,0,0,1
52,78,7,0.3,0.8,0.6,1.7,0,0,1
52,86,2,0.3,0.2,0.1,0.4,0,0,1
52,109,2,0.1,0.1,0.1,0.7,0,0,1
52,111,1,0.1,0.1,0,0.3,0,0,1
53,26,19,1.2,4.5,0.8,2.8,0,0.8,1
53,27,30,0,13,0,0,0,6,0
53,28,3,0.2,0.7,0.1,0.5,0,0.1,1
53,29,18,1,4,0,6,0,0,0
53,30,9,0.5,1.2,1.3,1.9,0,0,1
53,39,2,0.1,0.3,0.3,0.4,0,0,1
53,47,5,0,0.3,0,3,0,0,1
53,61,1,0,0.1,0,0.4,0,0,1
53,62,2,0.1,0.2,0.1,0.7,0,0,1
53,78,2,0.1,0.2,0.2,0.5,0,0,1
53,102,3,0.2,0.2,0.1,1,0,0,1
53,103,6,0.4,0.4,0.1,2.1,0,0,1
53,112,3,0.2,0.2,0.1,1,0,0,1
53,113,3,0.2,0.2,0.1,1,0,0,1
53,120,1,0.1,0,0.1,0.3,0,0,1
53,122,8,0.7,0.4,0.5,2,0,0,1
53,123,2,0.2,0.1,0.1,0.5,0,0,1
54,13,5,0.2,0.3,0,1.9,0,0,1
54,19,7,0.2,0.5,0,2.7,0,0,1
54,28,4,0.3,0.9,0.2,0.6,0,0.2,1
54,29,23,2,5,2,3,0,0,0
54,30,34,1,4,7,2,0,0,0
54,31,22,1.2,2.9,3.2,4.7,0,0,1
54,34,1,0.1,0.1,0.1,0.2,0,0,1
54,61,1,0,0.1,0,0.4,0,0,1
54,118,1,0.1,0.1,0,0.3,0,0,1
54,119,3,0.2,0.2,0.1,1,0,0,1
55,1,1,0,0.1,0.1,0.3,0,0,1
55,6,6,0.2,0.3,0.8,1.5,0,0,1
55,8,4,0.1,0.2,0.5,1,0,0,1
55,9,2,0.1,0.1,0.2,0.5,0,0,1
55,29,2,0.1,0.5,0.1,0.3,0,0.1,1
55,30,23.5,0,4,8,1,0,5,0
55,31,8,0.4,1.1,1.2,1.7,0,0,1
55,68,14,0.6,1.3,0.6,5.1,0,0,1
55,77,2,0.1,0.2,0.2,0.5,0,0,1
55,82,20,0,5.5,2.7,1.8,0,0,1
55,83,9,0,2.5,1.2,0.8,0,0,1
55,108,1,0.1,0.1,0,0.3,0,0,1
55,109,5,0.3,0.3,0.1,1.8,0,0,1
56,1,7,0.3,0.3,0.9,1.7,0,0,1
56,6,2,0.1,0.1,0.2,0.5,0,0,1
56,33,1,0.1,0.1,0.1,0.2,0,0,1
56,38,2,0.1,0.3,0.3,0.4,0,0,1
56,70,6,0.3,0.7,0.5,1.4,0,0,1
56,72,2,0.1,0.2,0.2,0.5,0,0,1
56,73,4,0.2,0.5,0.3,0.9,0,0,1
56,79,1,0.1,0.1,0.1,0.2,0,0,1
56,80,39,9,1,5,3,0,0,0
56,81,11,0,3,1.5,1,0,0,1
56,82,30,1,5,11,1,0,6,0
56,83,4,0,1.1,0.5,0.4,0,0,1
56,108,8,0.5,0.5,0.2,2.8,0,0,1
56,126,8,0.7,0.4,0.5,2,0,0,1
57,12,1,0,0.1,0,0.4,0,0,1
57,16,3,0.1,0.2,0,1.1,0,0,1
57,34,2,0.1,0.3,0.3,0.4,0,0,1
57,35,1,0.1,0.1,0.1,0.2,0,0,1
57,45,2,0,0.1,0,1.2,0,0,1
57,48,1,0,0.1,0,0.6,0,0,1
57,80,18,2.2,1.6,1.1,3.8,0,0,1
57,81,30,0,1,0,14,0,0,0
57,82,7,0.9,0.6,0.4,1.5,0,0,1
57,83,2,0.3,0.2,0.1,0.4,0,0,1
57,86,2,0.3,0.2,0.1,0.4,0,0,1
57,96,3,0.2,0.3,0,0.8,0,0,1
57,97,4,0.2,0.4,0,1.1,0,0,1
58,7,4,0.2,0.3,0,2.2,0,0,1
58,8,27,1.4,2.1,0,14.5,0,0,1
58,20,7,0,1.5,1.3,0.4,0,0.6,1
58,25,7,0,1.5,1.3,0.4,0,0.6,1
58,27,1,0,0.2,0.2,0.1,0,0.1,1
58,28,8,0,1.8,1.4,0.5,0,0.6,1
58,29,18,0,4,3.2,1.1,0,1.4,1
58,50,1,0,0,0.1,0.4,0,0,1
58,90,6,0.4,0.5,0,1.6,0,0,1
58,95,1,0,0.1,0,0.3,0,0,1
58,96,10,0.6,0.9,0,2.7,0,0,1
58,104,1,0.1,0.1,0,0.3,0,0,1
59,8,7,0.4,0.5,0,3.8,0,0,1
59,9,1,0.1,0.1,0,0.5,0,0,1
59,26,2,0,0.4,0.4,0.1,0,0.2,1
59,28,2,0,0.4,0.4,0.1,0,0.2,1
59,61,2,0.1,0.2,0.1,0.7,0,0,1
59,123,5,0.5,0.2,0.3,1.3,0,0,1
60,44,1,0,0.1,0,0.6,0,0,1
60,47,1,0,0.1,0,0.6,0,0,1
60,48,6,0,0.3,0,3.7,0,0,1
60,90,5,0.3,0.4,0,1.4,0,0,1
60,103,5,0.3,0.3,0.1,1.8,0,0,1
60,121,2,0.2,0.1,0.1,0.5,0,0,1
60,123,5,0.5,0.2,0.3,1.3,0,0,1
60,124,10,0.9,0.4,0.7,2.5,0,0,1
60,127,1,0.1,0,0.1,0.3,0,0,1
61,13,1,0,0.1,0,0.4,0,0,1
61,18,2,0.1,0.1,0,0.8,0,0,1
61,22,2,0,0.4,0.4,0.1,0,0.2,1
61,49,2,0,0.1,0,1.2,0,0,1
61,57,1,0,0,0.1,0.4,0,0,1
61,60,2,0.1,0.2,0.1,0.7,0,0,1
61,76,1,0.1,0.1,0.1,0.2,0,0,1
61,80,2,0.3,0.2,0.1,0.4,0,0,1
61,90,4,0.2,0.4,0,1.1,0,0,1
61,115,1,0.1,0.1,0,0.3,0,0,1
61,126,2,0.2,0.1,0.1,0.5,0,0,1
62,11,1,0,0,0.1,0.5,0,0,1
62,12,1,0,0,0.1,0.5,0,0,1
62,21,6,0.2,0.2,0.2,1.8,0,0,1
62,37,2,0.1,0,0,0.8,0,0,1
62,38,1,0,0,0,0.4,0,0,1
62,39,2,0.1,0,0,0.8,0,0,1
62,113,2,0.2,0,0,0.7,0,0,1
62,114,3,0.2,0.1,0.1,1,0,0,1
62,115,7,0.5,0.2,0.2,2.3,0,0,1
63,38,3,0.1,0,0,1.2,0,0,1
63,113,1,0.1,0,0,0.4,0,0,1
63,114,3,0.2,0.1,0.1,1,0,0,1
63,115,8,0.6,0.2,0.2,2.7,0,0,1
64,13,4,0.1,0.2,0.4,1.8,0,0,1
64,14,1,0,0,0.1,0.5,0,0,1
64,35,1,0,0,0,0.4,0,0,1
64,38,4,0.2,0,0,1.6,0,0,1
64,81,3,0.2,0.2,0.2,0.6,0,0,1
64,84,2,0.1,0.1,0.2,0.4,0,0,1
65,2,3,0,0.2,0,0.9,0,0,1
65,3,2,0,0.1,0,0.6,0,0,1
65,10,2,0,0.1,0.2,0.9,0,0,1
65,27,9,0.2,0.3,0.3,2.7,0,0,1
65,50,2,0,0.1,0.1,0.7,0,0,1
65,65,4,0,0,0.4,1.2,0,0,1
65,80,6,0.3,0.4,0.5,1.1,0,0,1
65,81,2,0.1,0.1,0.2,0.4,0,0,1
65,96,2,0.1,0.1,0.1,0.9,0,0,1
65,97,4,0.2,0.3,0.1,1.8,0,0,1
66,8,2,0,0.1,0,0.6,0,0,1
66,10,3,0.1,0.1,0.3,1.3,0,0,1
66,27,11,0.3,0.3,0.4,3.3,0,0,1
66,35,4,0.2,0,0,1.6,0,0,1
66,43,9,0.3,0.3,0.3,3.2,0,0,1
66,49,2,0,0.1,0.1,0.7,0,0,1
66,68,9,0,0,1,2.7,0,0,1
66,95,8,0.5,0.5,0.2,3.7,0,0,1
66,96,1,0.1,0.1,0,0.4,0,0,1
66,97,3,0.2,0.2,0,1.4,0,0,1
66,98,10,0.6,0.7,0.2,4.6,0,0,1
66,118,1,0.1,0,0,0.4,0,0,1
67,7,9,0,0.6,0,2.7,0,0,1
67,33,8,0.4,0,0,3.2,0,0,1
67,39,7,0.3,0,0,2.8,0,0,1
67,40,4,0.1,0.1,0.2,1.4,0,0,1
67,44,2,0,0.1,0.1,0.7,0,0,1
67,49,8,0.2,0.3,0.3,2.8,0,0,1
67,95,1,0.1,0.1,0,0.4,0,0,1
67,98,5,0.3,0.3,0.1,2.3,0,0,1
67,99,10,0.6,0.7,0.2,4.6,0,0,1
67,118,2,0.2,0,0,0.7,0,0,1
68,18,4,0.1,0.2,0.4,1.8,0,0,1
68,19,8,0.2,0.3,0.8,3.6,0,0,1
68,20,7,0.2,0.2,0.2,2.2,0,0,1
68,35,2,0.1,0,0,0.8,0,0,1
68,72,3,0,0,0.3,0.9,0,0,1
68,81,1,0,0.1,0.1,0.2,0,0,1
68,82,5,0.2,0.4,0.4,0.9,0,0,1
68,117,5,0.4,0.1,0.1,1.7,0,0,1
68,119,3,0.2,0.1,0.1,1,0,0,1
69,4,2,0,0.1,0,0.6,0,0,1
69,6,7,0,0.5,0,2.1,0,0,1
69,73,6,0,0,0.6,1.8,0,0,1
69,78,2,0,0,0.2,0.6,0,0,1
70,6,2,0,0.1,0,0.6,0,0,1
70,14,6,0.2,0.2,0.6,2.7,0,0,1
70,73,2,0,0,0.2,0.6,0,0,1
70,84,7,0.4,0.5,0.5,1.3,0,0,1
70,88,4,0.2,0.3,0.3,0.7,0,0,1
70,89,3,0.2,0.2,0.2,0.6,0,0,1
70,118,4,0.3,0.1,0.1,1.3,0,0,1
71,4,3,0,0.2,0,0.9,0,0,1
71,14,1,0,0,0.1,0.5,0,0,1
71,30,4,0.2,0,0,1.6,0,0,1
71,31,2,0.1,0,0,0.8,0,0,1
71,52,1,0,0,0.1,0.4,0,0,1
71,71,1,0,0,0.1,0.3,0,0,1
71,84,2,0.1,0.1,0.2,0.4,0,0,1
71,88,2,0.1,0.1,0.2,0.4,0,0,1
71,89,2,0.1,0.1,0.2,0.4,0,0,1
71,97,2,0.1,0.1,0.1,0.9,0,0,1
71,102,5,0.3,0.3,0.1,1.8,0,0,1
72,0,1,0,0.1,0,0.4,0,0,1
72,1,8,0.2,0.4,0.3,2.9,0,0,1
72,15,1,0,0,0.1,0.4,0,0,1
72,31,2,0.1,0.1,0.1,0.6,0,0,1
72,52,4,0,0,0.3,1.9,0,0,1
72,53,2,0,0,0.2,0.9,0,0,1
72,79,2,0.1,0.1,0.1,0.8,0,0,1
72,80,3,0,0,0.4,0.9,0,0,1
72,99,6,0.2,0.3,0.3,1,0,0,1
72,100,9,0.3,1.2,0.6,2.4,0,0,1
72,101,3,0.1,0.4,0.2,0.8,0,0,1
72,113,1,0,0.1,0.1,0.3,0,0,1
73,0,16,0.4,0.9,0.6,5.7,0,0,1
73,1,23,0.6,1.2,0.9,8.2,0,0,1
73,6,1,0,0.1,0,0.4,0,0,1
73,57,6,0,0,0.4,2.8,0,0,1
73,71,2,0.1,0.1,0.1,0.8,0,0,1
73,111,1,0,0.1,0.1,0.3,0,0,1
74,0,2,0,0.1,0.1,0.7,0,0,1
74,1,8,0.2,0.4,0.3,2.9,0,0,1
74,6,5,0.1,0.3,0.2,1.8,0,0,1
74,46,1,0,0.2,0,0.5,0,0,1
74,57,14,0,0,1.1,6.4,0,0,1
74,72,5,0.1,0.3,0.3,2,0,0,1
74,88,1,0,0,0.1,0.3,0,0,1
74,109,2,0.1,0.3,0.1,0.5,0,0,1
74,110,10,0.4,0.8,0.8,3.4,0,0,1
75,0,3,0.1,0.1,0.1,1.1,0,0,1
75,1,2,0,0.1,0.1,0.7,0,0,1
75,34,5,0.1,0.2,0.3,1.6,0,0,1
75,37,11,0.3,0.6,0.6,3.4,0,0,1
75,43,4,0.1,0.3,1.3,0,0,0.4,1
75,44,28,0.7,2.1,9.1,0,0,2.8,1
75,45,21,0.8,4.7,0,10.1,0,0,1
75,46,33.5,2,2,3,10,0,0,0
75,47,4,0.2,0.9,0,1.9,0,0,1
75,88,7,0,0,1,2.1,0,0,1
75,93,6,0,0.8,0.8,1.4,0,0,1
75,94,23,1,1,1,8,0,0,0
75,95,4,0.1,0.2,0.2,0.7,0,0,1
75,110,33,2,0,1,13,0,0,0
75,111,2,0.1,0.2,0.2,0.6,0,0,1
76,3,1,0,0.1,0,0.4,0,0,1
76,44,4,0.1,0.3,1.3,0,0,0.4,1
76,46,1,0,0.2,0,0.5,0,0,1
76,88,2,0,0,0.3,0.6,0,0,1
76,93,3,0,0.4,0.4,0.7,0,0,1
76,94,13,0,1.8,1.8,2.9,0,0,1
76,95,5,0.2,0.2,0.2,0.9,0,0,1
76,110,5,0.2,0.4,0.4,1.7,0,0,1
76,111,5,0.2,0.4,0.4,1.7,0,0,1
77,38,8,0.2,0.4,0.4,2.6,0,0,1
77,95,4,0.1,0.2,0.2,0.7,0,0,1
77,99,6,0.2,0.3,0.3,1,0,0,1
77,102,1,0,0.1,0.1,0.3,0,0,1
77,126,4,0,0.3,0.4,1.3,0,0,1
78,15,5,0,0.1,0.3,1.9,0,0,1
78,16,6,0,0.2,0.3,2.2,0,0,1
78,46,2,0,0.2,0.6,0,0,0.2,1
78,74,4,0.3,0.1,0.7,1.2,0,0,1
78,106,2,0.1,0.3,0.1,0.5,0,0,1
78,108,5,0.2,0.7,0.3,1.3,0,0,1
79,46,2,0,0.2,0.6,0,0,0.2,1
79,73,3,0.2,0.1,0.5,0.9,0,0,1
79,74,8,0.5,0.3,1.3,2.4,0,0,1
79,75,5,0.1,0.3,0.3,2,0,0,1
79,95,2,0.1,0.1,0.1,0.3,0,0,1
79,112,3,0.2,0.4,0,1.2,0,0,1
79,119,17,1.2,2.3,0,6.5,0,0,1
79,121,5,0,0.4,0.5,1.6,0,0,1
80,4,4,0.1,0.2,0.2,1.4,0,0,1
80,5,2,0,0.1,0.1,0.7,0,0,1
80,30,1,0,0,0.1,0.3,0,0,1
80,72,2,0.1,0.1,0.3,0.6,0,0,1
80,73,10,0.7,0.3,1.7,3,0,0,1
80,75,10,0.3,0.6,0.6,4,0,0,1
80,76,5,0.1,0.3,0.3,2,0,0,1
80,77,3,0.1,0.2,0.2,1.1,0,0,1
80,86,4,0,0,0.6,1.2,0,0,1
80,91,9,0.4,0.4,0.4,1.5,0,0,1
80,92,10,0.4,0.4,0.4,1.8,0,0,1
80,112,2,0.1,0.3,0,0.8,0,0,1
80,113,3,0.2,0.4,0,1.2,0,0,1
80,117,1,0.1,0.1,0,0.4,0,0,1
80,118,1,0.1,0.1,0,0.4,0,0,1
80,119,2,0.1,0.3,0,0.8,0,0,1
80,127,1,0,0.1,0.1,0.3,0,0,1
81,21,2,0.1,0.1,0.1,0.6,0,0,1
81,22,4,0.1,0.2,0.2,1.3,0,0,1
81,23,5,0.1,0.2,0.3,1.6,0,0,1
81,70,3,0.2,0.1,0.5,0.9,0,0,1
81,75,1,0,0,0.1,0.4,0,0,1
81,103,2,0.1,0.3,0.1,0.5,0,0,1
81,108,6,0.2,0.8,0.4,1.6,0,0,1
81,127,3,0,0.3,0.3,0.9,0,0,1
82,26,2,0,0.1,0.1,0.6,0,0,1
82,31,2,0,0.1,0.3,0.6,0,0,1
82,70,5,0.3,0.3,0.1,1.7,0,0,1
82,87,2,0,0,0.3,0.6,0,0,1
82,91,1,0.2,0.1,0,0.2,0,0,1
83,2,2,0,0.1,0.1,0.7,0,0,1
83,15,3,0,0.1,0.2,1.1,0,0,1
83,20,9,0.2,0.3,0.3,2.8,0,0,1
83,23,2,0,0.1,0.1,0.6,0,0,1
83,24,2,0,0.1,0.1,0.6,0,0,1
83,60,2,0.1,0.1,0.1,0.7,0,0,1
83,61,1,0.1,0.1,0,0.3,0,0,1
83,80,1,0,0,0.1,0.3,0,0,1
83,95,8,1.2,1,0.4,1.2,0,0,1
83,108,2,0.1,0,0.1,0.5,0,0,1
83,121,3,0.2,0.2,0,0.8,0,0,1
84,3,1,0,0,0.1,0.4,0,0,1
84,4,14,0,0.4,0.7,5.2,0,0,1
84,110,1,0.1,0,0.1,0.2,0,0,1
84,114,3,0.2,0.1,0.1,0.7,0,0,1
85,3,13,0,0.3,0.7,4.9,0,0,1
85,4,18.5,0,0.5,1,6.9,0,0,1
85,29,4,0.1,0.1,0.2,1.2,0,0,1
85,102,1,0.1,0,0.1,0.2,0,0,1
85,127,7,0.4,0.6,0,1.9,0,0,1
86,3,8,0,0.2,0.4,3,0,0,1
86,12,1,0,0,0.1,0.4,0,0,1
86,17,5,0,0.1,0.3,1.9,0,0,1
86,29,4,0.1,0.1,0.2,1.2,0,0,1
86,94,1,0.2,0.1,0,0.2,0,0,1
87,59,1,0,0,0.1,0.4,0,0,1
87,79,3,0.2,0.2,0.1,1,0,0,1
87,80,3,0,0,0.4,0.9,0,0,1
87,81,12,0,0,1.7,3.6,0,0,1
87,89,1,0.1,0.2,0.1,0,0,0,1
87,90,13,1.9,1.6,0.6,2,0,0,1
87,91,10,1.5,1.2,0.4,1.6,0,0,1
87,92,18,2.7,2.2,0.8,2.8,0,0,1
88,24,17,0.3,0.7,0.7,5.2,0,0,1
88,25,8,0.1,0.3,0.3,2.5,0,0,1
88,38,1,0,0.1,0.1,0.3,0,0,1
88,50,2,0,0,0.1,0.9,0,0,1
88,56,5,0,0,0.2,2.2,0,0,1
88,80,1,0,0,0.1,0.3,0,0,1
88,90,4,0.6,0.5,0.2,0.6,0,0,1
88,91,20,3,7,0,4,0,0,0
88,92,17,7,1,0,3,0,0,0
88,93,8,1.2,1,0.4,1.2,0,0,1
88,94,2,0.3,0.2,0.1,0.3,0,0,1
88,119,7,0.5,0.2,0.3,1.6,0,0,1
89,24,4,0.1,0.1,0.2,1.2,0,0,1
89,37,2,0,0.1,0.3,0.6,0,0,1
89,39,4,0,0.2,0.5,1.2,0,0,1
89,45,2,0.1,0.1,0.4,0.3,0,0,1
89,46,3,0.1,0.1,0.7,0.5,0,0,1
89,48,2,0.1,0.1,0.4,0.3,0,0,1
89,50,6,0,0,0.3,2.6,0,0,1
89,56,1,0,0,0.1,0.4,0,0,1
89,57,4,0,0,0.2,1.7,0,0,1
89,72,1,0.1,0.1,0,0.3,0,0,1
89,88,2,0.1,0.4,0.2,0.1,0,0,1
89,90,7,1,0.9,0.3,1.1,0,0,1
89,91,35,4,6,1,4,0,0,0
89,92,93,2,1,1,58,0,0,0
89,93,28,1,4,3,6,0,2,0
89,94,8,1.2,1,0.4,1.2,0,0,1
89,103,2,0.1,0,0.1,0.5,0,0,1
89,113,3,0.2,0.1,0.1,0.7,0,0,1
89,114,2,0.1,0,0.1,0.5,0,0,1
89,118,8,0.5,0.2,0.4,1.9,0,0,1
89,119,4,0.3,0.1,0.2,0.9,0,0,1
90,33,3,0,0.2,0.4,0.9,0,0,1
90,37,13,0,0.7,1.5,4.1,0,0,1
90,39,5,0,0.3,0.6,1.5,0,0,1
90,47,3,0.1,0.1,0.7,0.5,0,0,1
90,48,12,0.5,0.5,2.5,2,0,0,1
90,57,4,0,0,0.2,1.7,0,0,1
90,72,10,0.6,0.6,0.3,3.4,0,0,1
90,77,4,0.2,0.2,0.1,1.4,0,0,1
90,90,2,0.3,0.2,0.1,0.3,0,0,1
90,91,41,4,6,9,5,0,2,0
90,92,52,4,7,2,16,0,0,0
90,93,71.5,0,20,13,0,0,0,0
90,94,2,0.3,0.2,0.1,0.3,0,0,1
90,103,4,0.3,0.1,0.2,0.9,0,0,1
91,37,3,0,0.2,0.4,0.9,0,0,1
91,39,2,0,0.1,0.3,0.6,0,0,1
91,48,2,0.1,0.1,0.4,0.3,0,0,1
91,77,9,0.5,0.5,0.3,3.1,0,0,1
91,87,3,0.2,0.5,0.4,0.1,0,0,1
91,88,6,0.4,1.1,0.7,0.2,0,0,1
91,89,21,1.3,3.8,2.6,0.6,0,0,1
91,90,21,0,11,0,0,0,0,0
91,91,20,3,2.4,0.9,3.1,0,0,1
91,92,18,13,0,0,0,0,13,0
91,93,36,0,6,8,0,0,2,0
91,94,4,0.6,0.5,0.2,0.6,0,0,1
91,107,4,0.3,0.1,0.2,0.9,0,0,1
91,113,2,0.1,0,0.1,0.5,0,0,1
92,88,3,0.1,0.3,0.4,0.3,0,0,1
92,89,11,0.2,1.3,1.5,1.1,0.1,0,1
92,90,29,0,12,0.7,1.4,0,0,1
92,93,6,0,2.5,0.1,0.3,0,0,1
92,107,7,0.4,0.4,0.6,1.5,0,0,1
93,25,2,0,0,0.1,0.9,0,0,1
93,87,9,0.2,1.1,1.1,0.9,0.1,0,1
93,88,7,0.1,0.9,0.9,0.7,0.1,0,1
93,89,6,0.1,0.7,0.8,0.6,0.1,0,1
93,98,2,0,0.8,0.1,0.1,0,0,1
93,100,4,0.2,0.2,0.4,0.9,0,0,1
94,25,3,0,0.1,0.1,1.4,0,0,1
94,36,5,0,0.1,0.2,2.3,0,0,1
94,37,2,0,0,0.1,0.9,0,0,1
94,75,3,0,0.1,0.1,1.6,0,0,1
94,77,2,0,0.1,0.1,1,0,0,1
94,84,5,0.1,0.6,0.6,0.5,0.1,0,1
94,86,6,0.1,0.7,0.8,0.6,0.1,0,1
94,87,22,0.4,2.7,2.9,2.2,0.2,0,1
94,88,15,0.3,1.8,1.9,1.5,0.2,0,1
94,108,2,0.1,0.1,0.2,0.4,0,0,1
95,73,4,0,0.1,0.2,2.1,0,0,1
95,86,7,0.1,0.9,0.9,0.7,0.1,0,1
95,87,1,0,0.1,0.2,0.1,0,0,1
95,88,5,0.1,0.6,0.6,0.5,0.1,0,1
96,33,3,0,0.1,0.1,1.4,0,0,1
96,71,2,0,0.1,0.1,1,0,0,1
96,90,4,0,1.7,0.1,0.2,0,0,1
96,127,5,0.6,0.2,0.2,1.4,0,0,1
97,5,1,0,0.1,0.1,0.2,0,0,1
97,7,3,0.1,0.2,0.4,0.6,0,0,1
97,14,2,0.1,0.1,0,0.6,0,0,1
97,19,1,0,0.1,0,0.3,0,0,1
97,71,2,0,0.1,0.1,1,0,0,1
97,124,1,0.1,0,0.1,0.3,0,0,1
98,8,6,0.3,0.4,0.7,1.1,0,0,1
98,9,2,0.1,0.1,0.2,0.4,0,0,1
98,19,8,0.3,0.5,0,2.6,0,0,1
98,80,3,0.1,0.3,0.4,0.3,0,0,1
98,100,4,0.2,0.2,0.4,0.9,0,0,1
98,101,2,0.1,0.1,0.2,0.4,0,0,1
98,102,6,0.3,0.4,0.5,1.3,0,0,1
98,126,4,0.5,0.2,0.2,1.1,0,0,1
99,4,2,0.1,0.1,0.2,0.4,0,0,1
99,5,6,0.3,0.4,0.7,1.1,0,0,1
99,6,21,0.9,1.6,2.5,3.8,0,0,1
99,7,27,1,0,2,12,0,0,0
99,8,24,2,0,4,6,0,0,0
99,44,4,0,0,0.4,1.8,0,0,1
99,112,3,0.2,0.2,0.2,0.6,0,0,1
99,113,7,0.4,0.4,0.6,1.5,0,0,1
99,125,21,2.7,0.7,1,5.9,0,0,1
99,126,16,2,0.6,0.7,4.5,0,0,1
100,6,17,0.8,1.3,2,3,0,0,1
100,7,6,0.3,0.4,0.7,1.1,0,0,1
100,8,3,0.1,0.2,0.4,0.6,0,0,1
100,52,3,0,0,0.3,1.3,0,0,1
100,53,2,0,0,0.2,0.9,0,0,1
100,72,1,0,0,0.1,0.5,0,0,1
100,76,3,0,0.1,0.1,1.6,0,0,1
100,125,15,1.9,0.5,0.7,4.2,0,0,1
100,126,5,0.6,0.2,0.2,1.4,0,0,1
101,17,5,0.2,0.3,0,1.6,0,0,1
101,41,5,0,0,0.4,2.3,0,0,1
101,42,3,0,0,0.3,1.3,0,0,1
101,52,4,0,0,0.4,1.8,0,0,1
101,116,1,0,0.1,0.1,0.2,0,0,1
101,123,4,0.5,0.2,0.2,1.1,0,0,1
102,69,7,0,0.2,0.6,2,0,0,1
102,114,3,0.3,0.2,0.1,0.6,0,0,1
102,116,11,1.2,0.9,0.3,2,0,0,1
102,117,6.5,0.7,0.5,0.2,1.2,0,0,1
103,116,2,0.2,0.2,0,0.4,0,0,1
104,8,4,0.1,0.3,0,1.3,0,0,1
104,48,4,0.2,0,0.2,2.1,0,0,1
104,85,2,0.1,0.1,0.1,0.8,0,0,1
104,86,10,0.5,0.3,0.5,4.1,0,0,1
104,122,6,0,0.1,0.4,1.8,0,0,1
105,29,1,0,0,0,0.5,0,0,1
105,35,6,0,0.1,0.3,2.7,0,0,1
105,36,2,0,0,0.1,0.9,0,0,1
105,44,3,0.1,0,0.2,1.6,0,0,1
105,65,5,0,0.2,0.4,1.4,0,0,1
105,66,12,0,0.4,1,3.4,0,0,1
105,84,3,0.1,0.1,0.2,1.2,0,0,1
105,85,4,0.2,0.1,0.2,1.7,0,0,1
105,86,1,0,0,0.1,0.4,0,0,1
105,116,1,0.1,0.1,0,0.2,0,0,1
105,117,2,0.2,0.2,0,0.4,0,0,1
105,122,2,0,0.1,0.1,0.6,0,0,1
106,25,8,0,0.2,0.4,3.6,0,0,1
106,66,7,0,0.2,0.6,2,0,0,1
106,77,17,0,0.5,0.5,9,0,0,1
106,84,2,0.1,0.1,0.1,0.8,0,0,1
106,85,11,0.6,0.3,0.6,4.4,0,0,1
106,98,3,0,0.1,0.1,1.4,0,0,1
106,99,9,0,0.3,0.3,4.2,0,0,1
106,117,4,0.4,0.3,0.1,0.8,0,0,1
107,35,3,0,0.1,0.1,1.4,0,0,1
107,37,1,0,0,0,0.5,0,0,1
107,56,1,0,0,0.1,0.4,0,0,1
107,98,11,0,0,1,4.5,0,0,1
107,99,21,0,0,2,8.5,0,0,1
107,114,2,0.2,0.2,0,0.4,0,0,1
107,123,6,0,0.1,0.4,1.8,0,0,1
108,35,5,0,0.1,0.2,2.3,0,0,1
108,38,1,0,0,0,0.5,0,0,1
108,42,1,0,0,0,0.4,0.1,0,1
108,44,2,0.1,0,0.1,0.7,0.1,0,1
108,114,6,0.6,0.5,0.2,1.1,0,0,1
109,17,2,0.1,0.1,0,0.6,0,0,1
109,42,1.5,0,0,0.1,0.6,0.1,0,1
109,43,3,0.1,0,0.1,1.2,0.1,0,1
109,44,15,0.6,0,0.6,5.8,0.7,0,1
109,45,6,0.3,0,0.3,3.2,0,0,1
109,46,1,0,0,0.1,0.5,0,0,1
109,81,2,0.1,0.1,0.1,0.8,0,0,1
109,82,2,0.1,0.1,0.1,0.8,0,0,1
109,90,14,0,0.5,0.5,6.5,0,0,1
110,4,3,0.1,0.2,0,1,0,0,1
110,13,1,0,0.1,0,0.3,0,0,1
110,41,1,0,0,0,0.4,0.1,0,1
110,46,2,0.1,0,0.1,1.1,0,0,1
110,47,3,0.1,0,0.2,1.6,0,0,1
110,67,4,0,0.1,0.4,1.1,0,0,1
111,19,5,0.2,0.3,0,1.6,0,0,1
112,70,6,0.1,0.2,0.4,2.2,0,0,1
112,111,1,0,0,0.1,0.3,0,0,1
113,10,4,0.2,0.3,0.3,1,0,0,1
113,11,9,0.4,0.7,0.6,2.2,0,0,1
113,12,2,0.1,0.2,0.1,0.5,0,0,1
113,40,2,0.1,0,0.1,0.5,0,0,1
113,41,4,0.3,0,0.1,1,0,0,1
113,59,6,0,0.2,0,2.3,0,0,1
113,70,1,0,0,0.1,0.4,0,0,1
113,93,2,0.1,0.1,0.1,0.7,0,0,1
113,95,1,0,0,0.1,0.4,0,0,1
113,96,5,0.2,0.1,0.4,1.8,0,0,1
113,110,2,0.1,0.1,0.1,0.5,0,0,1
113,111,5,0.1,0.1,0.3,1.4,0,0,1
113,112,8,0.2,0.2,0.4,2.2,0,0,1
113,114,7,0.2,0.2,0.3,1.9,0,0,1
113,115,2,0.1,0.1,0.1,0.5,0,0,1
113,123,5,0.3,0.3,0.4,1.2,0,0,1
113,124,4,0.2,0.2,0.4,1,0,0,1
114,27,5,0,0.4,0.2,1.5,0,0,1
114,96,13,0.6,0.3,0.9,4.7,0,0,1
114,111,2,0.1,0.1,0.1,0.5,0,0,1
114,115,5,0.1,0.1,0.3,1.4,0,0,1
115,40,4,0.3,0,0.1,1,0,0,1
115,43,4,0.3,0,0.1,1,0,0,1
115,44,2,0.1,0,0.1,0.5,0,0,1
116,3,5,0.2,0.4,0.3,1.3,0,0,1
116,42,5,0.3,0,0.2,1.3,0,0,1
116,43,5,0.3,0,0.2,1.3,0,0,1
117,64,1,0,0,0.1,0.4,0,0,1
117,88,6,0.3,0.2,0.4,2.1,0,0,1
117,126,1,0,0.1,0.1,0.2,0,0,1
118,57,1,0,0,0,0.4,0,0,1
118,58,1,0,0,0,0.4,0,0,1
118,85,3,0.1,0.1,0.2,1.1,0,0,1
118,120,4,0.2,0.2,0.4,1,0,0,1
119,21,1,0,0.1,0,0.3,0,0,1
119,37,9,1,0,1.4,2.8,0,0,1
119,38,5,0.5,0,0.8,1.6,0,0,1
119,46,5,0.3,0,0.2,1.3,0,0,1
119,55,7,0,0.2,0,2.7,0,0,1
119,58,4,0,0.1,0,1.5,0,0,1
119,68,2,0,0.1,0.2,0.7,0,0,1
119,112,1,0,0,0.1,0.3,0,0,1
120,0,3,0.1,0.3,0.2,0.7,0,0,1
120,20,4,0,0.3,0.2,1.2,0,0,1
120,21,2,0,0.1,0.1,0.6,0,0,1
120,37,3,0.3,0,0.5,0.9,0,0,1
120,38,2,0.2,0,0.3,0.7,0,0,1
120,84,3,0.1,0.1,0.2,1.1,0,0,1
120,108,4,0.1,0.2,0,1.7,0,0,1
120,113,4,0.1,0.1,0.2,1.1,0,0,1
121,84,4,0.2,0.1,0.3,1.4,0,0,1
121,85,3,0.1,0.1,0.2,1.1,0,0,1
121,89,2,0.1,0.1,0.1,0.7,0,0,1
121,108,20,0.8,0.8,0,8.4,0,0,1
121,109,2,0.1,0.1,0,0.8,0,0,1
122,9,2,0.1,0.2,0.1,0.5,0,0,1
122,90,4,0,0.6,0.1,1.1,0,0,1
122,109,2,0,0,0.1,0.9,0,0,1
122,114,4,0,0,0.2,1.7,0,0,1
122,119,3,0,0,0.1,1.3,0,0,1
122,120,1,0,0.2,0.1,0.3,0,0,1
123,8,4,0.2,0.3,0.3,1,0,0,1
123,43,1,0,0,0,0.4,0,0,1
123,80,4,0.1,0.3,0,2.2,0,0,1
123,96,4,0,0.6,0.1,1.1,0,0,1
123,114,3,0,0,0.1,1.3,0,0,1
124,15,5,0.2,0.4,0.3,1.3,0,0,1
124,52,2,0,0,0,0.8,0,0,1
124,79,3,0,0.1,0.2,1.1,0,0,1
124,80,3,0.1,0.3,0,1.6,0,0,1
124,85,3,0.4,0,0.1,0.9,0,0,1
124,96,5,0,0.8,0.2,1.3,0,0,1
125,14,2,0.1,0.2,0.1,0.5,0,0,1
125,25,4,0,0,0.4,1.3,0.4,0,1
125,31,5,0,0.4,0.2,1.5,0,0,1
125,53,5,0,0.2,0,1.9,0,0,1
125,80,1,0,0.1,0,0.6,0,0,1
125,84,1,0,0.1,0,0.6,0,0,1
125,88,2,0.2,0,0.1,0.6,0,0,1
125,96,5,0,0.8,0.2,1.3,0,0,1
125,97,2,0,0.3,0.1,0.5,0,0,1
125,111,1,0,0,0.1,0.4,0,0,1
126,52,5,0,0.2,0,1.9,0,0,1
126,85,1,0.1,0,0.1,0.3,0,0,1
126,86,8,1,0,0.4,2.3,0,0,1
126,87,1,0.1,0,0.1,0.3,0,0,1
126,88,9,1.1,0,0.4,2.6,0,0,1
126,100,4,0,0,0.2,1.7,0,0,1
126,105,2,0,0,0.1,0.9,0,0,1
126,106,6,0,0,0.3,2.6,0,0,1
127,3,3,0.1,0.3,0.2,0.7,0,0,1
127,25,3,0.4,0.7,0.2,0.2,0,0,1
127,26,2,0.3,0.5,0.1,0.1,0,0,1
127,30,4,0,0.3,0.2,1.2,0,0,1
127,53,2,0,0,0,0.8,0,0,1
127,60,11,0.2,0.4,0.8,3.9,0,0,1
127,61,8,0.1,0.3,0.6,2.9,0,0,1
127,86,8,0,0.3,0.7,2.7,0,0,1
127,87,36,0,0,2,17,0,0,0
127,88,7,0,0.3,0.6,2.3,0,0,1
