x,y,A,B,C,D,E,F,G,H,I,J,K,L,M,N,O,P,Q,R,S,T,TOTAL
0,55,0,0,0,0,0,0,0,0,0,0,0,0,0,0,0,1,0,0,0,0,1
0,65,0,0,1,0,0,0,0,0,0,0,0,0,0,0,0,0,0,0,0,0,1
0,73,0,0,0,0,0,0,0,1,0,0,0,0,0,0,0,0,0,0,0,0,1
0,76,0,0,0,0,0,0,1,1,0,0,0,0,0,0,0,0,0,0,1,0,3
0,89,0,0,0,0,0,0,1,0,0,0,0,0,0,0,0,0,0,0,0,0,1
0,90,0,0,0,0,0,2,0,0,0,0,0,0,0,0,0,0,0,0,0,0,2
0,96,0,0,1,0,0,0,0,0,0,0,0,0,0,0,0,0,0,0,0,0,1
0,106,1,0,0,0,0,0,0,0,0,0,0,0,0,0,0,0,0,0,0,0,1
0,116,0,0,0,0,0,0,1,0,0,0,0,0,0,0,0,0,0,0,0,0,1
0,122,0,0,0,0,0,0,0,0,1,0,0,0,0,0,0,0,0,0,0,0,1
1,82,0,0,0,0,0,0,0,0,1,0,0,0,0,0,0,0,0,0,0,0,1
1,91,0,0,0,1,0,0,1,0,0,0,0,0,0,0,0,0,0,0,0,0,2
1,92,0,0,0,0,0,0,2,0,0,0,0,0,0,0,0,0,0,0,0,0,2
1,95,0,0,1,0,0,0,0,0,0,0,0,0,0,0,0,0,0,0,0,0,1
1,96,0,0,0,0,0,0,0,0,0,0,0,0,0,0,0,0,0,0,1,0,1
1,113,0,0,0,0,0,1,0,0,0,0,0,0,0,0,0,0,0,0,0,0,1
1,117,0,0,0,0,0,0,0,0,1,0,0,0,0,0,0,0,0,0,0,0,1
1,126,0,0,1,0,0,0,0,0,0,0,0,0,0,0,0,0,0,0,0,0,1
2,58,0,0,1,1,0,0,0,0,0,0,0,0,0,0,0,0,0,0,0,0,2
2,59,0,0,2,0,0,1,0,0,0,0,0,0,0,0,0,0,0,0,0,0,3
2,60,0,0,0,0,0,2,1,0,0,0,0,0,0,0,0,0,0,0,0,0,3
2,61,0,0,0,0,0,0,0,0,0,0,0,0,0,0,0,0,0,1,0,0,1
2,63,0,0,1,0,0,0,1,0,0,0,0,0,0,0,0,0,0,0,0,0,2
2,65,0,0,0,0,0,1,0,0,1,0,0,0,0,0,0,0,0,0,0,0,2
2,68,0,0,1,0,0,0,0,0,0,0,0,0,0,0,0,0,0,0,0,0,1
2,77,1,0,1,0,0,0,0,0,0,0,0,0,0,0,0,1,0,0,1,0,4
2,78,0,0,0,0,0,0,1,0,0,0,0,0,0,0,0,0,0,0,0,0,1
2,86,1,0,1,0,0,0,0,0,0,0,1,0,0,0,0,0,0,0,1,0,4
2,92,0,0,0,0,0,0,2,0,0,0,0,0,0,0,0,0,0,0,0,0,2
2,96,0,0,1,0,0,0,0,0,0,0,0,0,0,0,0,0,0,0,0,0,1
2,103,0,0,0,0,0,0,0,0,0,1,0,0,0,0,0,0,0,0,1,0,2
2,120,0,0,0,0,0,0,0,1,0,0,0,0,0,0,0,0,0,0,0,0,1
2,126,0,0,0,0,0,2,0,0,0,0,0,0,0,0,1,0,1,0,0,0,4
2,127,0,0,1,0,0,0,0,0,0,0,0,0,0,0,0,0,0,0,0,0,1
3,61,0,0,0,0,0,0,0,1,0,0,0,0,0,0,0,0,1,0,0,0,2
3,62,1,0,4,0,0,4,1,0,0,0,0,0,0,0,0,2,0,1,3,0,16
3,63,5,0,9,0,2,6,17,2,2,1,1,0,4,1,1,4,5,9,13,0,82
3,64,0,0,0,0,0,2,1,0,0,0,0,1,3,1,0,0,0,0,0,0,8
3,86,2,0,0,0,0,0,0,0,0,0,0,0,0,0,0,0,0,0,0,0,2
3,93,0,0,0,0,0,0,1,0,0,0,0,0,0,0,0,0,0,0,0,0,1
3,97,0,0,0,0,0,0,0,0,0,0,0,0,1,0,0,0,0,0,0,0,1
3,98,1,0,1,0,0,0,1,0,1,0,0,0,3,0,1,1,0,1,6,0,16
3,99,0,0,1,0,0,0,1,0,0,0,0,0,0,0,0,0,0,0,0,0,2
3,100,0,0,0,0,0,0,1,0,0,0,0,0,0,0,0,0,0,0,0,0,1
3,105,0,0,0,0,0,0,0,0,1,0,0,0,0,0,0,0,0,0,0,0,1
3,114,2,0,0,0,0,1,0,0,1,0,0,0,1,0,0,1,0,0,2,0,8
3,123,0,0,0,0,0,0,1,0,0,0,0,0,0,0,0,0,0,0,0,0,1
3,127,0,0,1,0,0,0,0,0,0,0,0,0,0,0,0,0,0,0,0,0,1
4,61,0,0,1,0,0,0,0,0,0,0,0,0,0,0,0,0,0,0,0,0,1
4,62,0,0,2,1,0,2,0,0,0,0,0,0,2,0,0,0,0,0,1,0,8
4,63,0,0,0,0,0,0,0,0,0,0,0,0,2,0,0,0,0,0,3,0,5
4,64,0,0,0,0,0,2,0,0,1,0,0,0,0,0,0,0,0,0,0,0,3
4,65,0,0,0,0,0,0,1,0,0,0,0,0,0,0,0,0,0,0,0,0,1
4,70,1,0,0,0,0,0,0,0,0,0,0,0,0,0,0,0,0,0,0,0,1
4,80,0,0,0,0,0,0,0,0,0,0,0,0,0,0,0,0,0,0,1,0,1
4,101,0,0,0,1,0,0,1,0,0,0,0,0,0,0,0,0,0,0,0,0,2
4,105,1,0,0,0,0,0,0,0,0,0,0,0,0,0,0,0,0,1,1,0,3
4,107,0,0,0,0,0,0,0,1,0,0,0,0,0,0,0,0,0,0,0,0,1
4,109,1,0,0,0,0,0,0,0,0,0,0,0,0,0,0,0,0,0,1,0,2
4,110,0,0,0,0,0,0,2,0,0,0,0,0,0,0,0,0,0,0,0,0,2
5,62,0,0,3,0,0,0,0,0,0,0,0,0,0,0,0,0,0,0,0,0,3
5,75,1,0,0,0,0,0,0,0,0,0,0,0,0,0,0,0,0,0,0,0,1
5,84,0,0,0,0,0,0,1,0,0,0,0,0,1,0,0,0,0,1,1,0,4
5,87,0,0,1,0,0,0,0,0,0,0,0,0,0,0,0,0,0,0,0,0,1
5,108,0,0,1,0,0,0,0,0,0,0,0,0,0,0,0,0,0,0,0,0,1
5,109,2,0,2,0,1,0,1,0,2,0,0,0,0,0,1,2,2,0,1,0,14
5,110,0,0,0,0,0,1,0,0,1,0,0,0,2,0,0,0,1,1,0,0,6
5,114,1,0,0,0,0,0,0,0,0,0,0,0,0,0,0,0,0,0,0,0,1
5,115,0,0,0,0,0,0,1,0,0,0,0,0,0,0,0,0,0,0,0,0,1
6,79,1,0,0,0,0,0,0,0,0,0,0,0,0,0,0,0,0,0,3,0,4
6,95,0,0,0,0,0,2,0,0,0,0,0,0,0,0,0,0,0,0,0,0,2
6,115,0,0,0,0,0,0,0,0,0,0,0,0,0,0,1,0,0,1,0,0,2
6,123,1,0,0,0,0,0,0,0,0,0,0,0,0,0,0,0,0,0,1,0,2
7,61,0,0,0,0,0,0,0,0,0,0,0,0,0,0,0,0,0,0,1,0,1
7,76,0,0,0,0,0,0,0,0,0,0,0,0,0,0,0,0,0,0,1,0,1
7,77,0,0,1,0,0,0,0,0,0,0,0,0,0,0,0,0,0,0,0,0,1
7,79,0,0,0,0,0,0,1,0,0,0,0,0,0,0,0,0,0,0,1,0,2
7,85,0,0,0,0,0,0,0,0,1,0,0,0,0,0,0,0,0,0,0,0,1
7,90,0,0,0,1,0,0,0,0,0,0,0,0,0,0,0,0,0,0,0,0,1
7,115,0,0,1,0,0,0,0,0,0,0,0,0,0,0,0,0,0,0,0,0,1
7,117,0,0,0,0,0,0,0,0,0,0,0,0,1,0,0,0,0,0,0,0,1
8,61,0,0,0,0,0,0,1,0,0,0,0,0,0,0,0,0,0,0,0,0,1
8,81,0,0,0,0,0,0,0,0,0,0,0,0,0,0,0,0,0,1,1,0,2
8,98,1,0,0,0,0,1,0,0,0,0,0,0,0,0,0,0,0,0,0,0,2
8,100,1,0,0,0,0,0,0,0,0,0,0,0,0,0,0,0,0,0,0,0,1
8,116,0,0,1,0,0,0,0,0,0,0,0,0,0,0,0,0,0,0,0,0,1
8,121,0,0,0,0,0,0,0,0,0,1,0,0,0,0,0,0,0,0,0,0,1
9,61,0,0,0,0,0,0,1,0,0,0,0,0,0,0,0,0,0,0,2,0,3
9,89,0,0,0,0,0,0,0,0,1,0,0,0,0,0,1,1,0,0,1,0,4
9,100,0,0,0,0,0,1,1,0,0,0,0,0,0,0,0,0,0,0,0,0,2
9,102,0,0,0,0,0,0,1,0,0,0,0,0,0,0,0,0,0,0,0,0,1
9,112,1,0,0,0,0,0,0,1,0,0,0,0,0,0,0,0,0,0,0,0,2
10,83,0,0,0,0,0,0,0,0,0,0,0,0,0,0,0,0,0,0,1,0,1
10,89,0,0,1,0,0,0,0,0,0,0,0,0,0,0,0,0,0,0,0,0,1
10,90,0,0,0,0,0,0,0,0,0,0,0,0,1,0,0,0,0,0,0,0,1
10,93,0,0,0,0,0,0,1,0,0,0,0,0,0,0,0,0,0,0,0,0,1
10,101,0,0,3,0,0,0,0,0,1,0,0,0,0,0,0,0,0,1,0,0,5
10,102,0,0,0,0,0,0,0,0,0,0,0,0,0,0,0,0,0,0,1,0,1
10,105,1,0,0,0,0,0,0,0,0,0,0,0,0,0,0,0,0,0,0,0,1
10,108,1,0,0,0,0,0,0,0,0,0,0,0,0,0,0,0,0,0,0,0,1
10,111,1,0,0,0,0,0,0,0,0,0,0,0,0,0,0,0,0,0,0,0,1
11,61,1,0,0,0,0,0,0,0,0,0,0,0,0,0,0,0,0,0,0,0,1
11,74,3,0,0,0,0,0,0,0,0,0,0,0,0,0,0,0,0,0,0,0,3
11,91,0,0,0,0,0,1,0,0,0,0,0,0,0,0,0,0,0,0,0,0,1
11,101,0,0,1,0,0,0,0,0,0,0,0,0,0,0,0,0,0,0,0,0,1
11,102,0,0,2,0,0,0,3,1,0,0,0,0,1,0,0,0,0,0,1,0,8
11,104,0,0,0,0,0,1,0,0,0,0,0,0,0,0,0,0,0,0,1,0,2
12,67,1,0,0,0,0,0,0,0,0,0,0,0,0,0,0,0,0,0,0,0,1
12,95,0,0,0,0,0,1,1,0,0,0,0,0,0,0,0,0,0,0,0,0,2
13,81,0,0,0,1,0,0,0,0,0,0,0,0,0,0,0,0,0,0,2,0,3
13,82,0,0,0,0,0,1,0,0,0,0,0,0,0,0,0,0,0,0,0,0,1
13,86,0,0,0,0,0,0,0,0,0,0,0,0,0,0,0,0,0,0,2,0,2
13,96,0,0,0,0,0,3,0,0,0,0,0,0,0,0,0,0,0,0,1,0,4
13,99,1,0,0,0,0,0,0,0,0,0,0,0,0,0,0,0,0,0,0,0,1
13,103,3,0,0,0,0,0,1,0,0,0,0,0,0,0,0,0,0,0,0,0,4
13,104,1,0,1,0,0,0,0,0,0,0,0,0,0,0,0,0,0,0,0,0,2
13,105,0,0,0,0,0,0,0,0,0,0,0,0,0,0,0,0,0,1,0,0,1
13,126,0,0,0,0,0,0,1,0,0,0,0,0,0,0,0,0,0,0,0,0,1
13,127,0,0,1,0,0,0,0,0,0,0,0,0,0,0,0,0,0,0,0,0,1
14,60,1,0,0,0,0,0,0,0,0,0,0,0,0,0,0,1,0,1,0,0,3
14,73,0,0,1,0,0,0,1,1,0,0,0,0,0,0,0,0,0,0,1,0,4
14,82,0,0,0,0,0,0,0,0,0,0,0,0,0,0,0,0,0,0,2,0,2
14,96,0,0,1,0,0,0,0,0,0,0,0,0,0,0,0,0,0,0,0,0,1
14,97,0,0,0,0,0,0,0,0,1,0,0,0,0,0,0,0,0,0,0,0,1
14,98,1,0,0,0,0,0,1,0,0,0,0,0,0,0,0,0,0,0,0,0,2
14,104,1,0,1,0,0,0,2,0,1,0,0,0,0,0,0,2,0,0,0,0,7
14,105,0,0,2,3,2,2,2,0,0,0,0,0,1,0,0,0,0,0,1,0,13
14,112,1,0,1,0,0,0,0,0,0,0,0,0,0,0,0,0,0,0,0,0,2
15,72,1,0,0,0,0,0,0,0,0,0,0,0,0,0,0,0,0,0,0,0,1
15,85,1,0,0,0,0,0,0,0,0,0,0,0,0,0,0,0,0,0,0,0,1
15,86,0,0,0,0,0,0,1,0,0,0,0,0,0,0,0,0,0,0,1,0,2
15,88,0,0,0,0,0,0,0,0,0,0,0,0,1,0,0,0,0,0,0,0,1
15,89,0,0,0,0,0,0,0,0,0,0,0,0,0,0,0,0,0,0,1,0,1
15,97,0,0,1,0,0,1,0,0,0,0,0,0,0,0,1,2,0,0,2,0,7
15,98,0,0,0,0,0,1,0,0,0,0,0,0,0,0,0,0,0,0,0,0,1
15,103,1,0,1,0,0,1,0,0,0,0,0,0,0,0,0,0,0,0,0,0,3
15,104,4,0,5,1,0,1,3,0,1,1,0,1,4,0,1,2,3,5,11,0,43
15,105,0,0,1,1,0,0,0,0,0,0,0,0,0,0,0,0,0,0,0,0,2
15,126,0,0,0,0,0,0,1,0,0,0,0,0,0,0,0,0,0,0,0,0,1
16,72,0,0,2,0,0,0,1,0,0,0,0,0,0,0,0,0,0,0,0,0,3
16,75,0,0,0,0,0,0,0,0,0,0,0,0,0,0,0,0,0,0,1,0,1
16,81,0,0,0,0,0,0,0,0,0,0,0,0,0,0,0,0,0,0,2,0,2
16,94,0,0,1,0,0,0,0,0,0,0,0,0,0,0,0,0,0,0,0,0,1
16,95,0,0,0,0,0,1,0,0,0,0,0,0,0,0,0,0,0,0,1,0,2
16,105,2,0,1,1,0,0,0,0,0,0,0,0,0,0,0,0,0,0,0,0,4
16,125,0,0,0,0,0,0,0,0,0,0,0,0,0,0,0,0,0,0,1,0,1
17,69,0,0,0,0,0,0,0,0,0,0,0,0,0,0,0,0,0,0,1,0,1
17,72,1,0,2,0,1,0,1,0,2,0,0,0,2,0,1,2,3,4,7,0,26
17,73,0,0,3,0,0,1,2,0,1,1,0,0,3,1,0,1,0,0,2,0,15
17,92,0,0,1,0,0,0,0,0,0,0,0,0,0,0,0,0,0,0,0,0,1
17,94,0,0,0,0,0,1,0,0,0,0,0,0,0,0,0,0,0,0,1,0,2
17,105,0,0,0,0,0,0,0,0,0,0,0,0,0,0,0,0,0,0,2,0,2
17,123,0,0,0,0,0,0,0,0,1,0,0,0,0,0,0,0,0,0,0,0,1
17,125,0,0,0,0,0,0,1,0,0,0,0,0,0,0,0,0,0,0,0,0,1
17,126,0,0,1,0,0,0,0,0,0,0,0,0,0,0,0,0,0,0,0,0,1
18,58,0,0,0,0,0,0,1,0,0,0,0,0,0,0,0,0,0,0,1,0,2
18,73,0,0,1,0,0,1,2,0,0,0,0,0,0,0,0,0,0,0,1,0,5
18,74,0,0,0,0,0,0,1,0,0,0,0,0,0,0,0,0,0,0,0,0,1
18,75,0,0,1,0,0,2,0,0,0,0,0,0,1,0,0,0,0,0,2,0,6
18,76,0,0,0,0,0,0,0,0,0,0,0,0,0,0,0,0,0,0,1,0,1
18,84,0,0,2,0,0,1,0,0,0,0,0,0,0,0,0,0,0,0,1,0,4
18,87,0,0,1,0,0,0,0,0,0,0,0,0,0,0,0,0,0,0,0,0,1
18,90,0,0,1,0,0,0,0,0,0,0,0,0,0,0,0,0,0,0,1,0,2
18,92,0,0,1,0,0,0,0,0,0,0,0,0,0,0,0,0,0,0,0,0,1
18,93,0,0,0,0,0,1,0,0,0,0,0,0,0,1,0,0,0,0,0,0,2
18,124,0,0,1,0,0,0,1,0,0,0,0,0,0,0,0,0,0,0,2,0,4
19,54,1,0,0,0,0,0,0,1,0,0,0,0,0,0,0,0,0,0,0,0,2
19,74,0,0,1,0,0,0,0,0,0,0,0,0,0,0,0,1,2,0,0,0,4
19,75,1,0,5,1,1,5,12,0,8,2,0,0,6,2,1,4,6,4,14,0,72
19,76,0,0,1,0,0,2,1,0,0,1,0,0,1,0,0,1,0,0,3,0,10
19,77,0,0,3,0,0,0,0,0,0,0,0,0,0,0,0,0,0,0,0,0,3
19,91,0,0,0,0,0,0,0,1,0,0,0,0,0,0,0,0,0,0,0,0,1
19,92,1,0,6,0,0,1,3,0,0,0,0,0,1,0,0,0,1,0,2,0,15
19,93,4,0,3,0,0,1,5,0,0,2,0,0,0,2,0,0,2,1,1,0,21
19,96,0,0,0,0,0,0,1,0,0,0,0,0,0,0,0,0,0,0,0,0,1
19,101,0,0,0,0,0,0,0,0,0,0,0,0,0,1,0,0,0,0,0,0,1
19,124,0,0,1,0,0,0,0,0,0,0,0,0,0,0,0,0,0,0,0,0,1
20,74,0,0,0,1,2,1,0,0,1,0,0,0,1,0,0,0,0,0,0,0,6
20,75,0,0,1,0,0,3,0,1,0,1,0,0,1,0,0,0,0,0,0,0,7
20,76,0,0,0,0,0,0,0,0,0,1,0,0,0,0,0,0,0,0,0,0,1
20,77,1,0,7,0,0,0,2,0,1,0,0,0,1,0,0,0,0,0,1,0,13
20,78,0,1,0,0,0,0,0,0,0,0,0,0,0,0,0,0,0,0,0,0,1
20,86,1,0,0,0,0,0,0,0,0,0,0,0,0,0,0,0,0,0,0,0,1
20,89,0,0,0,0,0,0,1,0,0,0,0,0,0,0,0,0,0,0,0,0,1
20,91,0,0,0,0,0,2,0,0,0,0,0,0,0,0,0,0,1,0,1,0,4
20,92,0,0,3,1,2,3,6,0,1,1,0,2,9,0,3,1,5,5,6,0,48
20,93,3,0,12,1,0,1,17,1,8,4,0,1,11,0,1,8,10,10,19,0,107
20,94,0,0,1,0,0,0,3,0,0,0,0,0,2,0,0,0,0,0,0,0,6
20,95,0,0,3,1,0,1,0,2,0,0,0,0,0,0,0,0,0,0,1,0,8
21,51,1,0,0,0,0,0,0,0,0,0,0,0,0,0,0,0,0,0,0,0,1
21,56,0,1,1,0,2,2,0,0,0,1,0,0,0,0,1,0,0,2,0,0,10
21,61,1,0,0,0,0,0,0,0,0,0,0,0,0,0,0,0,0,0,0,0,1
21,87,0,0,1,0,0,0,0,0,0,0,0,0,0,0,0,0,0,0,0,0,1
21,89,0,0,0,0,0,1,0,0,0,0,0,0,0,0,0,0,0,0,0,0,1
21,92,0,0,0,0,0,0,1,0,1,0,0,0,1,0,0,0,0,2,1,0,6
21,93,0,0,2,1,0,2,5,0,0,1,1,0,1,0,0,1,3,0,1,0,18
21,96,0,0,0,0,1,0,0,0,0,0,0,0,0,0,0,0,0,0,0,0,1
21,102,1,0,0,0,0,0,0,0,0,0,0,0,0,0,0,0,0,0,1,0,2
22,53,0,0,0,0,0,0,1,0,0,0,0,0,0,0,0,0,0,0,0,0,1
22,56,0,0,2,0,0,0,0,0,0,0,0,0,0,0,0,1,1,0,0,0,4
22,57,1,0,0,0,0,1,0,0,0,0,0,0,0,0,0,0,0,0,0,0,2
22,58,1,0,0,0,0,0,0,0,0,0,0,0,0,0,0,0,0,0,0,0,1
22,66,1,0,0,0,0,0,0,0,0,0,0,0,0,0,0,0,0,0,0,0,1
22,84,0,1,1,0,0,0,0,0,0,0,0,0,0,0,0,0,0,0,0,0,2
22,85,0,0,0,0,0,0,0,0,0,0,0,0,0,0,0,0,0,1,0,0,1
22,86,0,0,0,0,0,1,1,0,0,0,0,0,0,0,0,0,0,0,0,0,2
22,92,0,0,0,0,0,2,0,0,0,0,0,0,0,0,0,0,0,0,0,0,2
22,93,0,0,0,0,0,1,0,0,0,0,0,0,0,0,0,0,0,0,0,0,1
22,96,0,0,0,0,0,0,0,0,0,0,0,0,0,0,0,0,0,0,1,0,1
22,107,0,0,0,0,0,1,0,0,0,0,0,0,0,0,0,0,0,0,0,0,1
22,124,2,0,0,1,0,0,0,0,0,0,0,0,0,0,0,0,0,0,0,0,3
22,125,1,0,0,0,0,0,0,0,0,0,0,0,0,0,0,0,0,0,0,0,1
22,126,1,0,0,0,0,2,1,0,0,0,0,0,0,0,0,0,0,0,1,0,5
23,48,0,0,1,0,0,0,0,0,0,0,0,0,0,0,0,0,0,0,0,0,1
23,49,0,0,0,0,1,0,2,0,0,0,0,0,0,0,0,0,0,0,0,0,3
23,50,0,0,0,1,0,0,0,0,0,0,0,0,0,0,0,0,0,0,0,0,1
23,55,0,0,0,0,0,0,0,0,1,0,0,0,0,0,0,0,0,0,0,0,1
23,63,0,0,0,0,0,0,0,0,0,0,0,0,1,0,0,0,0,0,0,0,1
23,79,0,0,0,0,0,1,0,0,0,0,0,0,0,0,0,0,0,0,0,0,1
23,85,0,0,0,0,0,0,0,0,0,0,0,0,2,0,0,0,0,0,0,0,2
23,86,0,0,3,0,0,1,0,0,1,1,0,0,0,0,1,0,1,0,7,0,15
23,95,1,0,0,0,0,0,1,0,0,0,0,0,0,0,0,0,0,0,0,0,2
23,96,0,0,1,0,0,2,0,0,0,0,0,0,0,0,0,0,0,0,0,0,3
23,120,0,0,1,0,0,0,0,0,0,0,0,0,0,0,0,0,0,0,0,0,1
23,122,0,0,1,0,0,0,2,2,2,2,0,0,0,0,1,0,0,0,2,0,12
23,123,0,0,1,0,0,0,0,0,0,0,0,1,0,0,0,1,0,1,0,0,4
23,124,1,0,0,0,0,0,1,0,0,0,0,0,0,0,0,0,0,0,0,0,2
24,55,0,0,1,0,0,0,0,0,0,0,0,0,0,0,0,0,0,0,0,0,1
24,56,0,0,0,1,0,0,0,0,0,0,0,0,0,0,1,0,0,1,1,0,4
24,86,0,0,0,0,0,0,1,0,0,0,0,0,1,0,0,0,0,0,0,0,2
24,95,0,0,0,0,0,0,0,0,0,0,0,0,0,0,0,0,0,1,0,0,1
24,100,0,0,0,0,0,0,2,0,0,0,0,0,0,0,0,0,0,0,0,0,2
24,107,1,0,0,0,0,0,0,0,0,0,0,0,0,0,0,0,0,0,0,0,1
24,125,0,0,0,0,0,0,1,0,0,0,0,0,0,0,0,0,0,0,0,0,1
25,43,1,0,0,0,0,0,0,0,0,0,0,0,0,0,0,0,0,0,0,0,1
25,55,0,0,0,0,0,0,0,1,0,0,0,0,0,0,0,0,0,0,0,0,1
25,89,0,0,1,0,0,0,0,0,0,0,0,0,0,0,0,0,0,0,0,0,1
25,103,0,0,0,0,0,0,0,0,2,0,0,0,0,0,0,0,0,0,0,0,2
25,122,0,0,0,0,0,0,1,0,0,0,0,0,0,0,0,0,1,0,0,0,2
25,123,0,0,0,0,0,0,1,0,0,0,0,0,0,0,0,0,0,0,0,0,1
25,125,0,0,0,0,0,0,0,0,1,0,0,0,0,0,0,0,0,0,0,0,1
26,44,1,0,2,0,1,1,1,0,0,0,0,0,0,0,1,0,0,0,0,0,7
26,87,0,0,2,0,0,0,0,1,0,0,0,0,0,0,0,0,0,0,0,0,3
26,89,0,0,1,0,0,0,0,0,0,0,0,0,0,0,0,0,0,0,0,0,1
26,119,0,0,0,0,0,0,0,1,0,0,0,0,0,0,0,0,0,0,0,0,1
26,120,0,0,0,0,1,0,0,0,1,0,0,0,0,0,0,0,0,0,0,0,2
26,122,1,0,0,1,0,0,2,0,1,0,0,0,0,0,0,0,0,0,0,0,5
26,123,0,0,0,0,0,0,1,0,0,0,0,0,0,0,0,0,0,0,0,0,1
26,124,0,0,0,0,0,0,0,0,0,0,0,0,1,0,0,0,0,0,0,0,1
26,127,0,0,0,0,0,1,1,0,1,0,0,0,0,0,0,0,0,0,0,0,3
27,49,0,0,0,0,0,0,1,0,0,0,0,0,0,0,0,0,0,0,0,0,1
27,99,0,0,0,0,0,1,0,0,0,0,0,0,0,0,0,0,0,0,0,0,1
27,119,0,0,0,0,0,2,1,1,1,1,0,0,0,0,0,0,0,1,0,0,7
28,57,0,0,0,0,0,0,1,0,0,0,0,0,0,0,0,0,0,0,0,0,1
28,100,0,0,0,0,0,1,0,0,0,0,0,0,0,0,0,0,0,0,0,0,1
28,118,0,0,0,0,0,0,1,0,0,0,0,0,0,0,0,0,0,0,1,0,2
28,119,0,0,1,0,0,0,0,0,0,0,0,0,0,0,0,0,0,0,0,0,1
28,121,2,0,1,0,0,1,1,1,1,0,0,0,0,0,0,0,0,0,1,0,8
29,55,1,0,2,0,0,0,0,0,0,1,0,0,0,0,1,1,0,0,0,0,6
29,117,0,0,0,0,0,0,1,0,0,0,0,0,0,0,0,0,0,0,0,0,1
29,118,0,0,0,0,0,1,0,0,0,0,0,0,0,0,0,0,0,0,1,0,2
29,120,1,0,4,1,0,1,7,0,0,0,0,0,2,0,0,0,1,0,2,0,19
29,121,0,0,2,0,0,1,7,0,0,1,0,0,2,1,0,1,0,0,2,0,17
30,51,1,0,0,0,0,0,0,0,0,0,0,0,0,0,0,0,0,0,0,0,1
30,117,0,0,1,0,0,0,0,0,1,0,0,0,0,0,0,0,0,1,0,0,3
30,118,2,0,4,0,0,3,2,0,1,1,0,0,0,0,0,0,0,0,0,1,14
30,119,0,0,0,0,0,1,1,0,0,0,0,0,1,0,0,3,0,0,1,0,7
30,120,3,0,17,1,1,10,26,3,9,9,0,1,23,4,6,7,13,8,27,0,168
30,121,3,1,7,2,1,3,23,3,4,3,1,2,16,2,2,3,7,17,16,0,116
30,122,0,0,2,0,0,3,2,0,1,0,0,1,0,1,0,1,0,0,1,0,12
30,123,0,0,0,0,0,0,0,0,1,0,0,0,0,0,0,0,0,0,0,0,1
30,124,1,0,0,0,0,0,0,0,0,0,0,0,0,0,0,0,0,0,0,0,1
31,57,0,0,1,0,0,0,0,0,0,0,0,0,0,0,0,0,0,0,0,0,1
31,63,0,0,0,0,0,0,1,0,0,0,0,0,0,0,0,0,0,0,0,0,1
31,117,0,0,0,0,1,2,0,0,0,0,0,1,0,0,0,0,0,0,1,0,5
31,118,0,0,3,0,0,0,2,1,0,0,0,0,1,0,0,0,0,1,0,0,8
31,119,1,0,3,0,1,0,3,0,0,1,1,0,0,0,0,0,0,0,0,0,10
31,120,1,0,0,0,1,3,14,0,0,0,0,1,2,0,0,1,0,2,0,0,25
31,121,1,0,0,0,0,0,5,1,0,0,1,0,0,0,0,0,1,1,0,0,10
31,122,0,0,0,0,0,0,1,0,0,0,0,0,0,0,0,0,0,0,0,0,1
31,124,0,0,1,0,0,0,0,0,0,0,0,0,1,0,0,0,0,0,0,0,2
31,125,2,0,1,0,1,0,0,0,0,0,0,0,1,0,0,0,0,0,1,0,6
31,127,2,0,1,0,0,0,0,0,0,0,0,0,0,0,0,0,0,0,0,0,3
32,50,0,0,0,0,0,0,0,1,0,0,0,0,0,0,0,0,0,0,0,0,1
32,57,0,0,1,0,0,0,0,0,0,0,0,0,0,0,0,0,0,0,0,0,1
32,111,1,0,0,0,0,0,0,0,0,0,0,0,0,0,0,0,0,0,0,0,1
32,117,0,0,0,0,0,0,1,0,0,0,0,0,0,0,0,0,0,1,0,0,2
32,118,0,0,0,0,0,0,2,0,0,0,0,0,1,0,0,0,0,0,0,0,3
32,119,1,0,1,0,0,1,1,1,0,0,0,0,0,0,0,0,0,0,2,0,7
32,120,0,0,1,0,0,1,3,0,1,0,0,0,2,0,0,0,0,0,0,0,8
32,121,0,0,0,0,0,1,0,0,0,0,0,0,0,0,0,0,0,1,0,0,2
32,125,0,0,0,0,0,0,0,0,0,0,0,0,0,0,1,0,0,0,0,0,1
32,127,0,0,0,0,0,2,0,0,1,0,0,0,0,0,0,0,0,0,0,0,3
33,58,0,0,0,0,0,1,0,0,0,0,0,0,0,0,0,0,0,0,0,0,1
33,109,0,0,0,0,0,0,1,0,0,0,0,0,0,0,0,0,0,0,0,0,1
33,117,0,0,0,0,0,0,0,0,0,0,0,0,1,0,0,0,0,0,0,0,1
33,118,0,0,0,0,0,0,0,1,0,0,0,0,0,0,0,0,0,0,0,0,1
33,119,0,0,0,0,0,1,2,2,0,0,0,0,1,0,0,0,0,0,0,0,6
34,44,0,0,1,0,0,0,0,0,0,0,0,0,0,0,0,0,0,0,0,0,1
34,55,0,0,1,0,0,0,0,0,0,0,0,0,0,0,0,0,0,0,0,0,1
34,56,0,0,1,0,0,1,0,0,0,0,0,0,0,0,0,0,0,0,0,0,2
34,57,0,0,0,0,0,0,1,1,0,0,0,0,0,0,0,0,0,0,1,0,3
34,62,0,1,0,0,0,0,0,0,0,0,0,0,0,0,0,0,0,0,0,0,1
34,68,0,0,0,0,0,0,0,0,0,0,0,0,0,0,0,0,1,0,0,0,1
34,119,2,0,3,0,0,1,4,0,1,0,0,0,2,0,0,0,0,0,1,0,14
35,56,0,0,2,1,0,1,0,0,0,0,1,0,0,0,0,0,0,0,1,0,6
35,57,3,0,5,0,3,3,11,0,1,0,0,0,7,1,0,6,3,1,4,0,48
35,58,0,0,4,0,0,0,2,0,0,1,0,0,0,0,0,0,0,0,0,0,7
35,59,0,0,0,0,0,0,1,0,0,0,0,0,0,0,1,1,0,0,0,0,3
35,60,0,0,0,0,0,0,1,0,1,0,0,0,0,0,0,0,0,0,1,0,3
35,61,0,0,1,0,0,3,2,0,0,0,0,0,0,0,0,0,0,0,2,0,8
35,102,2,0,1,2,1,1,0,0,0,0,0,0,1,0,1,2,1,0,2,0,14
35,117,1,0,0,0,0,0,0,0,0,0,0,0,0,0,0,0,0,0,0,0,1
35,119,0,0,0,0,0,0,1,0,0,0,0,0,0,0,0,0,0,0,0,0,1
35,126,0,0,0,0,0,0,1,0,1,0,0,0,0,0,0,0,0,0,0,0,2
36,52,1,0,0,0,0,0,0,1,0,0,0,0,0,0,0,0,0,0,0,0,2
36,53,0,0,0,0,0,0,1,1,0,0,0,0,0,0,0,0,0,0,0,0,2
36,54,0,0,0,0,0,1,0,0,1,0,0,0,0,0,0,0,0,0,1,0,3
36,55,0,0,0,0,0,0,0,0,1,0,0,0,0,0,0,1,0,0,0,0,2
36,56,1,0,2,0,0,1,5,0,2,1,0,0,2,0,0,0,0,0,3,0,17
36,57,2,1,23,0,1,12,24,1,3,6,3,1,17,1,4,7,7,9,22,0,144
36,58,0,0,1,0,0,2,4,0,0,0,0,0,1,0,0,0,2,0,3,0,13
36,59,0,0,0,0,0,0,1,0,0,0,0,0,0,0,0,0,0,0,1,0,2
36,61,0,0,1,0,0,1,0,0,0,0,0,0,0,0,0,0,0,0,0,0,2
36,115,1,0,0,0,0,0,0,0,0,0,0,0,0,0,0,0,0,0,0,0,1
36,116,0,0,0,0,0,0,1,0,0,0,0,0,0,0,0,0,1,1,0,0,3
36,119,0,0,0,0,0,0,1,0,0,0,0,0,0,0,0,0,0,0,0,0,1
36,127,0,0,1,0,0,1,0,0,0,0,0,0,0,0,0,0,0,0,0,0,2
37,48,0,0,0,0,0,1,0,0,0,0,0,0,0,0,0,0,0,0,0,0,1
37,54,0,0,0,0,0,1,0,0,0,0,0,0,1,0,0,0,0,0,0,0,2
37,55,0,0,4,0,0,0,2,0,0,0,0,0,0,0,0,0,0,0,1,0,7
37,56,1,0,0,0,0,0,0,0,0,1,0,0,1,0,0,0,0,0,1,0,4
37,57,0,0,2,0,0,2,3,0,0,0,0,0,0,0,0,0,0,0,1,0,8
37,115,0,0,0,0,0,0,1,0,0,0,0,0,0,0,0,0,0,0,0,0,1
37,119,0,0,1,0,0,1,0,0,0,0,0,0,0,0,0,0,0,0,0,0,2
37,124,0,0,0,0,0,0,0,0,1,0,0,0,0,0,0,0,0,0,0,0,1
38,49,0,0,0,0,0,0,0,0,0,0,0,0,0,0,0,0,0,1,0,0,1
38,57,0,0,1,0,0,1,0,0,1,0,0,0,0,0,0,0,0,0,0,0,3
38,58,0,0,1,0,0,0,0,0,0,0,0,0,0,0,0,0,0,0,0,0,1
38,70,1,0,0,0,0,0,0,0,0,0,0,0,0,0,0,0,0,0,0,0,1
38,118,1,0,0,0,0,0,1,1,1,1,0,0,0,0,0,0,0,0,0,0,5
39,49,0,0,0,0,0,0,2,0,0,0,0,0,0,1,1,0,0,0,0,0,4
39,57,0,0,1,0,0,0,1,0,0,0,0,0,0,0,0,1,0,0,1,0,4
39,58,0,0,0,0,0,0,2,0,0,0,0,0,1,0,1,1,3,0,3,0,11
39,59,0,0,1,0,0,0,0,0,0,0,0,0,0,0,0,0,0,0,0,0,1
39,62,0,0,2,0,0,0,0,0,0,0,0,0,1,0,0,0,0,0,1,0,4
39,63,1,0,0,0,0,0,0,0,0,0,0,0,0,0,0,0,0,0,0,0,1
39,65,1,0,0,0,0,0,0,0,0,0,0,0,0,0,0,0,0,0,0,0,1
39,107,1,0,0,0,0,0,0,0,0,0,0,0,0,0,0,0,0,0,0,0,1
39,117,0,0,0,0,0,0,1,0,0,0,0,0,0,0,0,0,0,0,1,0,2
39,118,3,0,2,1,0,0,6,1,1,1,0,0,0,0,1,2,0,1,6,0,25
39,122,0,0,0,0,0,0,1,0,0,0,0,0,0,0,0,0,0,0,0,0,1
39,124,3,0,0,0,0,1,0,0,0,0,0,0,0,0,0,1,0,0,0,0,5
40,49,0,0,0,0,0,0,0,0,0,0,0,0,0,0,0,0,0,0,1,0,1
40,57,0,0,3,0,0,0,1,0,0,1,0,0,0,1,0,0,0,0,0,0,6
40,112,0,0,0,1,0,0,0,0,0,0,0,0,0,0,0,0,0,0,0,0,1
40,115,0,0,0,0,0,0,0,0,0,0,0,0,1,0,0,0,0,0,0,0,1
40,117,0,0,0,0,0,2,0,0,0,0,0,0,0,0,0,0,0,0,0,0,2
40,124,1,0,1,0,0,1,1,0,0,0,0,0,1,0,1,0,0,0,2,0,8
40,125,2,0,1,0,0,0,0,0,0,0,0,0,0,0,0,0,0,0,0,0,3
40,126,0,0,1,0,0,0,0,0,0,0,0,0,0,0,0,0,0,0,0,0,1
41,50,0,0,1,1,0,0,0,0,0,0,0,0,0,0,0,0,0,0,0,0,2
41,57,0,0,0,0,0,0,0,0,0,0,0,0,1,0,0,0,0,0,0,0,1
41,115,0,0,0,0,0,0,1,0,0,0,0,0,0,0,0,0,0,0,0,0,1
41,116,0,0,0,0,0,0,1,0,0,0,0,0,0,0,0,0,0,0,0,0,1
41,117,0,0,0,0,0,1,0,0,0,0,0,0,0,0,0,0,0,0,0,0,1
41,126,0,0,0,0,0,1,0,0,0,0,0,0,0,0,0,0,0,0,0,0,1
41,127,0,0,0,0,0,1,1,0,0,0,0,0,0,0,0,0,0,0,0,0,2
42,54,0,0,0,0,0,0,0,0,0,0,0,0,1,0,0,0,0,0,0,0,1
42,57,0,0,1,0,0,0,0,0,0,0,0,0,0,0,0,1,0,0,0,0,2
42,66,0,0,0,0,0,1,0,0,0,0,0,0,0,0,0,0,0,0,0,0,1
42,114,1,0,0,0,0,0,0,0,0,0,0,0,0,0,0,0,0,0,0,0,1
43,53,1,0,0,0,0,0,1,0,0,0,0,0,0,0,0,0,0,0,0,0,2
43,89,1,0,0,0,0,0,0,0,0,0,0,0,0,0,0,0,0,0,1,0,2
43,90,2,0,0,0,0,0,0,0,0,0,0,0,0,0,0,0,0,0,0,0,2
44,72,0,0,1,0,0,0,0,0,0,0,0,0,0,0,0,0,0,0,0,0,1
44,73,0,0,0,0,0,1,0,0,0,0,0,0,0,0,0,0,0,0,0,0,1
44,97,0,0,0,0,0,0,1,0,0,0,0,0,0,0,0,0,0,0,0,0,1
44,98,0,0,0,0,0,1,0,0,0,0,0,0,0,0,0,0,0,0,0,0,1
44,107,0,0,0,0,0,0,1,0,0,0,0,0,0,0,0,0,0,0,0,0,1
44,115,0,0,0,0,0,0,0,0,0,0,0,0,1,0,0,0,0,0,0,0,1
44,117,0,0,0,0,0,0,1,0,0,1,0,0,0,0,0,0,0,0,0,0,2
45,55,1,0,0,0,0,0,0,0,0,0,0,0,0,0,0,0,0,0,0,0,1
45,56,0,0,3,0,0,0,0,0,0,0,0,0,0,0,0,0,0,0,1,0,4
45,67,0,0,3,0,0,0,0,0,0,0,0,0,0,0,0,0,0,0,0,0,3
45,71,1,0,1,0,0,0,0,0,0,0,0,0,0,0,0,0,0,0,0,0,2
45,98,3,0,4,4,0,1,1,1,2,1,0,0,0,0,1,2,0,1,2,0,23
45,99,0,0,2,0,0,0,0,0,0,0,0,0,0,0,0,0,0,0,0,0,2
45,125,0,0,0,0,0,1,0,0,0,0,0,0,0,0,0,0,0,0,0,0,1
46,55,1,0,1,0,0,0,0,0,0,0,0,0,0,0,0,0,0,0,0,0,2
46,70,0,0,0,0,0,0,1,0,0,0,0,0,0,0,0,0,0,0,0,0,1
46,73,2,0,2,0,0,0,0,0,0,0,0,0,1,0,0,0,0,0,1,0,6
46,98,0,0,1,0,0,0,1,0,0,0,0,0,0,0,0,0,0,0,1,0,3
46,113,0,0,1,0,0,0,0,0,0,0,0,0,0,0,0,0,0,0,0,0,1
46,114,0,0,0,0,0,0,0,0,1,0,0,0,0,0,0,0,0,0,0,0,1
46,115,0,0,0,0,0,0,1,0,0,0,0,0,0,0,0,0,0,0,0,0,1
46,125,2,0,0,0,0,0,0,0,0,0,0,0,0,0,0,0,0,0,0,0,2
47,42,1,0,1,0,0,1,0,0,0,0,0,0,0,0,0,0,0,0,0,0,3
47,53,1,0,0,0,0,0,0,0,0,0,0,0,0,0,0,0,0,0,0,0,1
47,55,0,0,2,0,1,1,3,0,0,0,0,0,1,0,1,2,0,0,1,0,12
47,67,1,0,0,0,0,1,0,0,0,0,0,0,0,0,0,0,0,0,0,0,2
48,42,0,0,0,0,2,2,1,1,0,0,0,0,0,0,1,1,0,0,0,0,8
48,69,1,0,0,0,0,0,0,1,0,0,0,0,0,0,0,0,0,0,0,0,2
48,108,1,0,0,0,0,0,0,0,0,0,0,0,0,0,0,0,0,0,0,0,1
48,112,0,0,0,0,0,0,0,1,0,0,0,0,0,0,0,0,0,0,0,0,1
49,50,0,0,2,0,0,0,0,0,0,0,0,0,0,0,0,0,0,0,0,0,2
49,112,0,0,0,0,0,0,1,0,0,0,0,0,0,0,0,0,0,0,0,0,1
49,115,1,0,0,0,0,0,0,0,0,0,0,0,0,0,0,0,0,0,0,0,1
49,116,1,0,0,0,0,0,0,0,3,0,0,0,0,0,0,0,0,1,0,0,5
49,119,1,0,2,0,0,0,1,0,0,0,0,0,0,0,0,0,0,0,0,0,4
50,50,1,0,0,0,0,0,0,0,0,0,0,0,0,0,0,0,1,0,0,0,2
50,69,0,0,0,0,0,0,0,1,0,0,0,0,0,0,0,0,0,0,0,0,1
51,54,1,0,0,0,0,0,0,0,0,0,0,0,0,0,0,0,0,0,1,0,2
51,66,0,0,1,0,0,0,0,0,0,0,0,0,0,0,0,0,0,0,0,0,1
51,69,0,0,0,0,0,0,0,0,0,0,0,0,1,0,0,0,0,0,0,0,1
51,78,0,0,0,0,0,1,0,0,0,0,0,0,0,0,0,0,0,0,0,0,1
51,104,0,0,0,0,0,0,0,0,0,0,0,0,0,0,0,0,0,0,1,0,1
51,106,1,0,2,0,0,0,0,0,0,0,0,0,0,0,0,0,0,0,0,0,3
52,54,1,0,0,0,0,0,0,0,0,0,0,0,0,0,0,1,0,0,0,0,2
52,66,0,0,1,0,0,1,0,0,0,0,0,0,0,0,0,0,0,1,0,0,3
52,67,0,0,0,1,0,0,1,1,0,0,0,0,0,0,1,1,0,1,2,0,8
52,74,0,0,1,0,0,0,0,0,0,0,0,0,0,0,0,0,0,0,0,0,1
52,78,0,0,0,0,0,0,0,0,1,0,0,0,0,0,0,0,0,0,0,0,1
52,79,0,0,0,0,0,0,0,0,0,1,0,0,0,0,0,0,0,0,1,0,2
52,115,0,0,0,0,0,0,0,0,0,0,0,0,0,0,0,0,0,0,1,0,1
52,120,0,0,0,0,0,0,0,0,0,0,0,0,1,0,0,0,0,0,0,0,1
52,121,0,0,0,0,0,0,0,0,0,0,0,0,0,0,0,0,0,0,1,0,1
53,67,0,0,0,0,0,2,0,0,0,0,0,0,0,0,0,0,0,0,0,0,2
53,68,0,0,0,0,0,0,0,1,0,0,0,0,0,0,0,0,0,0,0,0,1
53,72,0,0,0,0,0,1,0,0,0,0,0,0,0,0,0,0,0,0,0,0,1
53,105,1,0,0,0,0,0,0,0,0,0,0,0,0,0,0,0,0,0,0,0,1
53,110,0,0,1,0,0,1,1,0,0,0,0,0,0,0,0,0,0,0,2,0,5
54,49,0,0,0,0,0,0,0,0,0,0,0,0,1,0,0,0,0,0,0,0,1
54,50,0,0,0,0,0,0,0,0,0,0,0,0,0,0,0,0,0,0,1,0,1
54,53,0,0,0,0,0,1,0,0,0,0,0,0,0,0,0,0,0,0,0,0,1
54,54,0,0,0,0,0,0,0,0,1,0,0,0,0,0,0,0,0,0,0,0,1
54,66,0,0,1,0,0,0,5,0,0,0,0,0,1,0,0,0,0,0,0,0,7
54,80,0,0,0,0,0,1,0,0,0,0,0,0,0,0,0,0,0,0,0,0,1
54,108,0,0,0,0,0,0,1,0,0,0,0,0,0,0,0,0,0,0,0,0,1
54,109,0,0,0,0,0,0,2,0,0,0,0,0,0,0,0,0,0,0,0,0,2
54,116,0,0,0,0,0,1,0,0,0,0,0,0,0,0,0,0,0,0,0,0,1
55,48,0,0,1,0,0,0,0,0,0,0,0,0,0,0,0,0,0,0,0,0,1
55,53,0,0,1,0,0,1,0,0,0,0,0,0,0,0,0,0,0,0,0,0,2
55,66,0,0,0,0,0,1,2,2,0,0,0,0,0,0,0,0,0,0,0,0,5
55,67,0,0,0,0,0,1,0,0,0,0,0,0,0,0,0,0,0,0,0,0,1
55,70,0,0,0,0,0,0,1,0,0,0,0,0,0,0,0,0,0,0,0,0,1
55,71,0,0,1,0,0,0,0,0,0,0,0,0,0,0,0,0,0,0,0,0,1
55,72,1,0,0,0,0,0,0,0,0,0,0,0,0,0,0,0,0,0,0,0,1
55,77,0,0,0,0,0,1,0,0,0,0,0,0,0,0,0,0,0,0,1,0,2
55,79,0,0,0,0,0,0,0,0,0,0,0,0,0,1,0,0,0,0,0,0,1
55,80,1,0,0,0,0,0,0,0,0,0,0,0,0,0,0,0,0,1,0,0,2
55,81,0,0,0,0,0,0,0,0,0,0,0,0,0,1,0,0,0,0,0,0,1
55,82,0,0,1,0,0,0,0,0,1,0,0,0,1,0,0,1,1,0,0,0,5
55,108,1,0,0,0,0,0,5,1,0,0,0,0,0,0,0,0,0,0,0,0,7
55,109,1,0,3,0,0,1,4,0,0,0,0,0,4,0,0,1,0,0,1,0,15
55,110,0,0,0,0,0,1,1,0,0,0,0,0,0,0,0,0,0,0,0,0,2
55,111,0,0,0,0,0,0,0,1,0,0,0,0,0,0,0,0,0,0,0,0,1
56,52,0,0,1,0,0,0,1,0,0,0,0,0,0,0,0,0,0,0,0,0,2
56,53,0,0,0,0,0,0,0,0,0,0,0,0,0,0,0,0,0,1,1,0,2
56,57,0,0,0,0,0,1,1,0,0,0,0,0,0,0,0,0,0,0,0,0,2
56,66,0,0,0,0,0,0,0,0,0,0,0,0,0,1,0,0,0,0,0,0,1
56,67,0,0,1,0,0,0,5,1,1,0,0,0,0,0,0,0,0,0,2,0,10
56,68,0,0,3,0,1,2,5,2,0,0,0,0,3,0,0,1,1,0,3,0,21
56,69,0,0,0,0,0,1,2,0,1,0,0,0,2,0,0,0,0,0,0,0,6
56,71,0,0,0,0,0,0,1,0,0,0,0,0,0,0,0,0,0,0,0,0,1
56,72,0,0,1,0,0,0,0,0,1,0,0,0,0,0,0,0,0,0,0,0,2
56,75,0,0,2,0,0,1,0,1,0,1,0,0,0,0,0,0,0,0,0,0,5
56,79,0,1,4,0,1,1,1,0,2,0,0,0,3,0,0,2,0,0,2,0,17
56,80,0,0,0,0,1,1,1,0,1,0,0,0,0,2,1,0,1,0,2,0,10
56,81,0,0,1,0,0,0,0,1,0,0,0,0,0,0,0,0,0,0,1,0,3
56,99,1,0,0,0,0,0,0,0,0,0,0,0,0,0,0,0,0,0,0,0,1
56,107,0,0,2,0,0,0,0,0,0,0,0,0,0,0,0,0,0,0,0,0,2
56,108,2,0,12,1,1,3,12,2,3,2,0,0,12,0,3,7,3,11,20,0,94
56,109,4,0,9,0,1,5,20,2,2,0,1,0,4,0,0,3,2,0,2,0,55
57,52,0,0,2,0,0,0,0,0,0,0,0,0,1,0,1,1,0,1,0,0,6
57,53,0,0,0,0,0,0,0,0,0,0,0,0,1,0,0,0,0,0,0,0,1
57,55,0,0,0,0,0,0,1,0,0,0,0,0,0,0,0,0,0,0,0,0,1
57,66,0,0,0,0,0,0,1,0,0,0,0,0,0,0,0,0,0,0,0,0,1
57,67,1,0,8,0,1,2,11,0,4,6,0,0,18,1,0,1,0,2,9,0,64
57,68,2,0,4,0,0,2,3,1,1,1,0,0,8,2,0,1,0,0,5,0,30
57,69,0,0,1,0,0,2,1,0,0,0,0,0,0,1,0,0,0,0,1,0,6
57,70,0,0,0,0,0,0,0,0,1,0,0,0,0,0,0,0,0,0,0,0,1
57,72,0,0,1,0,0,0,0,1,0,0,0,0,1,0,0,0,0,0,1,0,4
57,73,0,0,0,0,0,0,1,0,0,0,0,0,0,0,0,0,0,0,2,0,3
57,74,0,0,0,0,0,0,0,0,0,0,0,0,0,0,0,0,0,0,1,0,1
57,75,0,0,0,0,0,0,0,0,0,0,0,0,0,0,0,1,0,0,0,0,1
57,80,0,0,0,0,0,1,0,0,1,0,0,0,0,0,0,0,0,0,0,0,2
57,107,1,0,1,0,0,0,0,0,0,0,0,0,0,0,0,0,0,0,0,0,2
57,108,2,0,6,1,0,4,6,2,2,1,0,0,5,0,0,0,3,1,0,0,33
57,109,1,0,3,0,0,1,2,0,0,0,1,0,0,0,0,0,0,0,0,0,8
57,110,0,0,0,1,0,0,0,2,0,0,0,0,0,0,0,0,0,0,1,0,4
57,114,0,0,0,0,0,1,0,0,0,0,0,0,0,0,0,0,0,0,0,0,1
58,51,0,0,0,0,0,0,0,0,0,0,0,0,0,0,0,0,0,0,1,0,1
58,52,0,0,0,0,0,0,1,0,0,0,0,0,0,0,0,0,0,0,1,0,2
58,66,1,0,0,0,0,0,0,0,0,0,0,0,0,0,0,0,0,0,1,0,2
58,67,0,0,6,0,1,2,16,0,9,3,0,3,16,1,6,5,12,11,21,0,112
58,68,3,0,10,0,1,5,21,3,7,2,1,1,15,1,1,15,11,12,19,0,128
58,69,0,0,0,0,0,3,9,2,2,1,1,0,6,0,0,0,0,0,3,0,27
58,70,1,0,0,0,0,0,0,0,0,0,0,0,0,0,0,0,0,0,1,0,2
58,79,0,0,0,0,0,0,0,0,1,0,0,0,0,0,0,0,0,0,0,0,1
58,92,0,0,0,0,0,0,0,0,0,0,0,0,0,0,0,0,0,0,1,0,1
58,107,0,0,0,0,0,0,1,0,0,0,0,0,0,0,0,0,0,0,0,0,1
58,108,0,0,0,0,0,0,1,1,0,0,0,0,1,0,0,0,0,0,0,0,3
58,119,0,0,0,0,0,1,0,0,0,0,0,0,0,0,1,0,0,0,0,0,2
58,120,1,0,0,0,0,0,2,0,0,0,0,0,0,0,0,0,0,0,0,0,3
59,51,1,0,0,0,0,0,0,0,0,0,0,0,0,0,0,0,0,0,0,0,1
59,67,0,0,0,0,0,1,0,1,0,2,0,0,0,0,0,0,0,0,1,0,5
59,68,1,0,12,1,0,7,5,5,0,1,0,0,3,0,0,0,0,2,2,0,39
59,69,0,0,2,0,1,0,6,0,1,0,0,0,0,0,2,2,0,1,1,0,16
59,71,0,0,2,0,0,0,1,0,0,0,0,0,0,0,0,0,0,0,1,0,4
59,75,0,0,0,0,0,1,0,0,0,0,0,0,1,0,0,0,0,0,0,0,2
59,79,1,0,1,0,0,0,1,0,0,0,0,0,0,0,0,0,0,0,0,0,3
59,99,0,0,0,0,0,0,0,0,0,0,0,0,0,0,0,0,0,0,1,0,1
59,106,0,0,1,0,0,0,0,0,0,0,0,0,0,0,0,0,0,0,0,0,1
59,107,0,0,0,0,0,1,0,0,0,0,0,0,1,0,0,0,0,0,1,0,3
59,112,1,0,0,0,0,0,1,0,0,0,0,0,0,0,0,0,0,0,0,0,2
59,120,3,0,0,0,0,0,0,0,0,0,0,0,0,0,0,0,0,0,0,0,3
60,47,0,0,0,0,0,0,0,1,0,0,0,0,0,0,0,0,0,0,0,0,1
60,50,0,0,0,0,0,0,1,0,0,0,0,0,0,0,0,0,0,0,0,0,1
60,57,1,0,0,0,0,0,0,0,0,0,0,0,0,0,0,0,0,0,2,0,3
60,68,1,0,0,0,0,5,10,0,2,0,0,0,1,0,0,0,0,0,2,0,21
60,69,0,0,0,0,0,0,0,0,0,0,0,0,0,0,0,0,1,0,0,0,1
60,71,0,0,0,0,1,0,0,0,0,0,0,0,0,0,0,0,0,0,0,0,1
60,72,0,0,0,0,0,1,0,0,0,0,0,0,0,0,0,0,0,0,0,0,1
60,78,0,0,0,0,0,0,1,0,0,0,0,0,0,0,0,0,0,0,0,0,1
60,79,0,0,1,0,0,0,0,0,0,0,0,0,0,0,0,0,0,0,0,0,1
60,114,1,0,0,0,0,0,1,0,0,0,0,0,0,0,0,0,0,0,0,0,2
61,49,0,0,0,0,0,0,0,0,1,0,0,0,0,0,0,0,0,0,0,0,1
61,55,0,0,0,0,0,0,0,0,0,0,0,0,0,0,0,0,0,0,1,0,1
61,67,0,0,0,0,0,0,0,1,0,0,0,0,0,0,0,0,0,0,0,0,1
61,68,0,0,1,0,0,1,1,1,1,0,0,0,1,0,0,0,0,0,0,0,6
61,69,0,0,0,0,0,0,2,0,1,0,0,0,0,0,0,0,0,0,0,0,3
61,70,0,0,0,0,0,0,0,0,0,0,0,0,0,0,0,0,0,1,0,0,1
61,75,0,0,1,0,0,0,0,0,0,0,0,0,0,0,0,0,0,0,1,0,2
61,78,0,0,0,0,0,0,0,0,0,0,0,0,0,0,0,0,0,0,2,0,2
61,79,1,0,1,0,0,0,2,0,4,1,0,0,0,0,1,1,0,1,5,0,17
61,114,0,0,0,0,0,0,0,0,0,0,0,0,0,0,0,0,0,0,1,0,1
61,119,0,0,0,0,0,0,0,0,0,0,0,0,0,0,0,0,0,1,0,0,1
62,49,0,0,2,0,0,0,2,0,0,0,0,0,0,0,0,1,0,0,0,0,5
62,52,0,0,0,0,0,0,0,0,0,0,0,0,1,0,0,0,0,0,0,0,1
62,65,0,0,1,0,0,0,0,0,0,0,0,0,0,0,0,0,0,0,0,0,1
62,68,0,0,2,0,0,1,2,1,0,0,0,0,0,0,0,0,0,0,1,0,7
62,70,0,0,0,0,0,1,1,1,0,0,0,0,0,0,0,0,0,0,0,0,3
62,71,0,0,0,0,0,0,0,1,0,0,0,0,0,0,0,0,0,0,0,0,1
62,73,0,0,0,0,0,0,0,0,0,0,0,0,0,0,0,0,0,0,1,0,1
62,99,0,0,1,0,0,0,0,0,0,0,0,0,0,0,0,0,0,0,0,0,1
62,104,0,0,0,0,0,0,0,0,0,0,0,0,1,0,0,0,0,1,0,0,2
62,105,0,0,0,0,0,0,0,0,0,0,0,0,0,0,2,1,0,2,4,0,9
63,50,0,0,0,0,0,1,0,0,0,0,0,0,0,0,0,0,0,0,1,0,2
63,54,0,0,0,0,0,3,0,0,1,0,0,0,0,0,0,0,0,0,0,0,4
63,57,0,0,1,0,0,0,0,0,0,0,0,0,0,0,0,0,0,0,0,0,1
63,68,0,0,1,0,0,0,0,0,0,0,0,0,0,0,0,0,0,1,0,0,2
63,70,0,0,0,0,0,0,1,0,0,0,0,0,0,0,0,0,0,0,0,0,1
63,71,0,0,0,0,0,0,2,0,0,0,0,0,0,0,0,0,0,0,0,0,2
63,74,0,0,0,0,0,0,0,0,0,0,0,0,0,0,0,0,0,0,1,0,1
63,80,0,0,0,0,0,0,0,0,0,1,0,0,0,0,0,0,0,0,0,0,1
63,115,1,0,0,0,0,1,0,0,0,0,0,0,0,0,0,0,0,0,0,0,2
64,50,1,0,4,0,0,1,0,1,0,0,0,0,0,0,0,0,0,1,0,0,8
64,59,0,0,1,0,0,0,0,0,0,0,0,0,0,0,0,0,0,0,0,0,1
64,68,0,0,0,0,0,0,1,1,0,0,0,0,0,0,0,0,0,0,1,0,3
64,70,1,0,0,0,0,0,0,0,0,0,0,0,0,0,0,0,0,0,1,0,2
64,71,1,0,1,0,0,0,2,0,0,0,0,0,0,0,0,1,0,1,0,0,6
64,118,0,0,0,0,0,0,0,0,0,0,0,0,0,0,0,0,0,0,1,0,1
65,42,1,0,0,0,0,1,0,0,0,0,0,0,1,0,0,0,0,0,0,0,3
65,43,0,0,0,0,0,0,0,0,0,0,0,0,0,0,0,0,0,0,1,0,1
65,48,0,0,1,0,0,0,1,0,0,0,0,0,0,0,0,0,0,0,0,0,2
65,50,1,0,0,0,0,0,1,1,1,0,0,0,0,0,0,0,0,0,0,0,4
65,60,0,0,0,0,0,0,0,1,0,0,0,0,0,0,0,0,0,0,0,0,1
65,61,0,0,1,0,0,0,0,0,0,0,0,0,0,0,0,0,0,0,0,0,1
65,67,0,0,1,0,0,0,0,1,0,0,0,0,0,0,0,0,0,0,1,0,3
65,71,1,0,1,0,0,1,4,0,1,0,0,0,1,0,1,0,0,0,2,0,12
65,72,0,0,1,0,0,1,0,0,0,0,0,0,0,0,0,0,0,0,1,0,3
65,100,1,0,1,0,0,1,1,0,0,0,0,0,0,0,1,1,0,1,1,0,8
65,106,1,0,0,0,0,0,0,0,0,0,0,0,0,0,0,0,0,0,0,0,1
65,114,0,0,2,0,0,0,0,0,0,0,0,0,0,0,0,0,0,0,0,0,2
65,118,0,0,0,0,0,1,0,0,0,0,0,0,0,0,0,0,0,0,1,0,2
66,49,1,0,5,1,0,1,2,0,1,0,0,0,1,0,0,1,1,1,3,0,18
66,50,0,0,1,0,0,0,1,0,0,0,1,0,0,0,1,0,0,0,1,0,5
66,60,0,0,0,0,0,0,1,0,0,0,0,0,0,0,0,0,0,0,0,0,1
66,61,0,0,0,0,0,0,0,0,2,0,0,0,0,0,0,0,0,0,0,0,2
66,67,0,0,0,0,0,0,0,0,0,0,0,0,2,0,0,0,0,0,0,0,2
66,68,0,0,0,0,0,0,1,0,0,0,0,0,0,0,0,0,0,0,0,0,1
66,72,1,0,0,0,0,0,0,0,0,0,0,0,0,0,0,0,0,0,0,0,1
66,76,0,0,1,0,0,0,0,0,0,0,0,0,0,0,0,0,0,0,0,0,1
66,77,0,0,2,0,0,0,1,0,1,0,0,0,1,0,0,0,0,0,0,0,5
66,99,0,0,1,0,0,0,0,0,0,0,0,0,0,0,0,0,0,0,0,0,1
66,101,0,0,0,0,0,1,0,0,0,0,0,0,0,0,0,0,0,0,0,0,1
66,104,0,0,0,0,0,0,0,0,0,0,0,0,0,0,0,0,0,0,1,0,1
66,114,0,0,0,0,0,0,1,0,1,0,0,0,0,0,0,0,0,0,0,0,2
67,49,0,0,0,0,0,1,1,1,0,0,0,0,0,0,0,1,0,0,0,0,4
67,57,0,0,0,0,0,0,0,0,0,0,0,0,0,0,0,0,0,1,0,0,1
67,62,0,0,0,0,0,0,0,0,0,0,0,0,0,0,0,0,0,0,1,0,1
67,63,0,0,0,0,0,1,1,0,0,0,0,0,0,0,0,0,0,0,0,0,2
67,65,0,0,1,0,0,0,1,0,0,0,0,0,0,0,0,0,0,0,0,0,2
67,72,0,0,0,0,0,0,0,0,0,0,0,0,0,0,0,0,0,0,1,0,1
67,111,1,0,0,0,0,0,0,0,0,0,0,0,0,0,0,0,0,0,0,0,1
67,114,2,0,3,0,0,0,0,0,0,0,0,0,1,0,1,1,0,0,1,0,9
68,49,0,0,0,0,0,0,0,0,1,0,0,0,1,0,0,0,0,0,0,0,2
68,51,1,0,2,0,0,0,0,0,0,0,0,0,0,0,0,0,0,0,0,0,3
68,63,1,0,10,1,1,1,4,0,2,7,0,0,4,1,2,2,1,4,7,0,48
68,64,0,0,0,0,0,1,2,0,1,0,0,0,0,0,0,0,0,0,0,0,4
68,65,0,0,0,0,0,0,1,0,0,0,0,0,0,0,0,0,0,0,0,0,1
68,66,0,0,0,0,0,2,0,0,0,0,0,0,0,0,0,0,0,0,1,0,3
68,72,0,0,1,0,0,0,0,0,0,0,0,0,0,0,0,0,0,0,1,0,2
68,78,0,0,0,0,0,0,1,0,0,0,0,0,0,0,0,0,0,0,0,0,1
68,114,0,0,0,0,0,0,0,0,0,0,0,0,1,0,0,0,0,0,0,0,1
68,115,1,0,0,0,0,0,0,0,0,0,0,0,0,0,0,0,0,0,0,0,1
69,50,1,0,0,0,0,0,1,0,0,0,0,0,1,0,1,0,0,0,5,0,9
69,58,0,0,0,0,0,0,0,0,0,0,0,1,1,0,0,0,0,0,0,0,2
69,62,0,0,0,0,0,0,0,0,0,0,0,0,0,0,0,0,0,0,1,0,1
69,63,1,0,2,0,0,1,2,0,0,1,0,0,1,1,0,0,0,0,0,0,9
69,64,1,0,5,0,0,4,3,0,0,0,0,0,0,0,0,0,0,0,1,0,14
69,65,0,0,0,0,0,2,1,0,0,0,0,0,0,0,0,0,0,0,0,0,3
69,66,0,0,0,0,0,1,0,0,0,1,0,0,0,0,0,0,0,0,0,0,2
69,73,0,0,2,0,0,0,0,0,0,0,0,0,0,0,0,0,0,0,0,0,2
69,75,0,0,0,0,0,0,0,1,0,0,0,0,0,0,0,0,0,0,0,0,1
69,94,1,0,0,0,0,0,0,0,0,0,0,0,0,0,0,0,0,0,0,0,1
69,99,0,0,1,0,0,0,0,0,0,0,0,0,0,0,0,0,0,0,0,0,1
69,111,2,0,0,0,0,0,0,0,0,0,0,0,0,0,0,0,0,0,0,0,2
69,115,2,0,0,0,0,0,0,0,0,0,0,0,0,0,0,0,0,0,0,0,2
70,50,0,0,0,0,0,1,0,0,1,1,0,0,0,1,0,0,0,0,0,0,4
70,61,0,0,0,0,0,0,1,0,0,0,0,0,0,0,0,0,0,0,0,0,1
70,69,0,0,1,0,0,0,0,0,0,0,0,0,0,0,0,0,0,0,0,0,1
70,70,0,0,1,0,0,0,0,0,0,0,0,0,0,0,0,0,0,1,0,0,2
70,79,0,0,1,0,0,0,0,0,0,0,0,0,0,0,0,0,0,0,0,0,1
70,89,0,0,0,0,0,0,0,0,0,0,0,0,0,0,0,0,0,0,1,0,1
70,90,0,0,0,0,0,0,0,1,0,0,0,0,0,0,0,0,0,0,0,0,1
70,92,0,0,0,0,0,1,1,0,0,0,0,0,0,0,0,0,0,0,0,0,2
70,98,0,0,0,0,0,0,1,0,0,0,0,0,0,0,0,0,0,0,0,0,1
70,99,0,0,3,0,0,2,0,1,0,1,0,0,0,0,1,0,0,2,2,0,12
70,100,0,0,2,0,0,0,0,0,0,0,0,0,0,0,0,0,0,0,0,0,2
70,115,1,0,0,0,0,0,1,0,0,0,0,0,0,0,0,0,0,0,0,0,2
71,49,0,0,0,0,0,0,0,0,0,0,0,0,0,0,0,0,0,1,0,0,1
71,50,0,0,1,0,0,0,1,0,1,0,0,0,0,0,0,0,0,0,0,0,3
71,60,0,0,1,0,0,0,0,0,0,0,0,0,0,0,0,0,0,0,0,0,1
71,65,0,0,0,0,0,0,1,0,0,0,0,0,0,0,0,0,1,0,0,0,2
71,72,1,0,0,0,0,1,0,0,0,0,0,0,0,0,0,0,0,0,0,0,2
71,73,0,0,0,0,0,0,0,0,1,0,0,0,0,0,0,0,0,0,0,0,1
71,74,0,0,0,0,0,0,1,0,0,0,0,0,0,0,0,0,0,0,0,0,1
71,75,0,0,0,0,0,0,0,0,0,0,0,0,1,0,0,0,0,0,0,0,1
71,90,1,0,1,0,0,0,1,0,0,0,0,0,0,0,0,0,0,1,1,0,5
71,91,0,0,2,0,0,1,1,0,2,0,0,0,10,0,1,1,1,1,3,0,23
71,98,0,0,1,0,0,0,0,0,0,0,0,0,1,0,0,1,0,0,0,0,3
71,99,0,0,0,0,0,0,0,0,0,0,0,0,0,0,0,0,0,0,1,0,1
71,116,1,0,0,0,0,0,0,0,0,0,0,0,0,0,0,0,0,0,0,0,1
72,45,0,0,0,0,0,0,0,0,1,0,0,0,0,0,0,0,0,0,1,0,2
72,51,0,0,0,0,0,0,1,2,0,0,0,0,0,0,0,0,0,0,0,0,3
72,65,0,0,1,0,0,0,0,2,0,0,0,0,0,0,0,0,0,0,0,0,3
72,72,0,0,0,0,0,0,0,0,0,1,0,0,0,0,0,0,0,0,0,0,1
72,78,2,0,0,0,0,0,1,0,0,0,0,0,2,0,0,0,0,0,1,0,6
72,79,0,0,1,0,0,0,1,0,0,0,0,0,0,0,0,0,0,0,0,0,2
72,90,0,0,0,0,0,0,0,0,0,0,0,0,1,0,0,3,0,0,0,0,4
72,91,3,1,4,2,1,0,7,1,3,1,1,0,3,0,0,1,4,2,11,0,45
72,92,0,0,2,0,0,2,2,0,0,0,0,0,1,0,0,0,0,0,0,0,7
72,93,0,0,1,0,0,0,0,0,0,0,0,0,0,0,0,0,0,0,0,0,1
72,94,0,0,3,0,0,0,1,0,0,0,0,0,0,0,0,0,0,0,0,0,4
72,109,1,0,0,0,0,0,0,0,0,0,0,0,0,0,0,0,0,0,0,0,1
72,116,2,0,0,0,0,0,1,0,0,0,0,0,0,0,0,0,0,0,0,0,3
73,41,0,0,0,0,0,0,0,0,0,0,0,0,0,0,0,0,0,0,1,0,1
73,43,0,0,0,0,0,0,0,0,0,0,0,0,1,0,1,1,0,0,1,0,4
73,51,1,0,2,0,0,0,0,0,0,0,0,0,0,0,0,0,0,0,1,0,4
73,52,0,0,0,0,0,1,0,0,0,0,0,0,1,0,0,0,0,1,0,0,3
73,55,0,0,0,0,0,1,0,0,0,0,0,0,0,0,0,0,0,0,0,0,1
73,65,0,0,3,0,0,2,0,0,0,0,0,0,0,0,0,0,0,0,0,0,5
73,78,1,0,1,0,0,0,0,0,0,0,0,0,0,0,0,0,0,0,0,0,2
73,79,1,0,3,0,0,4,3,1,2,0,0,0,1,0,1,2,0,2,5,0,25
73,80,0,0,1,0,0,0,0,0,0,0,0,0,0,0,0,0,0,0,0,0,1
73,92,0,0,0,0,0,0,0,0,1,0,0,0,0,0,0,0,0,1,0,0,2
73,93,0,0,0,0,0,0,2,2,0,0,0,0,0,0,0,0,0,0,1,0,5
73,94,0,0,1,0,0,0,0,0,0,0,0,0,0,0,0,0,0,0,0,0,1
74,52,1,0,2,0,0,0,1,0,1,0,0,0,0,0,0,0,0,0,0,0,5
74,78,0,0,0,0,0,0,0,0,0,0,0,0,0,0,0,0,0,0,2,0,2
74,93,0,0,0,0,0,1,0,0,0,0,0,0,0,0,0,0,0,0,0,0,1
74,109,0,0,0,1,0,0,0,0,0,0,0,0,0,0,1,0,0,1,3,0,6
75,52,0,0,0,0,0,0,0,0,0,0,0,0,0,0,0,1,0,0,0,0,1
75,60,0,0,0,0,0,0,0,1,0,0,0,0,0,0,0,0,0,0,0,0,1
75,74,0,0,1,0,0,0,0,0,0,0,0,0,0,0,0,0,0,0,0,0,1
75,95,0,0,0,0,0,0,1,0,0,0,0,0,0,0,0,0,0,0,0,0,1
75,96,0,0,0,0,0,0,0,0,0,0,0,0,0,0,0,0,0,0,1,0,1
75,109,0,0,0,0,1,0,0,0,0,0,0,0,0,0,0,0,0,0,0,0,1
76,53,0,0,0,0,0,0,1,0,0,0,0,0,0,0,0,0,0,0,0,0,1
76,77,0,0,0,0,0,0,1,0,0,0,0,0,0,0,0,0,0,0,0,0,1
76,91,0,0,0,0,0,1,0,0,0,0,0,0,0,0,0,0,0,0,0,0,1
76,97,0,0,0,0,0,0,0,0,0,1,0,0,0,0,0,1,0,1,0,0,3
76,98,0,0,0,0,0,0,0,0,0,0,0,0,0,0,0,0,0,0,1,0,1
76,115,0,0,0,0,0,0,0,0,0,0,0,0,0,0,0,0,0,1,0,0,1
76,116,0,0,0,0,0,0,0,0,0,0,0,0,0,0,0,0,0,0,1,0,1
76,120,1,0,0,0,0,0,0,0,0,0,0,0,0,0,1,0,0,0,0,0,2
77,53,0,0,0,0,0,0,0,1,1,0,0,0,0,0,0,0,0,0,1,0,3
77,77,0,0,0,0,0,0,0,0,0,0,0,0,1,0,0,0,0,0,0,0,1
77,91,0,0,1,0,0,0,0,1,0,0,0,0,0,0,0,0,0,0,0,0,2
77,94,0,0,0,0,0,0,0,0,0,0,0,0,1,0,0,0,0,0,0,0,1
77,97,1,0,0,0,0,0,2,0,0,0,0,0,0,0,0,0,0,1,2,0,6
77,98,0,0,0,0,0,0,0,0,0,0,0,0,0,0,1,0,0,0,1,0,2
77,108,1,0,0,0,0,0,0,0,0,0,0,0,0,0,0,0,0,0,0,0,1
77,120,0,0,0,0,0,0,0,0,0,0,0,0,0,0,0,0,0,0,1,0,1
78,40,0,0,1,0,0,0,0,0,0,0,0,0,0,0,0,0,0,0,0,0,1
78,41,0,0,0,0,0,0,0,0,1,0,0,0,1,0,0,0,0,0,0,0,2
78,44,0,0,0,0,0,0,0,1,0,0,0,0,0,0,0,0,0,1,1,0,3
78,53,0,0,1,0,0,0,1,0,0,0,0,0,1,1,0,0,0,0,0,0,4
78,54,2,0,0,0,0,2,0,1,1,0,0,0,2,0,1,1,0,2,3,0,15
78,78,1,0,0,0,0,0,0,0,0,1,0,0,0,0,0,0,0,0,0,0,2
78,96,0,0,0,0,0,1,1,0,0,0,0,0,0,0,0,0,0,0,0,0,2
78,105,0,0,0,0,0,0,1,0,0,0,0,0,0,0,0,0,0,1,1,0,3
78,108,2,0,0,0,0,0,0,0,0,0,0,0,0,0,0,0,0,0,0,0,2
78,117,1,0,0,0,0,0,0,0,0,0,0,0,0,0,0,0,0,0,0,0,1
79,41,2,0,0,0,0,0,1,0,0,0,0,0,0,0,0,0,0,0,1,0,4
79,50,0,0,0,0,0,1,1,0,0,0,0,0,0,0,0,0,0,0,0,0,2
79,51,0,0,0,0,0,0,0,0,0,1,0,0,1,0,0,0,0,0,0,0,2
79,52,0,0,1,0,0,0,0,0,0,0,0,0,0,0,0,0,0,0,0,0,1
79,53,0,0,1,0,0,0,1,0,2,0,0,0,0,0,0,0,0,0,0,0,4
79,54,0,0,0,0,0,0,1,0,1,0,0,0,0,0,0,0,0,0,0,0,2
79,76,0,0,0,0,0,0,1,0,0,0,0,0,0,0,0,0,0,0,0,0,1
79,89,0,0,0,0,0,0,0,0,1,0,0,0,0,0,0,0,0,0,0,0,1
79,91,3,0,1,0,0,1,1,0,0,0,0,0,0,0,1,1,1,0,1,0,10
79,92,0,0,0,0,0,0,0,0,0,0,0,0,1,0,0,0,0,0,0,0,1
79,93,0,0,1,0,0,0,0,0,0,0,0,0,0,0,0,0,0,0,0,0,1
79,104,1,0,0,0,0,0,0,0,0,0,0,0,0,0,0,0,0,0,0,0,1
80,51,0,0,4,0,0,4,1,2,1,0,0,1,0,0,0,0,0,2,2,0,17
80,71,0,0,0,0,0,0,0,0,0,0,0,0,0,0,0,0,0,0,1,0,1
80,72,0,0,0,0,0,0,0,0,0,0,0,0,0,0,0,0,0,0,1,0,1
80,91,0,0,0,0,0,0,2,0,0,0,0,0,0,0,0,0,0,0,0,0,2
80,93,0,0,0,0,0,0,0,0,0,0,0,0,0,0,0,0,0,1,0,0,1
81,76,1,0,0,0,0,0,0,0,0,0,0,0,0,0,0,0,0,0,0,0,1
81,95,0,0,1,0,0,0,0,0,0,0,0,0,0,0,0,0,0,0,0,0,1
81,100,0,0,0,0,0,0,0,0,0,0,0,0,0,0,0,0,0,0,1,0,1
82,53,0,0,1,0,0,1,0,1,0,0,0,0,1,0,0,0,0,0,0,0,4
82,72,0,0,0,0,0,0,0,0,0,0,0,0,0,1,1,1,0,1,2,0,6
82,92,0,0,0,0,0,0,1,0,0,0,0,0,0,0,0,0,0,0,0,0,1
82,94,0,0,0,0,0,1,0,0,0,0,0,0,0,0,0,0,0,0,0,0,1
82,96,0,0,2,1,0,0,0,0,0,0,0,0,0,0,0,0,0,1,0,0,4
83,49,0,0,0,0,1,0,0,0,0,0,0,0,0,0,0,0,0,0,1,0,2
83,52,0,0,2,0,0,1,0,0,0,0,0,0,0,0,0,0,0,0,0,0,3
83,53,1,0,2,0,0,0,0,0,0,0,0,0,0,0,0,0,0,0,0,0,3
83,54,0,0,0,0,0,0,0,0,0,0,0,0,1,0,0,0,0,0,0,0,1
83,61,0,1,0,0,0,0,0,0,0,0,0,0,0,0,0,0,0,0,0,0,1
83,67,0,0,0,0,0,0,0,0,1,0,0,0,0,0,0,0,0,0,0,0,1
83,88,0,0,0,0,0,0,1,0,1,0,0,0,0,0,1,0,0,0,1,0,4
83,96,0,0,1,0,0,0,0,0,0,0,0,0,0,0,0,0,0,0,0,0,1
83,116,0,0,0,0,0,0,0,0,0,0,0,0,0,0,0,1,0,0,1,0,2
83,117,0,0,0,0,0,0,1,0,0,0,0,0,0,0,1,0,0,0,0,0,2
83,118,0,0,2,0,0,0,0,0,0,0,0,0,0,0,0,0,0,0,0,0,2
84,49,0,0,0,0,0,3,0,0,0,1,0,0,0,0,0,0,0,1,0,0,5
84,50,0,0,3,0,1,0,0,1,0,0,0,0,0,0,0,0,0,1,2,0,8
84,52,0,0,1,0,0,2,8,0,1,1,0,0,2,0,0,0,1,3,0,0,19
84,53,0,0,3,0,0,0,2,2,0,0,1,0,0,0,0,0,0,0,0,0,8
84,54,0,0,0,0,0,0,0,0,0,1,0,0,0,0,0,0,1,0,1,0,3
84,76,0,0,0,0,0,0,0,0,0,0,0,0,0,0,0,0,1,0,0,0,1
84,86,0,0,0,0,0,0,1,0,0,0,0,0,1,0,0,0,0,0,0,0,2
84,92,0,0,0,0,0,1,0,0,0,0,0,0,0,0,0,0,0,1,0,0,2
84,93,0,0,2,0,0,2,1,0,0,1,0,0,0,0,0,0,0,0,0,0,6
84,94,0,0,6,1,2,2,2,0,1,0,0,0,1,1,1,2,1,2,3,0,25
84,117,1,0,0,0,0,0,0,0,0,0,0,0,0,0,0,0,0,0,0,0,1
85,50,0,0,1,0,0,2,2,0,1,0,0,0,0,0,0,0,0,1,0,0,7
85,51,0,0,2,0,0,2,2,1,0,0,0,0,3,1,0,0,0,1,0,0,12
85,52,1,0,5,0,0,13,16,5,4,2,1,0,6,0,0,3,1,1,6,0,64
85,53,0,0,5,0,0,4,9,0,3,1,1,0,5,1,0,2,1,2,5,0,39
85,54,1,0,1,0,0,2,1,0,0,2,0,0,1,1,0,0,0,0,1,0,10
85,58,1,0,0,0,0,0,1,0,0,0,0,0,0,0,1,0,0,0,1,0,4
85,82,0,1,0,0,0,0,0,0,0,0,0,0,0,0,0,0,0,0,0,0,1
85,84,0,0,1,0,0,0,0,0,1,0,0,0,0,0,0,0,0,0,0,0,2
85,85,0,0,0,0,0,0,0,0,0,0,0,0,0,0,0,0,1,0,0,0,1
85,92,0,0,1,0,0,0,0,0,0,0,0,0,0,0,0,0,0,0,0,0,1
85,93,0,0,3,0,0,0,0,0,0,0,0,1,0,0,0,0,0,0,0,0,4
85,94,1,0,2,0,0,2,4,0,0,1,0,0,0,1,0,1,0,0,0,0,12
85,95,0,0,0,0,0,0,1,0,0,0,0,0,0,0,0,0,0,0,0,0,1
85,98,0,0,0,0,0,0,1,0,1,0,0,0,0,0,0,0,0,0,0,0,2
85,112,1,0,0,0,0,0,0,0,0,0,0,0,0,0,0,0,0,0,0,0,1
85,113,0,0,0,0,0,0,0,0,1,0,0,0,0,0,0,0,0,0,0,0,1
86,50,0,0,2,0,0,5,4,3,9,1,0,1,0,0,1,1,1,7,6,0,41
86,51,1,1,10,0,1,10,28,2,13,8,3,2,29,1,6,6,10,13,24,0,168
86,52,1,0,40,1,1,12,19,2,0,10,1,0,17,1,0,4,1,1,6,0,117
86,53,0,0,3,1,0,2,7,0,0,0,0,0,2,0,0,0,1,0,4,0,20
86,54,2,0,2,0,1,4,5,3,1,0,0,0,1,1,0,1,1,0,0,0,22
86,55,0,0,0,0,0,0,0,1,0,0,0,0,0,0,0,0,0,0,0,0,1
86,88,0,0,0,0,0,0,0,1,1,0,0,0,0,0,0,0,0,1,0,0,3
86,93,0,0,2,0,0,1,3,0,0,0,0,0,0,0,0,0,0,0,0,0,6
86,95,0,0,0,0,0,1,0,0,0,0,0,0,0,0,0,0,0,0,0,0,1
87,50,1,0,10,2,1,9,11,3,7,5,0,0,11,0,1,4,2,6,15,0,88
87,51,5,1,41,1,3,46,83,16,18,15,3,4,59,11,1,14,16,20,45,0,402
87,52,0,0,11,1,0,7,9,1,2,2,0,0,9,3,0,1,1,2,6,0,55
87,53,0,0,5,0,0,4,5,2,3,1,0,0,5,1,0,1,0,1,2,0,30
87,54,0,0,4,0,0,3,6,1,0,0,0,0,1,1,0,1,0,1,3,0,21
87,55,1,0,0,0,0,1,5,0,0,0,0,1,0,0,0,0,0,0,3,0,11
87,56,0,0,0,0,0,0,1,0,0,0,0,0,0,0,0,0,0,0,0,0,1
87,57,0,0,0,0,0,1,0,1,0,0,0,0,0,0,0,0,0,0,0,0,2
87,58,0,0,0,0,0,0,0,0,0,0,0,0,0,0,0,0,0,0,1,0,1
87,87,0,0,0,0,0,2,0,1,0,0,0,0,0,0,0,0,0,0,1,0,4
87,88,0,0,1,0,0,0,1,1,0,0,0,0,1,0,0,0,0,0,1,0,5
87,93,1,0,0,0,0,0,1,0,0,0,0,0,0,0,0,0,0,0,0,0,2
87,108,1,0,0,0,0,0,0,0,0,0,0,0,0,0,0,0,0,0,0,0,1
87,118,1,0,0,0,0,0,0,0,0,0,0,0,0,0,0,0,0,0,0,0,1
88,50,0,0,3,0,0,1,4,0,1,1,0,0,2,0,0,1,0,0,2,0,15
88,51,0,0,8,0,0,4,5,1,2,1,0,0,0,0,0,1,2,5,3,0,32
88,52,3,0,6,1,0,8,13,5,2,3,0,1,6,1,0,1,1,4,6,0,61
88,53,0,0,3,0,0,4,6,1,4,0,0,0,3,1,0,0,0,1,0,0,23
88,54,0,0,0,0,0,1,2,0,0,0,0,0,0,0,0,0,0,0,1,0,4
88,55,0,0,1,0,0,1,3,0,2,0,0,0,1,0,0,0,0,1,3,0,12
88,56,0,0,0,0,0,1,1,2,0,0,0,0,0,0,0,0,0,0,0,0,4
88,87,0,0,0,0,0,1,0,0,0,1,0,0,0,0,0,0,0,0,1,0,3
88,88,2,0,2,1,0,1,6,0,2,2,0,1,4,0,0,5,2,2,4,0,34
88,89,2,0,0,1,0,0,0,0,0,0,0,0,0,0,0,0,0,0,0,0,3
88,90,0,0,1,0,0,0,0,0,0,0,0,0,0,0,0,0,0,0,0,0,1
88,97,1,0,0,0,0,0,0,0,0,0,0,0,0,0,0,0,0,0,0,0,1
89,50,0,0,0,0,0,2,4,0,0,0,0,0,0,0,0,0,0,0,1,0,7
89,51,1,0,2,1,0,1,1,0,0,0,0,0,1,1,0,0,0,0,1,0,9
89,52,0,0,0,0,0,1,0,0,0,0,0,0,1,0,0,0,0,0,0,0,2
89,53,0,0,2,0,0,0,7,1,2,0,0,1,1,0,0,0,0,0,0,0,14
89,54,0,0,0,0,0,1,3,0,0,0,0,0,1,0,0,0,0,0,0,0,5
89,55,0,0,0,1,0,0,0,0,0,0,0,0,0,0,0,0,0,0,0,0,1
89,56,1,0,0,0,0,0,0,0,0,0,0,0,0,0,0,0,0,0,0,0,1
89,71,0,0,0,0,0,0,0,0,0,0,0,0,0,0,0,0,1,0,0,0,1
89,87,0,0,0,0,0,0,0,0,0,0,0,0,1,0,0,0,0,0,0,0,1
89,88,5,0,7,0,2,13,19,3,7,1,2,0,15,4,5,5,3,6,15,0,112
89,89,3,0,5,0,0,3,8,1,1,1,0,1,6,2,0,2,4,5,6,0,48
89,90,0,0,2,0,0,0,0,1,0,0,0,1,0,0,0,0,0,0,0,0,4
89,91,0,0,0,0,0,1,1,0,0,0,0,0,0,0,0,0,0,0,0,0,2
89,92,0,0,1,0,0,0,0,0,0,0,0,0,0,0,0,0,0,0,0,0,1
89,97,0,0,0,0,0,0,0,0,0,0,0,0,0,0,0,0,0,0,1,0,1
89,118,0,0,0,0,0,0,1,0,0,0,0,0,0,0,0,0,0,0,0,0,1
90,50,0,0,0,0,0,0,0,2,0,0,0,0,0,0,0,0,0,0,0,0,2
90,51,2,0,1,0,0,4,2,0,1,0,0,0,1,0,1,0,0,0,1,0,13
90,52,0,0,1,0,0,3,0,0,0,0,0,0,0,0,0,0,0,1,0,0,5
90,53,0,0,2,0,1,4,0,1,0,0,0,0,0,0,0,0,0,0,0,0,8
90,54,0,0,2,0,0,2,6,3,1,0,0,0,2,0,1,0,0,0,4,0,21
90,55,0,0,1,0,0,0,0,0,0,1,0,0,0,0,0,0,0,0,0,0,2
90,89,0,0,1,0,2,1,7,0,0,1,0,0,4,0,0,1,0,0,0,0,17
90,90,0,0,1,1,0,1,0,0,0,0,0,0,1,0,0,0,0,0,1,0,5
90,92,0,0,1,0,0,0,1,0,0,0,0,0,0,0,0,0,0,0,0,0,2
90,96,1,0,0,0,0,0,0,0,0,0,0,0,0,0,0,0,0,0,0,0,1
90,118,0,0,0,0,1,1,0,0,0,0,0,0,0,0,0,0,0,0,0,0,2
90,119,0,0,1,0,0,2,0,0,0,1,0,0,0,0,0,0,0,0,0,0,4
91,50,0,0,0,0,0,0,0,1,0,0,0,0,0,0,0,0,0,1,0,0,2
91,51,0,0,1,0,1,2,1,0,2,1,0,0,0,0,0,0,0,1,0,0,9
91,54,0,0,0,0,0,2,0,1,0,0,0,0,0,0,0,0,0,0,0,0,3
91,55,0,0,3,0,0,0,0,1,0,0,0,0,2,0,0,0,0,0,0,0,6
91,72,0,0,0,0,0,0,0,0,0,0,0,0,0,0,0,0,0,0,1,0,1
91,86,0,0,0,0,0,0,0,0,1,0,0,0,0,0,0,0,0,0,0,0,1
91,89,1,0,4,0,1,0,4,0,0,0,0,0,1,0,0,0,0,0,2,0,13
91,99,1,0,0,0,0,0,0,0,0,0,0,0,0,0,0,0,0,0,0,0,1
91,107,0,0,0,0,0,0,1,0,0,0,0,0,0,0,0,0,0,0,0,0,1
91,118,1,0,1,0,0,3,3,1,0,0,0,0,2,0,0,0,0,1,0,0,12
91,119,6,0,5,0,2,5,10,3,3,2,1,0,5,0,1,2,4,7,13,0,69
92,49,0,0,0,0,0,2,1,0,0,0,0,0,0,0,0,0,0,0,0,0,3
92,50,0,0,1,0,0,0,0,0,1,0,1,0,1,0,0,0,0,0,0,0,4
92,51,0,0,0,0,0,1,2,0,0,0,0,0,0,0,0,0,0,0,0,0,3
92,76,0,0,0,0,0,0,0,0,0,0,0,0,0,0,0,0,0,0,1,0,1
92,93,0,0,0,0,0,0,1,0,0,0,0,0,0,0,0,0,0,0,0,0,1
92,96,1,0,0,1,0,0,0,0,0,0,0,0,0,1,0,0,0,0,0,0,3
92,103,1,0,0,0,0,0,0,0,0,0,0,0,0,0,0,0,0,0,0,0,1
92,111,2,0,0,0,0,0,0,0,0,0,0,0,0,0,0,0,0,0,0,0,2
92,118,1,0,1,0,0,1,2,0,0,2,0,0,2,0,0,0,0,1,0,0,10
92,119,0,0,5,0,0,0,6,0,3,0,0,0,3,0,0,1,3,0,1,0,22
93,57,1,0,0,0,0,0,0,0,0,0,0,0,0,0,0,0,0,0,3,0,4
93,87,1,0,0,0,0,0,0,0,1,0,0,0,0,0,0,0,0,0,0,0,2
93,88,3,0,0,0,0,0,0,0,0,0,0,0,0,0,0,0,0,0,1,0,4
93,92,0,0,0,0,0,0,1,0,0,0,0,0,0,0,0,0,0,0,0,0,1
93,93,0,0,0,0,0,0,1,0,0,1,0,0,0,0,0,1,0,1,0,0,4
93,104,0,0,0,0,0,0,0,0,0,0,0,0,0,0,0,0,0,1,0,0,1
93,111,0,0,0,0,0,1,0,0,0,0,0,0,0,0,0,0,0,0,0,0,1
93,114,0,0,0,0,0,0,0,0,0,0,0,0,0,0,0,0,0,0,1,0,1
93,118,4,0,3,0,0,2,3,0,0,0,0,0,0,0,0,0,0,0,1,0,13
93,119,0,0,2,0,0,0,2,0,1,0,0,1,0,0,0,0,0,0,0,0,6
94,47,0,0,1,0,0,0,1,0,0,0,0,0,1,0,0,0,0,0,0,0,3
94,52,0,0,0,0,0,1,1,0,0,0,0,0,0,0,0,0,0,0,0,0,2
94,68,1,0,0,0,0,0,1,0,0,0,0,0,0,0,0,0,0,0,0,0,2
94,88,0,0,0,0,0,0,1,0,0,0,0,0,0,0,0,0,0,0,0,0,1
94,92,0,0,0,0,0,0,0,0,0,0,0,0,0,0,0,0,0,0,1,0,1
94,95,1,0,0,0,0,0,0,0,0,0,0,0,0,0,0,0,0,0,0,0,1
94,105,1,0,0,0,0,0,1,0,0,0,0,0,0,0,0,0,0,0,0,0,2
94,107,0,0,0,0,1,0,0,0,0,0,0,0,0,0,1,1,0,0,1,0,4
94,108,0,0,0,0,0,0,0,0,1,0,0,0,0,0,0,0,0,0,0,0,1
94,112,1,0,0,0,0,0,0,0,1,0,0,0,0,0,0,0,0,0,0,0,2
94,114,1,0,2,0,0,0,3,1,0,0,0,0,0,0,0,0,0,0,0,0,7
95,46,0,0,1,0,0,0,0,0,0,0,0,0,0,0,0,0,0,0,0,0,1
95,55,0,0,1,0,0,0,0,0,0,0,0,0,0,0,0,0,0,0,2,0,3
95,112,0,0,0,0,0,0,0,0,1,0,0,0,0,0,0,0,0,0,0,0,1
96,45,0,0,1,0,0,0,0,0,0,0,0,0,0,0,1,0,0,1,0,0,3
96,55,0,0,1,0,0,0,0,0,0,0,0,0,1,0,0,0,0,0,0,0,2
96,59,1,0,0,0,0,0,1,0,0,0,0,0,0,0,0,0,0,0,1,0,3
96,71,0,0,1,0,0,0,0,1,0,0,0,0,0,0,0,0,0,0,0,0,2
96,87,0,0,0,0,0,0,0,0,0,1,0,0,0,0,0,0,0,0,0,0,1
96,105,0,0,0,0,0,0,0,0,1,0,0,0,0,0,0,0,0,0,1,0,2
96,108,3,0,0,0,0,0,0,0,0,0,0,0,0,0,0,0,0,0,0,0,3
97,53,0,0,1,0,0,0,1,0,3,0,0,0,0,0,0,0,1,0,0,0,6
97,54,0,0,0,0,0,0,0,0,0,1,0,0,0,0,0,0,0,0,0,0,1
97,55,0,0,1,0,0,1,0,0,1,0,0,0,1,0,0,0,0,0,0,0,4
97,86,0,0,0,0,0,0,0,0,0,0,0,0,0,0,0,0,0,1,0,0,1
97,106,0,0,0,0,0,0,0,0,1,0,0,0,0,0,0,0,0,0,0,0,1
97,108,0,0,0,0,0,0,0,0,0,0,0,0,0,0,0,0,0,0,1,0,1
97,117,0,0,0,0,0,2,1,0,0,0,0,0,0,0,0,0,0,0,0,0,3
98,64,0,0,0,0,0,1,0,0,0,0,0,0,0,0,0,0,0,0,0,0,1
98,70,1,0,0,0,0,0,0,0,1,0,0,0,0,0,1,1,0,0,1,0,5
98,86,0,0,0,0,0,0,0,0,0,0,0,0,1,0,0,0,0,0,0,0,1
98,94,0,0,0,0,0,0,0,0,1,0,0,0,0,0,0,0,0,0,0,0,1
98,95,0,0,0,0,0,0,1,0,0,0,0,0,0,0,0,0,0,0,0,0,1
98,117,0,0,2,0,0,0,0,0,0,0,0,0,0,0,0,1,1,0,0,0,4
99,48,0,0,0,0,0,0,0,1,0,0,0,0,0,0,0,0,0,0,1,0,2
99,55,1,0,1,0,0,2,0,1,0,1,0,0,0,1,1,1,0,1,3,0,13
99,86,2,0,1,0,0,0,1,0,0,0,0,0,0,0,1,1,0,0,0,0,6
99,95,0,0,0,0,0,1,0,0,0,0,0,0,0,0,0,0,0,0,0,0,1
99,96,1,0,0,0,0,0,0,0,0,0,0,0,0,0,0,0,0,0,0,0,1
99,112,0,0,1,0,0,0,0,0,0,0,0,0,0,0,0,0,0,0,0,0,1
100,45,0,0,0,0,0,0,0,0,0,0,0,0,0,0,0,0,0,0,1,0,1
100,46,0,0,1,0,0,0,0,0,0,0,0,0,0,0,0,0,0,0,0,0,1
100,54,0,0,0,0,0,0,1,2,0,0,0,0,1,0,0,0,0,0,0,0,4
100,55,0,0,0,0,0,1,1,0,0,0,0,0,0,0,0,0,0,0,0,0,2
100,85,0,0,0,0,0,0,0,1,0,0,0,0,0,0,0,0,0,0,0,0,1
100,95,0,0,0,0,0,1,1,0,0,0,0,0,0,0,0,0,0,1,0,0,3
100,96,1,0,0,0,0,0,0,0,0,0,0,0,0,0,0,0,0,0,0,0,1
100,116,1,0,0,0,0,0,0,0,0,0,0,0,0,0,0,0,0,0,0,0,1
100,117,1,0,1,0,0,0,0,0,0,0,0,0,0,0,0,0,0,0,0,0,2
101,49,1,0,0,0,0,1,0,0,0,0,0,0,0,0,0,0,0,0,0,0,2
101,51,0,0,0,0,0,0,0,0,0,0,0,0,0,1,0,0,0,0,0,0,1
101,55,0,0,0,0,0,0,1,0,0,0,0,0,0,1,0,0,0,0,0,0,2
101,83,3,0,0,0,0,0,0,0,0,0,0,0,0,0,0,0,0,0,0,0,3
101,110,0,0,1,0,0,0,0,0,0,0,0,0,0,0,0,0,0,0,0,0,1
102,51,0,0,0,0,0,0,0,0,0,0,0,0,0,0,1,0,0,0,0,0,1
102,55,0,0,1,0,0,0,0,0,0,0,0,0,0,0,0,0,0,0,0,0,1
102,68,1,0,0,0,0,0,0,0,0,0,0,0,0,0,0,0,0,0,0,0,1
102,76,0,0,1,0,0,0,0,0,0,0,0,0,0,0,0,0,0,0,1,0,2
102,77,0,0,0,0,0,0,1,0,0,0,0,0,0,0,0,0,0,0,0,0,1
102,96,0,0,0,0,0,1,1,0,0,0,0,0,0,0,0,0,0,0,0,0,2
102,108,2,0,0,0,0,0,0,0,0,0,0,0,0,0,0,0,0,0,0,0,2
102,109,1,0,0,0,0,0,0,0,0,0,0,0,1,0,0,0,0,0,1,0,3
102,110,0,0,0,0,0,0,0,0,0,0,0,0,0,0,1,0,0,0,0,0,1
102,114,1,0,1,0,1,0,1,0,1,0,0,0,0,0,0,0,0,0,0,0,5
103,52,2,0,5,0,0,0,4,2,0,0,0,0,0,1,0,1,0,0,1,0,16
103,58,0,0,0,0,0,0,0,0,1,0,0,0,0,0,0,0,0,0,0,0,1
103,64,0,0,0,0,0,0,0,0,0,0,0,0,1,0,0,0,0,0,0,0,1
103,95,0,0,0,0,0,0,1,0,0,0,0,0,0,0,0,0,0,0,1,0,2
103,96,1,0,0,0,0,0,0,0,0,0,0,0,0,1,1,2,0,1,3,0,9
103,97,0,0,0,0,0,0,1,0,0,0,0,0,0,0,0,0,0,0,0,0,1
104,55,1,0,0,0,0,2,0,0,0,0,0,0,0,0,0,0,0,0,0,0,3
104,56,1,0,0,0,0,0,0,0,0,0,0,0,0,0,0,0,0,0,0,0,1
104,57,0,0,3,0,0,1,1,1,0,0,0,0,0,0,0,0,0,0,0,0,6
104,62,1,0,0,0,0,0,0,0,0,0,0,0,0,0,0,0,0,0,0,0,1
104,64,3,0,0,0,0,0,0,0,1,0,0,0,0,0,1,1,0,0,1,0,7
104,65,0,0,1,0,0,0,0,0,0,0,0,0,1,0,0,0,0,0,0,0,2
104,66,1,0,0,0,0,0,0,0,0,0,0,0,0,0,0,0,0,0,0,0,1
104,78,1,0,0,0,0,0,0,0,0,0,0,0,0,0,0,0,0,0,0,0,1
104,83,0,0,0,0,0,0,1,0,0,0,0,0,0,0,0,0,0,0,2,0,3
104,95,1,0,0,0,0,0,0,0,0,0,0,0,1,0,0,0,0,0,0,0,2
104,113,1,0,1,0,0,0,0,0,1,0,0,0,0,0,0,0,0,0,0,0,3
104,114,0,0,0,0,0,1,0,0,0,0,0,0,0,0,0,0,0,1,0,0,2
105,56,0,0,1,0,0,0,0,0,0,0,0,0,0,0,0,0,0,0,0,0,1
105,78,1,0,0,0,0,0,0,0,0,0,0,0,0,0,1,1,0,0,0,0,3
105,96,0,0,0,0,0,0,1,0,0,0,0,0,0,0,0,0,0,0,0,0,1
105,107,0,0,0,0,0,0,1,0,0,0,0,0,0,0,0,0,0,0,0,0,1
106,68,1,0,0,0,0,0,0,0,0,0,0,0,0,0,0,0,0,0,0,0,1
106,81,0,0,1,0,0,0,0,0,0,0,0,0,0,0,0,0,0,0,0,0,1
106,87,1,0,0,0,0,0,0,0,0,0,0,0,0,0,0,0,0,0,0,0,1
106,93,2,0,0,0,0,0,0,0,0,0,0,0,0,0,0,0,0,0,0,0,2
106,101,1,0,1,0,0,0,0,0,0,1,0,0,0,0,0,0,0,0,0,0,3
106,107,0,0,1,0,0,0,0,0,0,0,0,0,0,0,0,0,0,0,1,0,2
106,112,0,0,0,0,1,0,0,0,0,0,0,0,0,0,0,0,0,0,0,0,1
106,120,0,0,0,0,0,0,0,0,0,1,0,0,0,0,0,0,0,0,0,0,1
107,56,0,0,0,0,0,3,0,0,0,0,0,0,0,0,0,0,0,0,0,0,3
107,57,0,0,0,0,0,1,1,0,0,0,0,0,0,0,0,0,0,0,0,0,2
107,65,1,0,0,0,0,0,0,0,0,0,0,0,0,0,0,0,0,0,0,0,1
107,72,3,0,0,0,0,1,0,0,0,0,0,0,0,0,0,0,0,0,0,0,4
107,83,2,0,0,0,0,0,0,0,0,0,0,0,0,0,0,0,0,0,0,0,2
107,88,2,0,0,0,0,0,0,0,0,0,0,0,0,0,0,0,0,0,0,0,2
108,56,0,0,1,0,0,1,1,0,0,0,0,0,0,0,0,0,0,0,0,0,3
108,57,0,0,2,1,0,2,1,0,0,0,0,0,0,0,1,1,2,0,3,0,13
108,76,0,0,0,0,0,1,0,0,0,0,0,0,0,0,0,0,0,0,0,0,1
108,77,0,0,0,0,0,0,0,0,0,0,0,0,1,0,0,0,0,0,0,0,1
108,88,0,0,0,0,0,0,1,0,0,0,0,0,0,0,0,0,0,0,0,0,1
108,98,0,0,0,0,0,0,0,0,0,0,0,0,0,0,0,0,1,0,0,0,1
108,104,0,0,0,0,0,0,0,0,0,0,0,0,0,1,0,0,0,0,0,0,1
108,112,0,0,1,0,0,0,1,0,0,0,0,0,0,0,0,0,0,0,0,0,2
109,50,0,0,3,0,0,1,0,0,0,0,0,0,1,0,0,0,0,0,0,0,5
109,56,0,0,1,0,0,1,0,0,0,0,0,0,0,0,0,0,0,0,0,0,2
109,57,0,0,2,0,0,1,0,0,0,0,0,0,0,0,0,0,0,0,0,0,3
109,98,1,0,0,0,0,0,0,0,0,0,0,0,0,0,0,0,0,0,0,0,1
109,105,0,0,1,0,0,0,2,0,1,0,0,0,0,0,0,0,1,0,0,0,5
109,114,0,0,0,0,0,0,0,0,0,0,0,0,0,0,0,1,0,0,0,0,1
110,57,0,0,0,0,0,1,0,0,0,0,0,0,0,0,0,0,0,0,0,0,1
110,70,0,0,0,0,0,0,0,0,0,0,0,0,0,0,0,1,0,0,1,0,2
110,77,1,0,0,0,0,0,0,0,0,0,0,0,0,0,0,0,0,0,0,0,1
110,98,1,0,0,0,0,0,0,0,0,0,0,0,1,0,0,0,0,0,0,0,2
110,105,2,0,0,0,0,0,0,0,0,0,0,0,0,0,0,0,0,0,1,0,3
110,106,0,0,0,0,0,0,0,0,0,0,0,0,0,0,0,0,0,0,1,0,1
110,107,0,0,0,0,0,0,0,0,0,0,0,0,0,0,0,0,0,1,1,0,2
110,112,0,0,3,0,0,3,4,0,0,2,0,0,3,0,2,0,0,0,3,0,20
110,113,0,0,3,0,0,0,1,0,0,0,0,0,0,0,0,0,0,0,2,0,6
110,114,0,0,1,0,0,0,1,0,0,0,0,0,0,0,0,0,0,0,0,0,2
111,60,0,0,0,0,0,1,0,0,0,0,0,0,0,0,0,0,0,0,0,0,1
111,70,0,0,0,0,0,0,0,0,0,0,0,0,0,0,0,0,0,0,1,0,1
111,71,0,0,0,0,0,0,1,0,0,0,0,0,0,0,0,1,0,0,0,0,2
111,81,1,0,0,0,0,1,0,0,0,0,0,0,0,1,1,0,0,2,0,0,6
111,86,3,0,0,0,0,0,0,0,0,0,0,0,0,0,0,0,0,0,0,0,3
111,87,0,0,0,0,0,0,0,0,0,0,0,0,0,0,0,0,0,0,1,0,1
111,109,0,0,0,0,0,0,1,0,0,0,0,0,0,0,0,0,0,0,0,0,1
111,110,2,0,2,0,0,4,7,0,2,0,0,0,2,0,0,0,0,0,2,0,21
111,111,0,0,0,0,0,1,0,0,1,0,0,0,1,1,0,0,2,0,2,0,8
111,112,0,0,6,0,0,4,9,1,2,1,0,0,7,1,0,1,2,4,7,0,45
111,113,0,0,6,0,2,0,4,0,1,0,0,0,3,0,0,1,3,3,7,0,30
112,51,0,0,0,0,0,0,1,0,0,0,0,0,0,0,0,0,0,0,0,0,1
112,52,1,0,0,0,0,0,0,0,0,0,0,0,0,0,0,0,0,0,0,0,1
112,54,0,0,1,0,0,0,0,0,0,0,0,0,0,0,0,0,0,0,0,0,1
112,61,2,0,0,0,0,1,1,0,0,0,0,0,0,0,0,0,0,0,0,0,4
112,75,0,0,0,0,0,0,0,0,0,0,0,0,0,0,0,0,0,0,1,0,1
112,76,1,0,4,0,0,1,1,0,0,0,0,0,0,0,1,1,0,1,2,0,12
112,78,1,0,0,0,0,0,0,0,0,0,0,0,0,0,0,0,0,0,0,0,1
112,81,0,0,2,1,0,0,1,0,2,0,0,0,0,0,0,1,1,0,0,0,8
112,100,0,0,0,0,0,0,0,0,0,0,0,0,1,0,0,0,0,0,0,0,1
112,101,0,0,0,0,0,0,0,0,0,0,0,0,1,0,0,0,0,0,0,0,1
112,109,0,0,1,0,0,0,3,0,0,0,0,0,0,0,0,2,1,1,0,0,8
112,110,4,0,8,0,3,4,17,0,7,2,1,2,11,0,3,4,3,7,12,0,88
112,111,0,0,2,0,0,0,2,0,1,0,0,0,1,0,0,0,0,0,0,0,6
112,112,0,0,2,0,0,4,1,0,1,0,0,1,1,2,0,0,0,1,2,0,15
112,113,0,0,0,0,0,0,0,0,0,0,0,0,0,0,0,0,0,1,0,0,1
113,58,1,0,0,0,0,0,0,0,1,0,0,0,0,0,0,0,0,0,1,0,3
113,71,0,0,0,0,0,1,0,0,0,0,0,0,0,0,0,0,0,0,0,0,1
113,75,1,0,0,0,0,0,3,1,0,0,0,0,0,0,0,0,0,1,0,0,6
113,101,0,0,0,0,0,0,0,0,0,0,0,0,0,0,0,0,0,0,1,0,1
113,109,0,0,5,0,1,0,3,0,1,0,0,0,0,0,0,0,0,2,1,0,13
113,110,1,0,2,0,0,2,0,0,1,0,0,0,0,0,0,0,0,0,0,0,6
114,48,0,0,0,0,0,0,0,1,0,0,0,0,0,0,0,0,0,0,0,0,1
114,53,0,0,0,0,0,1,0,0,0,0,0,0,0,0,0,0,0,0,0,0,1
114,58,1,0,1,0,0,0,0,0,0,0,0,0,0,0,0,0,0,0,0,0,2
114,71,0,0,3,0,0,1,2,0,0,0,0,0,2,0,0,0,0,0,1,0,9
114,72,0,0,0,0,0,0,0,0,0,0,0,0,0,0,0,0,0,0,1,0,1
114,73,0,0,0,0,0,4,1,0,0,2,0,0,0,0,0,0,0,0,0,0,7
114,83,0,0,0,0,0,0,0,0,0,0,0,0,0,0,0,1,0,0,1,0,2
114,84,1,0,1,0,0,0,0,0,0,0,0,0,0,0,0,0,0,0,0,0,2
114,85,0,0,0,0,0,0,0,0,0,0,0,0,0,0,1,0,0,0,2,0,3
114,97,0,0,0,0,0,2,0,0,0,0,0,0,0,0,0,0,0,1,1,0,4
114,102,0,0,0,0,0,1,0,0,0,0,0,0,0,0,0,0,0,0,0,0,1
114,106,0,0,0,0,0,1,0,0,1,0,0,0,0,0,0,0,1,0,0,0,3
114,109,2,0,0,0,0,0,1,0,0,0,0,0,1,0,0,0,0,0,0,0,4
114,119,0,0,0,0,0,0,0,1,0,0,0,0,0,0,0,0,0,0,0,0,1
115,54,0,0,0,0,0,1,2,0,0,0,0,0,0,0,0,0,0,0,0,0,3
115,65,0,0,0,0,0,1,1,0,0,0,0,0,0,0,0,1,0,0,0,0,3
115,66,0,0,0,0,0,1,0,0,0,0,0,0,0,0,0,0,0,0,0,0,1
115,68,0,0,1,0,0,1,0,0,0,0,0,0,0,0,0,0,0,0,0,0,2
115,69,0,0,3,0,0,1,1,0,0,0,0,0,0,0,0,0,0,0,2,0,7
115,70,0,0,2,0,0,3,1,2,3,0,0,0,1,0,0,0,0,0,0,0,12
115,71,4,0,5,0,0,4,10,2,4,4,2,0,10,2,2,6,4,4,16,0,79
115,72,0,0,2,0,0,8,10,1,2,1,0,0,4,0,0,2,1,3,8,0,42
115,73,0,0,4,1,0,6,4,2,4,0,0,0,0,0,0,0,0,1,3,0,25
115,77,0,0,0,0,0,0,1,0,0,0,0,0,0,0,0,0,0,0,0,0,1
115,78,0,0,0,0,0,0,0,0,0,0,0,0,0,0,0,0,0,0,1,0,1
115,79,0,0,0,0,0,0,1,0,0,0,0,0,0,0,0,0,0,0,0,0,1
115,80,1,0,0,0,0,1,1,0,0,0,0,0,0,0,0,0,0,0,1,0,4
115,82,0,0,0,0,0,1,0,0,0,0,0,0,0,0,0,0,0,0,0,0,1
115,83,1,0,1,0,0,0,0,0,1,0,0,0,0,0,0,0,0,0,0,0,3
115,92,0,0,0,0,0,0,0,0,0,0,0,0,1,0,0,0,0,0,0,0,1
115,97,0,0,0,0,0,0,1,0,0,0,0,0,0,0,0,0,0,0,0,0,1
115,99,0,0,0,0,0,0,0,0,0,0,1,0,0,0,0,0,1,0,0,0,2
115,102,0,0,0,0,0,2,0,0,2,0,0,0,0,0,0,0,0,0,1,0,5
115,106,1,0,0,0,0,0,1,0,1,0,0,0,2,0,0,1,0,0,2,0,8
115,121,0,0,0,0,0,1,3,1,0,0,0,0,0,0,0,0,0,1,0,0,6
116,54,1,0,1,0,0,3,1,0,1,0,0,0,1,2,1,1,0,1,1,0,14
116,60,4,0,2,0,0,1,1,0,1,0,0,0,0,0,1,0,0,1,3,0,14
116,61,0,0,0,0,0,0,1,0,0,1,0,0,1,0,0,1,0,0,0,0,4
116,62,0,0,2,0,0,1,0,0,0,0,0,0,0,0,0,0,0,0,0,0,3
116,63,0,0,0,0,0,1,1,0,0,0,0,0,0,0,0,0,0,0,1,0,3
116,64,0,0,3,0,0,2,1,0,0,0,0,0,0,0,0,0,0,0,0,0,6
116,65,0,0,2,0,0,3,1,0,0,1,0,0,0,0,0,0,0,0,0,0,7
116,66,0,0,0,0,0,0,1,0,0,0,0,0,1,0,0,0,0,0,0,0,2
116,68,0,0,2,0,0,1,2,0,0,0,0,1,0,0,0,0,0,0,0,0,6
116,69,1,0,5,0,0,2,6,1,1,0,0,0,4,0,0,0,0,0,0,0,20
116,70,2,0,4,0,0,1,6,1,1,2,0,0,1,0,0,3,5,1,7,0,34
116,71,7,0,21,1,1,7,44,4,7,6,1,0,14,1,1,4,5,8,23,0,155
116,72,2,0,6,1,1,3,8,0,1,1,1,0,5,0,0,0,0,1,11,0,41
116,73,0,0,3,0,2,1,4,1,1,0,0,0,1,0,0,0,0,0,1,0,14
116,74,1,0,1,0,0,0,1,0,2,0,0,0,0,0,0,0,0,0,0,0,5
116,75,1,0,0,0,0,0,0,0,0,0,0,0,0,0,0,0,0,0,0,0,1
116,76,1,0,2,0,0,1,2,0,0,0,0,0,0,0,0,0,0,1,1,0,8
116,79,0,0,0,0,0,0,0,1,0,0,0,0,0,0,0,0,0,0,0,0,1
116,97,1,0,0,0,0,0,0,0,0,0,0,0,0,0,0,0,0,0,1,0,2
116,101,0,0,0,0,0,0,0,0,1,0,0,0,1,0,0,0,1,0,0,0,3
116,102,0,0,0,0,0,1,0,2,2,0,0,0,0,1,0,0,0,0,0,0,6
116,103,1,0,3,0,0,0,6,0,1,0,0,0,1,0,1,1,0,0,2,0,16
116,104,0,0,0,1,0,0,1,0,0,0,0,0,0,0,0,0,1,0,0,0,3
116,108,0,0,1,0,0,0,0,0,0,0,0,0,0,0,0,0,1,1,0,0,3
116,119,3,0,1,0,0,0,0,1,0,0,0,0,0,0,0,0,0,0,0,0,5
117,54,1,0,3,0,0,2,0,0,0,0,0,0,0,0,0,0,0,0,0,0,6
117,59,1,0,0,0,0,0,0,0,0,0,0,0,0,0,0,0,0,0,0,0,1
117,60,0,0,2,0,0,0,0,0,0,0,0,0,0,0,0,0,0,0,0,0,2
117,62,0,0,2,0,0,0,2,1,0,0,0,0,0,0,0,0,0,0,1,0,6
117,70,0,0,0,0,0,0,0,0,0,0,0,0,0,1,0,0,0,0,1,0,2
117,71,0,0,0,0,0,1,2,0,0,0,0,0,0,0,0,0,0,0,1,0,4
117,72,0,0,0,0,0,1,0,0,0,0,0,0,0,0,0,0,0,0,0,0,1
117,85,0,0,0,0,0,1,0,0,0,0,0,0,0,0,0,0,0,0,1,0,2
117,103,0,0,1,0,0,0,0,0,0,0,0,0,0,0,0,0,0,0,0,0,1
117,111,0,0,0,0,0,0,0,0,0,0,0,0,0,0,0,0,0,1,0,0,1
118,50,0,0,0,0,0,1,1,0,0,0,0,0,0,0,0,0,0,0,0,0,2
118,51,0,0,0,0,0,0,0,0,1,0,0,0,0,0,0,0,0,0,0,0,1
118,62,0,0,1,0,0,0,0,0,0,1,0,0,1,0,1,1,0,0,2,0,7
118,67,3,0,1,0,0,0,0,0,0,0,0,0,0,0,0,1,0,0,0,0,5
118,68,0,0,0,0,0,0,0,0,0,0,0,0,0,0,0,0,0,0,1,0,1
118,71,2,0,1,0,0,1,2,0,0,0,0,0,0,0,0,0,0,0,0,0,6
118,75,0,0,1,0,0,1,1,0,1,0,0,0,1,0,0,0,0,0,1,0,6
118,81,0,0,0,0,0,0,0,0,0,0,0,0,1,0,0,0,0,0,0,0,1
118,82,0,0,0,0,0,0,1,0,0,0,0,0,0,0,0,0,0,0,0,0,1
118,94,0,0,0,0,0,0,0,0,1,0,0,0,0,0,0,0,0,0,0,0,1
118,105,0,0,0,0,0,0,3,0,0,0,0,0,0,0,0,0,0,0,2,0,5
119,54,1,0,1,0,0,2,0,0,1,0,0,0,0,0,0,0,0,0,0,0,5
119,62,0,0,0,0,0,0,1,1,0,0,0,0,0,0,0,0,0,0,0,0,2
119,71,0,0,0,0,0,0,0,0,0,0,0,0,0,0,0,0,0,1,0,0,1
119,75,2,0,0,0,0,0,1,0,0,0,0,0,0,0,1,1,0,0,1,0,6
119,76,1,0,0,0,0,1,1,1,0,0,0,0,0,1,0,0,0,0,0,0,5
119,82,5,0,1,1,0,0,2,0,0,0,0,0,0,0,0,0,0,2,1,0,12
119,87,0,0,0,0,0,0,0,0,0,0,0,0,0,0,0,0,0,1,0,0,1
119,88,2,0,0,0,1,0,2,0,0,0,0,0,0,0,0,0,0,0,1,0,6
119,95,0,0,0,0,0,1,0,0,0,0,0,0,0,0,0,0,0,0,0,0,1
119,103,0,0,0,0,0,1,0,0,0,0,0,0,0,0,0,0,0,0,0,0,1
119,117,1,0,0,0,0,0,0,0,0,0,0,0,0,0,0,0,0,0,1,0,2
119,122,0,0,0,0,0,0,0,0,0,0,0,0,0,0,0,0,0,0,1,0,1
119,124,0,0,0,0,0,1,0,0,0,0,0,0,0,0,0,0,0,0,0,0,1
120,63,0,0,1,0,0,0,0,0,0,0,0,0,0,0,0,0,0,0,0,0,1
120,68,1,0,0,0,0,0,0,0,0,0,0,0,0,0,0,0,0,0,0,0,1
120,82,1,0,0,0,0,0,0,0,0,0,1,0,0,0,0,0,0,0,1,0,3
120,88,1,0,0,0,0,0,0,0,0,0,0,0,0,0,0,0,0,0,0,0,1
120,103,0,0,1,0,0,1,0,0,0,0,0,0,0,0,0,0,0,0,0,0,2
120,121,0,0,0,1,0,0,0,0,0,0,0,0,0,0,0,0,0,0,0,0,1
120,122,0,0,0,0,0,1,0,0,0,0,0,0,1,0,1,0,0,1,0,0,4
121,50,0,0,0,0,0,0,0,0,0,1,0,0,0,0,0,0,0,0,0,0,1
121,63,0,0,0,0,0,1,0,0,0,0,0,0,0,0,0,0,0,0,0,0,1
121,64,0,0,0,0,0,0,0,0,0,1,0,0,0,0,0,0,0,0,0,0,1
121,76,0,0,0,0,0,0,0,1,0,0,0,0,0,0,0,0,0,0,0,0,1
121,85,0,0,0,0,0,2,0,0,1,0,0,0,0,0,0,0,0,0,0,0,3
121,86,1,0,0,0,0,0,0,0,1,0,0,0,0,0,1,0,0,0,2,0,5
121,87,2,0,0,0,0,0,1,0,0,0,0,0,0,0,0,0,0,0,0,0,3
121,99,0,0,0,0,0,1,1,0,0,0,0,0,0,0,0,0,0,0,0,0,2
121,105,0,0,1,0,0,0,3,0,0,0,0,0,0,0,0,0,0,0,1,0,5
121,106,0,0,4,0,0,0,2,1,1,0,0,0,1,0,0,0,0,0,2,0,11
121,114,1,0,0,0,0,0,0,0,0,0,0,0,0,0,0,0,0,0,0,0,1
122,49,0,0,0,0,0,0,1,0,0,0,0,0,1,0,0,1,0,0,0,0,3
122,50,0,0,0,0,0,1,1,0,1,0,0,0,0,0,1,0,0,0,0,0,4
122,64,0,0,0,0,0,1,0,0,0,0,0,0,0,0,0,0,0,0,0,0,1
122,74,0,0,1,0,0,0,0,0,0,0,0,0,0,0,0,0,0,0,0,0,1
122,76,1,0,0,0,0,0,0,0,1,0,0,0,0,0,0,0,0,0,0,0,2
122,86,0,0,0,0,0,0,0,0,0,0,0,0,0,0,0,1,0,0,0,0,1
122,105,2,0,0,0,0,3,3,0,1,0,0,0,1,0,0,0,0,0,2,0,12
122,106,1,0,2,0,0,2,5,1,0,0,0,0,0,0,1,1,0,0,4,0,17
123,45,0,0,1,0,0,0,0,0,0,0,0,0,0,0,0,0,0,0,0,0,1
123,48,0,0,1,0,0,0,0,0,0,0,0,0,0,0,0,0,0,0,0,0,1
123,55,1,0,0,0,0,0,1,0,0,0,0,0,0,0,0,1,0,0,0,0,3
123,56,0,0,0,0,0,0,0,0,1,0,0,0,0,0,0,0,0,0,0,0,1
123,70,0,0,0,0,0,1,0,0,1,0,0,0,0,0,0,0,0,0,0,0,2
123,95,0,0,1,0,0,0,0,0,0,0,0,0,0,0,0,0,0,0,0,0,1
123,125,0,0,0,0,0,1,0,0,0,0,0,0,0,0,0,0,0,0,0,0,1
124,45,0,1,1,0,0,0,0,0,0,0,0,0,0,0,1,0,0,0,0,0,3
124,46,0,0,3,0,0,2,0,1,0,0,0,0,0,0,0,1,0,0,0,0,7
124,47,0,0,0,0,0,0,1,0,0,0,0,0,0,0,0,0,0,0,0,0,1
124,55,2,0,1,1,0,0,0,0,0,0,0,0,1,0,1,0,0,0,2,0,8
124,77,3,0,0,0,0,0,0,0,0,0,0,0,1,0,0,0,0,0,0,0,4
124,78,0,0,0,0,0,0,0,0,0,0,0,0,0,0,0,0,0,0,2,0,2
124,95,0,0,0,0,0,0,1,0,0,0,0,0,0,0,0,0,0,0,1,0,2
124,96,1,0,1,0,1,5,2,0,1,0,0,0,1,0,0,0,0,1,3,0,16
124,97,0,0,0,0,0,0,0,0,0,0,0,0,0,0,0,0,0,0,1,0,1
124,103,0,0,0,0,0,0,0,0,0,0,0,0,0,1,0,0,0,0,0,0,1
124,115,1,0,0,0,0,0,0,0,0,0,0,0,0,0,0,0,0,0,0,0,1
124,116,0,0,0,0,0,0,0,0,0,0,0,0,0,1,0,0,0,0,1,0,2
124,123,0,0,9,1,1,1,1,0,0,1,0,0,10,5,0,0,0,2,3,0,34
124,124,0,0,1,0,2,1,1,0,0,0,0,0,1,0,1,0,0,2,0,0,9
124,125,0,0,0,0,0,0,1,1,0,0,0,0,2,1,0,1,0,1,0,0,7
125,45,0,0,1,0,0,0,0,0,0,0,0,0,1,0,0,0,0,0,0,0,2
125,77,0,0,0,0,0,1,0,0,0,0,0,0,0,0,0,0,0,0,0,0,1
125,78,2,0,2,0,1,0,1,0,1,0,0,0,0,2,1,1,1,0,1,0,13
125,89,0,0,0,0,0,0,0,0,0,0,0,0,0,0,0,0,0,1,0,0,1
125,90,1,0,0,0,0,0,0,0,0,0,0,0,0,0,0,0,0,0,0,0,1
125,91,0,0,1,0,0,0,0,0,0,0,0,0,0,0,0,0,0,0,0,0,1
125,94,0,0,0,0,0,0,1,1,0,0,0,0,0,0,0,0,0,0,0,0,2
125,95,1,0,1,0,0,3,0,1,0,1,0,0,2,0,0,0,0,0,4,0,13
125,96,0,0,4,0,2,4,10,3,2,0,0,0,1,0,1,1,0,6,6,0,40
125,97,0,0,1,0,0,2,3,2,0,0,0,0,0,0,0,0,0,1,0,0,9
125,102,0,0,0,0,0,0,0,0,0,0,0,0,0,0,0,0,0,0,1,0,1
125,103,1,0,3,0,0,7,4,2,1,0,0,0,3,1,0,0,0,0,2,0,24
125,104,0,0,0,0,0,0,0,1,0,0,0,0,0,0,0,0,0,0,0,0,1
125,116,2,0,0,0,0,3,1,0,0,0,0,0,1,1,1,1,0,0,5,0,15
125,123,0,0,1,0,0,3,8,1,3,1,0,0,2,1,0,2,3,6,7,0,38
125,124,2,0,6,0,1,0,17,1,5,4,0,2,7,1,4,6,7,10,16,0,89
125,125,1,0,0,0,0,0,0,0,0,0,0,0,0,0,0,0,0,0,2,0,3
125,126,0,0,0,0,0,1,0,0,1,0,0,0,0,0,0,0,0,0,0,0,2
125,127,0,0,0,0,0,0,1,0,0,0,0,0,0,0,0,0,0,0,0,0,1
126,51,0,0,1,0,0,0,1,0,0,0,0,0,0,0,0,0,0,0,0,0,2
126,68,1,0,0,0,0,0,3,0,1,0,0,0,0,0,0,0,0,0,1,0,6
126,69,0,0,1,0,0,0,1,1,0,0,0,0,1,0,0,0,0,0,0,0,4
126,77,1,0,0,0,0,3,0,0,0,0,0,0,0,0,0,0,0,0,0,0,4
126,78,0,0,0,0,0,0,1,0,0,0,0,0,0,0,0,0,0,0,0,0,1
126,79,0,0,0,0,0,1,0,0,0,0,0,0,0,0,0,0,0,0,0,0,1
126,81,0,0,1,0,0,0,0,0,0,0,0,1,0,0,0,0,0,0,0,0,2
126,89,0,0,1,0,0,3,1,0,1,0,0,0,0,1,1,1,0,0,2,0,11
126,90,0,0,0,0,0,1,0,0,0,0,0,0,0,0,0,0,0,0,0,0,1
126,94,0,0,0,0,0,0,1,0,0,0,0,0,0,0,0,0,0,0,0,0,1
126,96,2,0,3,0,0,2,6,0,4,0,0,0,2,0,0,0,0,0,3,0,22
126,97,4,0,0,1,0,0,5,1,4,0,0,0,5,2,0,1,0,0,1,0,24
126,102,1,0,2,0,0,2,0,0,0,1,0,0,0,0,0,1,0,0,1,0,8
126,103,0,0,0,0,0,0,1,1,2,0,0,0,0,0,0,0,0,0,0,0,4
126,123,0,0,6,0,0,2,5,0,2,1,0,0,1,0,0,0,1,0,0,0,18
126,124,0,0,0,0,0,1,3,0,0,0,0,1,2,0,0,1,0,0,4,0,12
126,125,0,0,0,0,0,0,0,0,0,0,0,0,0,0,0,0,0,0,1,0,1
126,126,0,0,0,0,0,1,2,0,0,0,0,0,1,0,0,0,0,0,3,0,7
127,51,0,0,0,0,0,1,2,0,0,0,0,0,0,0,0,0,1,0,0,0,4
127,52,0,0,1,0,0,0,0,0,1,0,0,0,0,0,0,0,0,0,0,0,2
127,70,2,0,1,0,0,0,0,0,0,0,0,0,1,0,1,2,0,2,3,0,12
127,72,0,0,0,0,0,1,0,0,0,0,0,0,0,0,0,0,0,0,0,0,1
127,76,0,0,1,0,0,0,0,0,0,0,0,0,0,0,0,0,0,0,1,0,2
127,88,0,0,1,0,0,0,1,0,0,0,0,0,0,0,0,0,0,0,1,0,3
127,97,0,0,3,0,1,4,7,3,0,0,0,0,2,0,0,0,0,0,2,0,22
127,102,2,0,2,0,0,2,9,5,4,1,0,0,1,0,0,0,0,1,2,0,29
127,123,0,0,0,0,0,0,0,1,0,0,0,0,0,1,0,0,0,0,0,0,2
