x,y,Ind,Ind_0_3,Ind_11_17,Ind_18_24,Ind_25_39,Ind_40_54,Ind_4_5,Ind_55_64,Ind_65_79,Ind_6_10,Ind_80p,Ind_inc,Ind_snv,imputed
0,1,3,0.1,0.3,0.4,0.3,0.9,0,0.3,0.3,0.2,0.2,0,82820.9,1
0,2,8,0.3,0.6,1.1,0.9,2.2,0,1,1.1,0.4,0.4,0,217702.8,2
0,3,11,0.6,0.3,0.9,1,2.4,0,2.8,2.8,0.2,0,0,286335.7,2
0,4,56,2.1,2.5,3.7,7.7,13.5,3,13,8,1.5,1,0,1699530.3,3
0,5,54,2.5,4.3,6.3,6.7,11.4,1.6,7,6.3,1.2,0.6,6.1,1307424.5,2
0,6,61,2.8,3.1,4.1,8.5,12.3,2.4,9.1,12.8,1.9,2.4,1.6,1657797.2,2
0,7,40.5,0.8,5,1.8,4.7,8.9,1.3,5.5,7.7,2.5,0.8,1.5,1018441.3,3
0,8,4,0.1,0.5,0.2,0.4,0.9,0.1,0.5,0.8,0.3,0.1,0.1,99568.6,1
0,71,88,4,5.8,3.3,13.2,17.5,1.3,16.1,17.7,2.8,4.5,1.8,1893348.9,3
0,72,37.5,0.6,1.5,0.8,5.8,6.3,0.5,8.7,8,2.1,2.1,1.1,862320.8,4
0,73,13,0.6,0.2,0.2,2.1,2.3,0.2,2.3,3.2,0.8,1.1,0,324367.7,2
1,1,9,0.3,0.8,1.4,1.1,2.7,0,0.8,0.8,0.5,0.6,0,248462.8,1
1,2,3,0.2,0.1,0.2,0.2,0.7,0,0.7,0.8,0.1,0,0,78091.6,1
1,5,6.5,0.3,0.3,0.3,1.3,1.1,0.5,0.8,1,0.2,0.5,0.2,184136.5,2
1,6,4,0.2,0.2,0.2,0.8,0.7,0.3,0.5,0.6,0.1,0.3,0.1,113314.8,1
1,8,27,0.5,3.6,1.2,2.9,6.1,0.7,3.7,5.1,1.7,0.5,1,672087.8,1
1,9,34,0.6,4.5,1.6,3.6,7.7,0.9,4.6,6.5,2.2,0.6,1.2,846332.7,3
1,10,32,0,3.5,0.3,4,8,0.3,5.7,6.6,1.8,0,1.8,818176.9,3
1,11,5,0,0.5,0.1,0.6,1.3,0,0.9,1,0.3,0,0.3,127840.1,1
1,35,2,0.1,0.3,0,0.4,0.4,0.2,0.1,0.2,0.1,0.2,0,32518.2,1
1,49,2,0,0.2,0.2,0,0.7,0,0.2,0.4,0.2,0.1,0,45377.2,1
1,71,48.5,0,0.4,2.2,9,12.2,3.1,8.9,11.2,0.9,0.2,0.4,998357.6,2
1,72,33,0.9,1,0.6,5.2,5.7,0.6,7.1,7.4,1.8,2.1,0.6,781477.5,4
1,73,19,0.8,0.4,0.4,3.1,3.4,0.3,3.4,4.6,1.1,1.5,0,474075.8,3
1,74,2,0.1,0,0,0.3,0.4,0,0.4,0.5,0.1,0.2,0,49902.7,1
2,1,88.5,1.7,12.7,5,10.8,25.7,1.2,11.2,4.6,9.8,1.5,4.3,2243851.9,2
2,3,2,0.1,0.3,0,0.4,0.5,0,0.4,0.1,0.1,0,0.1,46924.4,1
2,9,51,5.1,3.2,2.4,15,11.1,2.3,3.3,2.6,5.6,0.1,0.3,1398626.2,2
2,10,73,0.8,8.7,1.8,9.9,17.6,2.6,10.7,12.2,5,0.9,2.8,1850026.2,3
2,11,56,1.4,5.9,1.1,7.7,12.8,0.7,9.4,9.8,3.9,1.4,1.9,1498182.2,4
2,12,57,0.9,4.4,1.8,8.8,10.9,1.5,11.1,11.4,4.8,0.2,1.2,1586572.1,2
2,14,3,0.2,0.3,0.1,0.5,0.7,0.1,0.5,0.2,0.2,0,0.2,69954.4,1
2,15,33,1.4,1.6,2.9,6,8,0.3,5.4,2.9,2.3,1.4,0.8,864046,2
2,16,50,2.3,5.4,1.7,6.5,10.9,2.1,6.3,9.7,1.6,1.3,2.2,1169919.2,1
2,20,31,1.3,4.3,0.2,5.1,7.7,1.5,4.1,5.3,1.5,0,0,767212,1
2,21,9,0.4,0.3,0.2,2.3,1.9,0.6,2.3,0.4,0.6,0,0,210260.4,1
2,35,3,0.2,0.4,0.1,0.7,0.5,0.2,0.2,0.3,0.2,0.2,0,48777.2,1
2,42,5,0,0.4,0.5,0,1.8,0,0.6,1.1,0.4,0.2,0,113443,2
2,72,8,0.3,0.2,0.2,1.3,1.4,0.1,1.4,2,0.5,0.6,0,199610.9,1
2,73,15,0.6,0.3,0.3,2.4,2.6,0.3,2.7,3.7,0.9,1.2,0,374270.4,3
3,0,36,0.8,2.6,2.3,6.7,7.3,0.6,6,4.1,3,1.7,0.9,970608.2,4
3,1,89,2.4,6,6.5,14.2,20.4,1.1,14.2,11.4,6.6,3.8,2.4,2425724.1,3
3,2,23,0.6,1.6,1.4,4.2,4.7,0.4,3.8,2.6,1.9,1.2,0.6,620110.8,1
3,4,26,1.3,3.4,0.7,4.8,6.6,0,5.6,1.1,1.1,0.7,0.7,610017.3,2
3,5,48,2.2,5,2.2,5.6,11.5,1.6,7.1,7.1,3.2,1.6,0.9,1070792,3
3,8,2,0,0.2,0.1,0.2,0.5,0.1,0.4,0.2,0.2,0.1,0,49732.2,1
3,10,26,1.1,2.5,0.7,3.8,5.6,0.4,4.2,3.9,2.1,1.2,0.5,718696.5,2
3,11,77,2.8,8.2,2.1,10.3,14.2,1.6,10.1,16.3,6.5,3,1.9,1926848.8,2
3,12,44,1.9,4.3,1.3,6.8,9.7,0.7,7.2,5.8,3.6,1.6,1.1,1173015.4,3
3,13,191,4.4,22.8,13.3,30.3,48,5.2,19.3,16.5,15.7,9.1,6.4,3889711.2,2
3,14,487,20.7,53.5,21.1,101.5,111.6,11.4,44.5,50.1,38.7,24.2,9.7,9993763.5,1
3,15,188.5,2.7,30.3,6.5,19.1,50.1,2.2,22.8,24.5,15.2,9.7,5.4,4847191.7,1
3,16,22,1,1,1.9,4,5.3,0.2,3.6,1.9,1.5,1,0.6,576030.6,1
3,20,8,0.3,0.3,0.2,2.1,1.7,0.5,2.1,0.3,0.5,0,0,186898.2,2
3,72,2,0.1,0,0,0.3,0.4,0,0.4,0.5,0.1,0.2,0,49902.7,1
3,73,1,0,0,0,0.2,0.2,0,0.2,0.2,0.1,0.1,0,24951.4,1
4,0,20,0.5,1.4,1.3,3.6,4,0.4,3.3,2.2,1.6,1.1,0.6,539226.7,3
4,2,54,1.3,4.2,3.3,8.6,13.9,1.2,8.8,6.1,3.7,2.1,0.8,1221319.2,2
4,3,23,1.3,3.1,0.6,4.3,5.8,0,4.9,0.9,0.9,0.6,0.6,539630.7,2
4,4,41,4.4,7.8,3.1,2.1,14.6,0,3.3,1.3,3.2,0.1,1.1,895968.4,2
4,5,60,2.8,6.2,2.8,7,14.3,2,8.9,9,3.8,2,1.2,1338490,4
4,6,42,1.9,4.4,1.9,4.9,10.1,1.3,6.3,6.3,2.7,1.4,0.8,936943,3
4,7,4,0.1,0.4,0.2,0.5,0.9,0.1,0.6,0.7,0.3,0.1,0.1,89232.7,2
4,8,8,0,0.7,0.3,0.9,2.1,0.4,1.6,0.8,0.7,0.4,0.1,198928.8,3
4,9,41,0,3.2,1.7,4.7,10.9,2.3,8.6,4,3.2,1.7,0.7,1019510.4,4
4,10,24,0.9,2.4,0.6,3.6,5.1,0.3,3.9,3.6,1.9,1.2,0.5,663412.1,3
4,11,93,3.5,7.1,6.3,9.6,20.3,1.2,12.7,17.6,2.9,8.5,3.3,2331535.1,2
4,12,98.5,4.2,5.1,6.1,15.9,16.3,2.1,23,13.9,5.5,5.3,1.1,2569023.6,1
4,13,341,12,27,16.5,51,80,10,35,49,19.5,26,15,7828698.3,0
4,14,190.5,11.4,12.4,9,40.7,31.7,5.7,20.7,18,18.2,21.3,1.4,4101375.9,1
4,15,15,0.7,0.7,1.3,2.7,3.6,0.1,2.5,1.3,1,0.7,0.4,392748.2,2
4,20,21.5,0.9,0.6,0.5,5.5,4.7,1.4,5.6,0.9,1.4,0,0,502288.8,3
5,3,136,6,8.1,8.4,21.7,30.2,4.4,31.3,9.1,13.4,2.2,1.2,3232682.5,1
5,4,29,2,3,1,1,6,0,6,5,2,3,0,804916.7,0
5,5,56,3.5,4.4,2.5,6.4,14.6,2.4,5.5,10.2,4.2,1.8,0.5,1587633,3
5,6,10,0.5,1.3,0.5,1,2.5,0.1,1.6,1.5,0.4,0.4,0.2,252080,2
5,10,87,3.9,7.5,2.4,11.9,18.4,2,20,5.8,6,5.2,3.9,2130489.5,2
5,11,134,6,15,4,21,30,3,22,19,9,3,2,3222709.4,0
5,12,214.5,10.2,17.2,11.9,35.6,44,8.5,26.6,33.4,8.8,13.9,4.4,4862427.1,1
5,13,31,3,5,0,5,4,0,4,3,4,1,2,687151.1,0
5,14,31,1.4,3.6,1.8,3.2,6.1,1.1,3.2,5,0.8,4,0.8,667922.2,2
5,19,18.5,0.8,0.9,1.6,3.3,4.5,0.1,3.1,1.6,1.3,0.8,0.5,484389.3,2
5,20,53.5,0.2,4.6,5.2,9,16.3,0.2,4.4,9.4,2.5,1.5,0.2,1361903.8,2
5,21,18.5,0.3,2,1,2.6,7,0.3,1.9,1.9,0.6,0.6,0.3,370761.8,2
5,73,39,2,3.3,0.1,10.2,6.4,0.1,4.3,12.3,0.1,0.1,0.1,751123.4,1
6,3,68,0,9.2,3.4,5.9,19.1,3.3,11.3,9.2,3.3,1.3,2,1525181.7,4
6,4,19,0,2.6,1,1.7,5.4,0.8,3.1,2.6,0.9,0.4,0.5,426153.7,4
6,5,31,1.6,4,1.6,2.8,7.6,0.5,5.2,4.8,1.3,1,0.6,781448,2
6,6,81.5,4.4,7.4,5.4,11.6,21.7,0.1,9.2,10.1,4.3,2.2,5.1,2116866.9,1
6,7,2,0.1,0.3,0.1,0.2,0.5,0,0.3,0.3,0.1,0.1,0,50416,1
6,9,49,1.3,6.9,3.3,5.8,13.2,3.3,4.7,5.2,3.3,1.3,0.7,1319368.7,3
6,10,135,4.2,10.8,7.9,15.1,26.6,6.5,23.9,21.8,6.6,7.4,4.2,3554160,1
6,11,175.5,7.1,18.1,8.3,23.9,43,5,26.7,15.6,13.4,8.3,6.1,4269573.5,1
6,12,93,2.2,8.5,4.1,9,26.3,0.3,14.1,12.4,5.1,5.9,5.1,2320758.1,2
6,14,2,0.1,0.2,0.1,0.2,0.4,0.1,0.2,0.3,0,0.3,0.1,43091.8,1
6,20,10,0.1,1.1,0.6,1.4,3.8,0.2,1,1,0.3,0.3,0.2,200411.8,2
6,21,15,0.3,1.7,0.8,2,5.6,0.3,1.5,1.5,0.5,0.5,0.3,300617.6,1
6,65,1,0,0,0.1,0.1,0.2,0,0.3,0.3,0,0,0,19951.7,1
6,72,1,0,0.1,0.1,0.1,0.2,0.1,0.1,0.2,0,0,0.1,23904.6,1
6,73,5,0,0.7,0.3,0.5,1,0.3,0.7,0.7,0.2,0.2,0.4,119522.9,1
7,2,3,0.1,0.4,0.3,0.5,0.6,0.1,0.3,0.3,0.3,0.1,0,72088.9,1
7,3,51,1.2,6.7,4,8.3,10.6,2,6.1,5.6,4.5,1.4,0.6,1212706.6,3
7,4,8,0.2,1,0.7,1.4,1.6,0.3,0.9,0.8,0.8,0.2,0.1,192236.9,1
7,5,3,0.1,0.4,0.2,0.3,0.7,0,0.5,0.5,0.1,0.1,0.1,75624,1
7,6,25,1,2.6,1.2,2.4,5.4,0.3,5.7,3.2,1.5,1.2,0.5,616629.1,4
7,7,169,7.3,12.7,8.8,24.4,42.1,3.6,22.4,19.5,12.7,7.3,8.2,4119745.5,2
7,8,115,4.3,14.7,3.8,14.5,36.2,3.8,13.2,8.3,7.8,4.3,4.1,2871895.2,2
7,9,90,3.5,8.5,5.7,18.2,21.3,2.5,17.1,5.7,5.9,1.3,0.3,2208147.2,2
7,10,35,1.8,3.5,1.3,4.8,10,0,2.9,2.7,4,2.2,1.8,755388.8,2
7,11,216,9.6,39.5,9,16.8,64.6,4.5,21,14.2,20.3,9,7.5,5930791,1
7,12,103,6.5,11.6,5.8,12.9,29.1,2.6,11.9,12.7,2.7,3.9,3.3,2717724.1,3
7,13,53,4.6,2.2,4.9,4.9,11.6,3.2,9.3,6.2,0.1,3.9,2.1,1240103,3
7,14,2,0.1,0.2,0.2,0.1,0.4,0,0.5,0.4,0,0.1,0,53366.4,1
7,18,2,0.1,0.1,0.2,0.4,0.5,0,0.3,0.2,0.1,0.1,0,52366.4,1
7,30,4,0.2,0.6,0.1,0.9,0.7,0.3,0.3,0.4,0.2,0.3,0,65036.3,1
7,65,2,0,0,0.1,0.1,0.4,0,0.5,0.7,0.1,0,0.1,39903.3,1
8,1,1,0,0.1,0.1,0.2,0.2,0.1,0.1,0.1,0.1,0,0,24029.6,1
8,2,4,0.1,0.5,0.3,0.7,0.8,0.2,0.5,0.4,0.4,0.1,0,96118.5,1
8,3,72,1,9.7,3.1,11.4,13.1,1.3,13.1,7.6,6.3,3.1,2.3,1842386.9,3
8,4,3,0.1,0.4,0.3,0.5,0.6,0.1,0.3,0.3,0.3,0.1,0,72088.9,1
8,5,2,0.1,0.1,0.1,0.2,0.4,0,0.6,0.2,0.2,0.1,0,47948.6,1
8,6,12,0.3,0.9,0.5,1.1,2.1,0.2,3.7,1.2,1.1,0.7,0.2,287691.4,1
8,7,71,2.6,6.2,3.3,9.2,14.2,1.3,18.7,5.1,5.8,3.2,1.4,1766937,3
8,8,5,0.2,0.6,0.2,1,1.2,0.1,1,0.1,0.4,0.1,0.1,131436.2,1
8,11,42,2.8,5,1.5,8,7.9,1.5,7.1,5.3,2.4,0,0.5,1314269.7,2
8,12,7,0.6,0.2,0.5,1.2,1.6,0.3,1.3,0.7,0.2,0.1,0.3,195682.8,2
8,13,4,0.2,0.4,0.4,0.2,0.9,0,1,0.8,0,0.1,0,106732.8,1
8,29,36,0,0,0,1.7,7.9,0,3.5,17.6,3.5,1.8,0,593540,3
8,30,124,4.6,13,3.9,24.8,20.2,9.1,11.4,17.8,9.1,10.1,0,2197306.2,2
8,67,3,0,0,0.2,0.2,0.6,0,0.8,1,0.1,0,0.1,59855,2
8,77,5,0,0.7,0.3,0.5,1,0.3,0.7,0.7,0.2,0.2,0.4,119522.9,1
9,2,2,0,0.3,0.2,0.3,0.4,0.1,0.2,0.2,0.2,0.1,0,48059.2,1
9,3,7,0.2,0.9,0.6,1.2,1.4,0.3,0.8,0.7,0.6,0.2,0.1,168207.3,1
9,20,1,0,0.1,0.1,0.2,0.4,0,0.1,0.1,0,0,0,20041.2,1
9,29,5,0,0,0,0.2,1.1,0,0.5,2.5,0.5,0.2,0,82436.1,2
9,31,1,0,0.1,0,0.2,0.2,0.1,0.1,0.1,0.1,0.1,0,16259.1,1
9,67,9,0.2,0,0.5,0.5,1.8,0,2.5,3,0.2,0,0.3,179564.9,1
9,73,1,0,0.1,0.1,0.1,0.2,0.1,0.1,0.2,0,0,0.1,23904.6,1
9,74,9,0,1.2,0.6,0.9,1.9,0.6,1.3,1.3,0.3,0.3,0.6,215141.3,1
9,77,6,0,0.8,0.4,0.6,1.2,0.4,0.9,0.9,0.2,0.2,0.4,143427.6,2
10,2,23,1,1.5,0.9,3.3,4.7,0.9,2.7,4.9,1.6,0.9,0.6,550978.5,3
10,3,44,1.9,2.2,1.9,6.1,9.2,1.9,5.3,10.1,3,1.6,0.8,1017964.2,4
10,4,92.5,4,5.2,5,17.2,16.8,3,18.8,15.2,2.1,2.8,2.4,2324085.9,2
10,5,53,0,8,1.3,9.4,14.3,0,7,6,7,0,0,1484996.7,2
10,23,81,0.7,6.6,5.6,10.9,22,1.3,12.1,9.6,5.6,5.6,1,1819045.8,3
10,24,3,0,0.2,0.3,0.3,0.9,0.1,0.4,0.3,0.2,0.3,0,66181,2
10,27,4,0.2,0.4,0.1,0.8,1,0.2,0.5,0.4,0.3,0.1,0,78784.2,1
10,28,24,1,2.7,0.7,5.3,5.8,1,3.1,2.4,1.7,0.3,0,472705.5,3
10,29,13,0.5,1.6,0.4,2.9,3.1,0.5,1.7,1.3,0.9,0.1,0,256048.8,4
10,31,4,0.2,0.4,0,0.2,1.4,0,0.4,1.2,0.2,0,0,97832.2,2
10,32,1,0,0.1,0,0.1,0.4,0,0.1,0.3,0,0,0,24458.1,1
10,67,38,0,2.6,2,2.8,6.9,0.2,5.9,11.3,0.2,5.3,0.8,730599.3,4
10,70,4,0.1,0.3,0.3,0.3,0.8,0,0.9,0.5,0.3,0.5,0,81967.7,2
10,71,10,0.3,0.7,0.7,0.7,1.9,0,2.3,1.4,0.6,1.3,0.1,204919.2,2
10,72,30,0.1,2.4,0.2,2.2,3.7,1,3.9,13.2,1.2,2,0.1,660322.3,1
10,73,35,0.3,2,1,1.1,7.4,0,3.9,14,0.6,4.3,0.4,842215.5,4
10,74,123,12.3,5.6,5.7,24.8,18,2,16.2,25.2,8.5,4.4,0.3,2648750.5,2
10,75,37.5,0.6,1.5,0.6,2.9,3.3,1.3,5.7,14.9,0.6,6.1,0,912074.1,2
10,76,16,0.6,0.9,0.6,1.6,2.7,0.1,3.1,4.9,0.6,0.9,0,420943.3,4
10,77,21,1.7,0.4,0.6,3.6,2.9,0.6,3.6,5.6,0.4,1.1,0.5,540834.8,3
11,0,112.5,3.2,11.2,5.6,15.6,24.6,3.1,17.5,20.1,7.4,2.6,1.6,2915495.3,2
11,1,191,14.4,19,10.2,24.5,56.5,4.4,27.7,13.3,9.8,3.6,7.6,5177963.9,1
11,2,41,3.1,1.1,2.1,17.3,2.4,3.1,2.2,2.5,5.1,1.1,1,941098.7,1
11,3,9,0.4,0.5,0.4,1.2,1.8,0.4,1.1,2.1,0.6,0.3,0.2,208220,2
11,4,48,2.8,2.9,0.8,10.5,9.7,0.8,6.2,9.1,2.3,1.6,1.3,1130583.7,2
11,5,152.5,0,13.6,12,14,47,2,23.2,17.7,14,3,6,4023400.8,2
11,6,18,0,3.8,1.7,1.7,5.6,0,3.9,1.3,0,0,0,436569.2,1
11,22,4,0,0.3,0.3,0.4,1.2,0.1,0.6,0.5,0.3,0.3,0,88241.4,1
11,23,7,0.1,0.5,0.5,0.7,2.1,0.2,1,0.8,0.5,0.6,0,154422.4,2
11,25,3,0.1,0.4,0.1,0.7,0.7,0.1,0.4,0.3,0.2,0,0,59088.2,1
11,26,5,0.3,0.5,0.1,1,1.2,0.3,0.6,0.5,0.4,0.1,0,98480.3,2
11,28,15,0.6,1.7,0.4,3.2,3.7,0.7,1.9,1.5,1.1,0.2,0,295440.9,1
11,29,1,0.1,0.1,0,0.2,0.2,0.1,0.1,0.1,0.1,0,0,19696.1,1
11,30,15,0.6,1.3,0,0.7,5.3,0,1.9,4.5,0.7,0,0,366870.9,2
11,67,53,1,1.3,1.1,12.3,10.8,1.1,3.7,15,2,2.5,2.2,1022745.4,2
11,69,2,0,0.1,0.1,0.2,0.3,0,0.3,0.6,0,0.3,0.1,37633.1,1
11,70,9,0.3,0.6,0.8,0.6,1.7,0,2.1,1.3,0.5,1,0.1,184427.2,3
11,71,184,3,18.8,10.3,24,35.1,2,24.3,39.1,3.6,21.5,2.3,3355030.1,3
11,72,187,4.5,10.3,4.3,25.1,27.8,2,32,48.2,6,26.5,0.3,3786307.1,2
11,73,79,0.1,7.6,1.3,6.3,15.4,0,16.2,20.4,5.2,4.4,2.1,1751593.1,1
11,74,6,0,0.3,0.2,0.2,1.3,0,0.7,2.4,0.1,0.7,0.1,144379.8,1
11,75,3,0.1,0.2,0.1,0.3,0.5,0,0.6,0.9,0.1,0.2,0,78926.9,2
11,76,22.5,0.8,1.2,0.8,2.3,3.9,0.2,4.3,6.9,0.8,1.3,0,591951.5,4
11,77,56,2.5,4,1,9.3,12.1,0.7,9.1,12.8,0.9,1.9,1.7,1467078.6,3
11,78,25,2.7,0,0.5,5.3,2.8,0.7,3.9,6.1,0.5,1.4,1.1,635313.9,3
11,79,2,0.2,0,0.1,0.4,0.2,0.1,0.3,0.5,0,0.1,0.1,50825.1,1
12,0,13,0.7,1.7,0.2,2.2,2.2,0.4,1.5,2,1.1,0.5,0.5,362059.8,1
12,22,6,0.1,0.4,0.4,0.6,1.8,0.2,0.9,0.7,0.4,0.5,0,132362.1,1
12,30,100,3,4.3,7,19.8,27.7,3,11.4,15.8,6,1,1,2445609.3,3
12,31,1,0,0.1,0.1,0.3,0.3,0,0,0.1,0.1,0,0,25994,1
12,35,13,0.6,1.3,0,2.1,3.7,0.6,2,2.1,0.4,0.2,0,299069.2,2
12,36,5,0.3,0.4,0.1,0.9,1.1,0.3,0.6,0.6,0.2,0.5,0,105533.3,1
12,38,4,0.2,0.4,0,0.6,1.1,0.2,0.6,0.7,0.1,0.1,0,92021.3,1
12,39,15,0.7,1.6,0,2.5,4.2,0.7,2.2,2.5,0.4,0.2,0,345079.9,1
12,40,2,0,0.2,0.1,0.2,0.6,0.1,0.4,0.1,0.2,0.1,0,39901.2,1
12,68,11,0.2,0.6,0.4,1,2.8,0,3.2,1.5,0.7,0.5,0.1,267212.7,2
12,69,22,0.2,1.2,1,1.9,4.6,0,4.6,5.1,0.7,2.3,0.4,468719.1,4
12,70,8,0.2,0.6,0.5,0.7,1.5,0,1.8,1.2,0.4,0.9,0.2,165166.3,3
12,71,17,0.5,1.2,1.2,1.5,3,0,3.8,2.7,1,1.8,0.3,350824.4,3
12,72,70.5,0,2.7,6,13.4,12.3,0,13.4,12.5,2.1,7,1.1,1556673.9,1
12,73,36.5,0.1,3.4,0.4,5.5,6.7,0,6,10.8,1,1.7,0.9,825649.7,3
12,78,9,1,0,0.1,1.9,1,0.2,1.5,2.1,0.1,0.6,0.5,228713.1,2
12,79,5,0.5,0,0.1,1,0.6,0.1,0.8,1.2,0.1,0.3,0.3,127062.8,2
13,35,32,2,3,1,7,6,1,7,4,0,1,0,798176.7,0
13,36,36,1.9,1,0.2,6.2,8.9,1.9,5.6,7.6,0.5,2.2,0,791339.6,3
13,37,18,1.1,1.3,0.3,3,4.2,1.1,2.4,2.4,0.7,1.5,0,385615.8,3
13,38,5,0.2,0.5,0,0.8,1.4,0.2,0.8,0.8,0.2,0.1,0,115026.6,1
13,40,50,0.4,10.6,2,6,13.3,1.6,5.9,3.8,3.8,1.6,1,942949.7,1
13,41,27,0.6,2.5,1.6,3.1,8.5,0.9,4.7,1.3,2.8,1,0,538665.9,1
13,42,6,0.1,0.5,0.4,0.7,1.9,0.2,1.1,0.3,0.6,0.2,0,119703.6,2
13,66,1,0,0.1,0,0,0.3,0.1,0.2,0.2,0,0.1,0,21411.7,1
13,67,18,0.2,1.4,0.3,1.1,4.7,0.3,4.7,2.8,0.9,1.2,0.4,417094.7,3
13,68,22,0.5,1.1,0.6,1.9,5.8,0,6.4,2.8,1.6,1,0.3,534425.6,2
13,69,7,0.2,0.3,0.2,0.6,1.8,0,2.1,0.9,0.5,0.3,0.1,170044.5,2
13,71,2,0,0.2,0,0.4,0.4,0,0.4,0.4,0,0,0.2,43445.6,2
13,73,26,0,1,1,4,5,1,6,4,1,2,1,696158.5,0
13,74,1,0,0.1,0,0.2,0.2,0,0.2,0.2,0,0,0.1,21722.8,1
14,36,59.5,3.8,4,1.3,10,13.3,3.8,7.5,7.5,2.6,5.7,0,1255846.1,4
14,37,2,0.1,0.1,0,0.3,0.5,0.1,0.3,0.3,0.1,0.2,0,42213.3,1
14,38,14,0.5,1.4,0,2.3,4,0.6,2.2,2.3,0.5,0.2,0,322074.6,3
14,39,13,0.6,1.3,0,2.1,3.7,0.6,1.9,2.2,0.4,0.2,0,299069.2,2
14,40,6,0.1,0.6,0.4,0.7,1.8,0.2,1.1,0.3,0.6,0.2,0,119703.6,3
14,41,23,0.6,2.2,1.3,2.7,7.2,0.7,4,1,2.4,0.9,0,458863.5,2
14,42,5,0.1,0.4,0.3,0.6,1.6,0.2,0.9,0.2,0.5,0.2,0,99753,1
14,66,7,0,0.8,0,0.1,1.9,0.4,1.5,1.4,0.1,0.7,0.1,149881.9,2
14,67,26.5,0.2,2.5,0.2,1.1,7.1,0.9,6.3,4.6,1,2.1,0.5,590453,4
15,6,23,0.6,2.3,1.4,3.1,6.1,0.7,3.1,2.1,1,1.6,1,558093.8,3
15,7,103,3.2,10.4,6,15.5,25.3,2.4,12.1,16.6,3.8,5.1,2.6,2212120.1,2
15,8,16,0.1,1.4,1.1,1.8,3.8,0.3,3,2.7,0.6,0.8,0.4,371287.3,1
15,10,7,0.1,0.3,0.4,0.7,1.8,0.3,1,1.5,0.3,0.3,0.3,151212.6,3
15,11,1,0,0.1,0.1,0.1,0.3,0,0.2,0.2,0,0,0,21601.8,1
15,35,1,0,0,0.1,0.2,0.2,0,0.2,0.3,0,0,0,17717.8,1
15,36,6,0.3,0.2,0.4,0.9,1,0.1,1,1.5,0.2,0.2,0.2,106307,2
15,37,44.5,2.9,2.1,1.5,7.9,9.5,0.1,6.5,7.4,2.8,2.8,1,975276,4
15,38,85.5,5.8,2.6,1.3,20.9,20.3,1,10.7,10.3,5,5.8,1.8,1900226.1,3
15,39,21,1.4,1,0.4,3.9,4.9,0,3.1,2.9,1.7,1.4,0.3,487470.9,3
15,40,29.5,3.2,3,1.4,4.7,4.7,0,3.3,5.9,0.6,0.9,1.8,557168.9,4
15,41,17,1.8,1.7,0.8,2.6,2.6,0,2,3.4,0.4,0.5,1.2,321080.3,4
15,42,6,0.3,0.2,0.4,0.7,1,0.1,0.8,1.7,0.1,0.6,0.1,133716.3,2
15,65,20,0.5,2,1,0.5,6.8,0.5,1,3.9,0.9,2.9,0,451420.9,3
15,66,9,0.1,0.9,0.5,0.3,3,0.1,0.5,1.8,0.5,1.3,0,203139.4,4
15,67,3,0.1,0.3,0.1,0.1,1,0.1,0.2,0.6,0.1,0.4,0,67713.1,1
15,86,1,0,0.1,0,0.2,0.4,0,0,0.2,0.1,0,0,23186,1
16,0,70,3,5,4,8,16,5,12,7,5,5,0,1588403.3,0
16,1,7,0.4,1,0,1.2,1.6,0,0.2,2,0.4,0,0.2,195663,1
16,3,3,0.1,0.3,0.2,0.3,1,0,0.4,0.4,0.1,0.1,0.1,63950.5,1
16,4,8,0.4,0.8,0.5,0.8,2.8,0.1,1,1.1,0.2,0.2,0.1,170534.7,2
16,5,9,0.3,0.9,0.5,1.2,2.4,0.3,1.2,0.8,0.4,0.6,0.4,218384.5,1
16,6,122,3.7,11.7,6.5,20.5,30.9,3.8,20.5,12.3,8.1,2.9,1.1,2981563.2,2
16,7,15,0.3,1.4,1,1.9,3.7,0.3,2.4,1.9,0.5,1,0.6,356557.9,3
16,8,123,4.1,14.8,5.7,20.1,31.4,3.7,16.9,7.7,11.8,5.5,1.3,2792676.2,1
16,9,47,3.1,3.2,2,5.7,11.6,1.3,11.8,3.6,3.5,0.8,0.4,1286611.6,2
16,10,8,0.1,0.4,0.4,0.8,2,0.3,1.2,1.7,0.3,0.4,0.4,172814.4,3
16,11,37.5,1.1,1.7,1.8,3.6,9.7,1.4,5.4,8.7,1.2,1.4,1.5,810067.3,4
16,12,20,0.5,1,1,1.9,5.2,0.8,2.8,4.5,0.7,0.8,0.8,432036,2
16,13,19,0.8,1.2,0.7,1.9,4.3,0.6,3.6,3.2,1.9,0.6,0.2,470441.9,2
16,14,5,0.2,0.3,0.2,0.5,1.1,0.1,0.9,0.9,0.5,0.2,0.1,123800.5,1
16,15,20,0,2.1,0,2.9,7.9,1.5,0.7,2.1,2.8,0,0,480300.9,2
16,36,3,0.1,0.1,0.2,0.5,0.5,0,0.5,0.8,0.1,0.1,0.1,53153.5,1
16,37,5,0.4,0.2,0.1,0.9,1.1,0,0.7,0.7,0.4,0.4,0.1,116064.5,1
16,38,2,0.1,0.1,0,0.4,0.5,0,0.3,0.3,0.2,0.1,0,46425.8,1
16,39,8,0.5,0.4,0.1,1.5,1.9,0,1.2,1.1,0.7,0.5,0.1,185703.2,2
16,40,8,0.9,0.8,0.3,1.3,1.3,0,0.9,1.6,0.1,0.2,0.6,151096.7,2
16,65,2,0,0.2,0.1,0.1,0.7,0,0.1,0.4,0.1,0.3,0,45142.1,1
16,66,7,0.1,0.7,0.4,0.2,2.4,0.1,0.4,1.4,0.3,1,0,157997.3,2
17,0,107.5,9.6,12.1,1.9,20.7,24.3,2,6.4,18.5,6.4,3.8,1.8,2726326,3
17,1,16,0.9,2,0.7,2.4,5.1,0.4,1,2,0.8,0.3,0.4,360219.4,3
17,2,2,0.1,0.2,0.1,0.2,0.7,0,0.2,0.3,0.1,0.1,0,42633.7,1
17,3,8,0.4,0.7,0.5,0.8,2.8,0.1,0.9,1.1,0.3,0.3,0.1,170534.8,2
17,5,4,0.4,0.3,0,0.6,0.7,0,1,0.3,0.2,0.3,0.2,95704.6,1
17,6,216.5,16.2,18.4,16.2,40.9,39.2,8.1,26.1,24.9,11.8,11.1,3.6,4280197.8,1
17,7,108.5,6.4,4.1,3.7,23.1,24.5,3.2,17.6,17.1,3.9,3.2,1.7,2337937.3,1
17,8,57,5.6,3.2,2.5,10,13,1.4,9.1,7.1,2.9,1.4,0.8,1288336.3,2
17,9,27,0.2,2.3,1.8,3,6.5,0.4,5.1,4.7,0.9,1.4,0.7,626547.4,2
17,10,36,2.2,2.4,3.2,4.6,7.4,1.2,5.1,5.1,2.5,2.2,0.1,758810.5,3
17,11,27,0.8,1.3,1.3,2.6,7,1,3.8,6.2,1,1,1,583248.5,2
17,12,7,0.2,0.5,0.3,1.1,1.6,0.2,1.1,1,0.4,0.3,0.3,155881.7,2
17,13,32,1.5,2.3,1.4,5.6,7.2,0.7,5.3,3.6,2.1,1.4,0.9,725588.7,3
17,14,177.5,9.4,11.6,6,31.6,44.2,6.5,21.7,24.3,13.3,7.9,1,3691732.1,3
17,15,141,15.3,8.8,5.1,29.4,28.8,7.1,17,12.6,12.3,3.5,1.1,3163838,1
17,16,10,0.3,1,0.1,0.9,2.7,0.3,1.8,1.7,0.7,0.4,0.1,233945.8,2
17,17,5.5,0.2,0.5,0.1,0.3,1.2,0.1,1.3,1.1,0.2,0.4,0.1,127207.7,1
17,38,5,0,0.7,0.1,0.9,0.9,0.1,0.9,0.9,0.4,0.1,0,91574.3,1
17,39,14,0.1,1.8,0.4,2.4,2.5,0.4,2.3,2.3,1.3,0.5,0,266204.1,3
17,40,9,0.8,0.7,0.4,1.3,1.5,0.1,1.1,2.1,0.1,0.4,0.5,180180.7,2
17,42,2,0,0,0.1,0.2,0.4,0.1,0.3,0.7,0,0.2,0,47971.1,1
17,49,1,0.1,0.1,0,0.1,0.3,0,0.1,0.1,0.1,0.1,0,16156,1
17,84,5,0,0.5,0.2,0.8,1.8,0,0.2,0.8,0.5,0.2,0,115930,2
18,0,21,1.1,2.6,1,3.2,6.8,0.5,1.4,2.5,1,0.4,0.5,465174.5,2
18,1,35,1.9,4.5,1.6,5.2,11.3,0.9,2.2,4.1,1.6,0.8,0.9,775290.9,4
18,2,10,0.5,1,0.6,1.2,3.4,0.2,0.9,1.3,0.4,0.3,0.2,216505.8,2
18,3,8,0.4,0.8,0.5,0.8,2.8,0.1,0.9,1.1,0.2,0.3,0.1,170534.7,3
18,5,11,1.1,0.8,0.1,1.5,1.9,0.1,2.6,0.8,0.7,0.9,0.5,263187.8,2
18,6,10,1,0.7,0.1,1.4,1.7,0.1,2.4,0.7,0.6,0.8,0.5,239261.6,1
18,9,2,0.2,0.1,0,0.3,0.3,0,0.5,0.2,0.1,0.2,0.1,47852.3,1
18,12,11,0.6,0.8,0.4,2,2.5,0.2,1.8,1.2,0.7,0.5,0.3,247891.8,2
18,13,46.5,2.3,3.3,2,8.4,10.5,0.9,7.5,5.2,2.9,2,1.5,1047906.1,3
18,14,43,2.1,3,1.9,7.7,9.7,0.8,7,4.8,2.7,1.9,1.4,969031.4,4
18,15,6,0.2,0.6,0.1,0.3,1.3,0.1,1.5,1.2,0.2,0.4,0.1,138772,1
18,16,30,1.1,3,0.3,1.6,6.6,0.3,7.4,6.2,1.1,2,0.4,693860.2,3
18,17,4,0.2,0.4,0,0.2,0.9,0,1,0.8,0.2,0.3,0,92514.7,1
18,19,1,0,0.1,0,0.2,0.4,0.1,0,0.1,0.1,0,0,24015,1
18,37,1,0,0.1,0,0.2,0.2,0,0.2,0.2,0.1,0,0,18314.9,1
18,41,3,0.1,0,0.2,0.3,0.5,0.1,0.4,1,0,0.4,0,71956.6,1
18,42,22,0.7,0,1.3,2,4,0.7,3.3,7.3,0,2.7,0,527681.6,2
18,43,9,0.1,1,0.5,0.5,3.2,0,1.4,1,0.2,0.8,0.3,183867.4,2
18,48,6,0.7,0.7,0,0.4,1.8,0.2,0.4,0.7,0.4,0.7,0,96936.3,1
18,49,2,0.2,0.2,0,0.2,0.6,0.1,0.2,0.2,0.1,0.2,0,32312.1,1
18,56,21,1.4,1.4,1.1,2.8,3.3,0,3.8,5.1,0.7,1.4,0,476746.5,4
18,63,3,0.1,0,0.1,0.2,0.6,0,0.8,1,0.1,0,0.1,59855,1
18,84,4,0,0.4,0.1,0.7,1.5,0,0.1,0.7,0.4,0.1,0,92744,2
19,0,2,0.1,0.3,0.1,0.3,0.6,0.1,0.1,0.2,0.1,0,0.1,44302.3,1
19,1,24,1.3,3.1,1.1,3.7,7.6,0.6,1.6,2.8,1.1,0.4,0.7,531628,3
19,2,84,4.8,8.2,4.1,17,22.2,2.7,8.8,9.8,2.7,1,2.7,1500119.7,3
19,3,4,0.2,0.4,0.2,0.4,1.4,0,0.5,0.6,0.1,0.1,0.1,85267.4,1
19,5,14,1.4,1,0.1,1.9,2.4,0.1,3.3,1.1,0.9,1.2,0.6,334966.3,4
19,6,11,1.1,0.8,0.1,1.5,1.9,0.1,2.6,0.8,0.7,0.9,0.5,263187.8,2
19,10,1,0.1,0.1,0,0.1,0.2,0,0.2,0.2,0.1,0,0,24760.1,1
19,13,2,0.1,0.1,0.1,0.4,0.5,0,0.3,0.2,0.1,0.1,0.1,45071.2,1
19,14,8,0.4,0.5,0.3,1.5,1.8,0.1,1.3,0.9,0.5,0.4,0.3,180284.9,2
19,15,15,0.6,1.5,0.2,0.9,3.2,0.2,3.7,3,0.6,0.9,0.2,346930.1,3
19,16,2,0.1,0.2,0,0.1,0.5,0,0.5,0.4,0.1,0.1,0,46257.3,1
19,18,1,0,0.1,0,0.2,0.4,0.1,0,0.1,0.1,0,0,24015,1
19,19,3,0,0.3,0,0.5,1.2,0.2,0.1,0.3,0.4,0,0,72045.1,1
19,21,5,0.2,0.6,0.1,1.1,1.2,0.2,0.6,0.5,0.4,0.1,0,98480.3,1
19,36,2,0.1,0.1,0.1,0.3,0.3,0,0.3,0.5,0.1,0.1,0.1,35435.7,1
19,37,11,0.4,0.7,0.6,1.8,1.8,0.2,1.8,2.5,0.5,0.4,0.3,196687.3,3
19,38,14,0,2,0.4,2.4,2.4,0.4,2.4,2.4,1.2,0.4,0,256408,2
19,43,4,0.1,0.4,0.3,0.3,1.3,0,0.7,0.4,0.1,0.3,0.1,81718.8,2
19,44,38,0.7,4.4,2.2,2.3,13.4,0,6,4.5,0.7,3,0.8,776329,4
19,45,5,0.5,0.5,0,0.4,1.5,0.2,0.4,0.5,0.4,0.6,0,80780.2,1
19,46,10,1.1,1.1,0,0.7,3,0.4,0.7,1.1,0.7,1.2,0,161560.5,2
19,47,3,0.3,0.3,0,0.3,0.9,0.1,0.3,0.3,0.2,0.3,0,48468.1,2
19,55,2,0.1,0.1,0.1,0.3,0.3,0,0.4,0.5,0.1,0.1,0,45404.4,1
19,56,44,2.9,2.9,2.4,5.9,7.1,0,7.8,10.8,1.2,3,0,998897.5,4
19,57,25,0.5,1.9,2.4,0.9,7.7,0,3.2,5.7,1.5,1.2,0,567310.6,3
19,58,2,0,0.2,0.2,0,0.7,0,0.2,0.4,0.2,0.1,0,45377.2,1
19,62,11,0.2,0,0.6,0.7,2.2,0,3,3.7,0.3,0,0.3,219468.3,3
19,63,3,0,0,0.2,0.2,0.6,0,0.8,1,0.1,0,0.1,59855,2
19,64,4,0.1,0,0.2,0.2,0.8,0,1.1,1.4,0.1,0,0.1,79806.6,1
19,84,3,0,0.3,0.1,0.5,1.1,0,0.1,0.5,0.3,0.1,0,69558,2
20,0,367.5,16,37,21,71,64,13,44,52,23.5,20,6,7505080.1,0
20,1,94.5,7.2,9.5,5.3,18.9,23.7,3.5,6.7,5.9,7.1,4,2.7,2243568.7,3
20,2,53.5,2.5,5.1,2.8,6.4,11.2,1.1,8.8,7.8,2,4.3,1.5,1352714,4
20,3,20,0.3,1.5,1.5,0.9,4.2,0,4.7,4.2,0.7,1.6,0.4,573423.5,2
20,4,30,0.6,2.2,2.2,1.5,6.2,0,7,6.4,0.9,2.4,0.6,860135.3,4
20,5,15,0,1.6,0.5,1.5,4.8,0,2,3,0.6,0.1,0.9,403234.4,3
20,9,1,0,0.1,0,0.1,0.3,0,0.2,0.2,0,0.1,0,28482.7,1
20,13,13,0.6,1,1.1,1.7,3.5,0,0.7,2.9,1.5,0,0,272828,2
20,14,47,2.3,3.9,3.9,6.3,12.5,0,2.4,10.2,5.5,0,0,986378.2,4
20,15,17,0,1.4,0.7,2.5,5,0,3.7,1.8,1.2,0.7,0,505976.7,3
20,21,3,0,0.2,0.1,0.2,0.8,0.1,0.8,0.6,0.1,0.1,0,59189.3,1
20,22,3,0,0.2,0.1,0.2,0.8,0.1,0.8,0.6,0.1,0.1,0,59189.3,1
20,38,12,0.8,1.6,0,2,3.6,0,0.8,1.6,0.8,0.8,0,214504.8,1
20,39,9,0.6,1.2,0,1.5,2.7,0,0.6,1.2,0.6,0.6,0,160878.6,1
20,43,31,2.5,1.2,1.2,4.4,6.5,0,4.5,6.6,1.6,2.5,0,648399.1,3
20,44,12,0.9,0.5,0.5,1.7,2.5,0,1.7,2.6,0.7,0.9,0,250993.2,2
20,45,3,0.2,0.1,0.2,0.6,0.4,0.1,0.4,0.5,0.2,0.3,0,67627.6,1
20,46,31,0.7,0.3,1.7,3.9,8.4,1.2,3.4,8.6,1.6,1.1,0.1,548414.2,2
20,47,5,0.3,0.2,0.3,0.9,0.7,0.1,0.8,0.8,0.3,0.6,0,112712.6,1
20,53,4,0.1,0.4,0,0.3,0.8,0,0.8,0.9,0.2,0.5,0,111610.2,1
20,54,23.5,0.4,2.5,0.1,1.9,4.6,0.1,4.6,5,1.1,2.9,0.3,655709.7,4
20,55,6,0.2,0.3,0.1,0.6,1.4,0,1.6,1.2,0.3,0.2,0.1,146129.6,2
20,56,60.5,1.7,10.3,4.4,5.5,10,3.1,8.7,4.9,8,2.6,1.3,903476.4,3
20,57,21,0.5,1.1,0.5,1.8,5.2,0.1,5,4.6,1.3,0.5,0.4,494630.8,4
20,58,14,0.1,0.9,0.5,1,3.8,0,2.8,3.3,0.9,0.4,0.3,314800.3,3
20,61,8,0.2,0.9,0.4,0.9,1.7,0.2,1.6,1.5,0.3,0.3,0,157014,1
20,62,17,0.4,1.8,0.9,1.9,3.6,0.5,3.5,3.2,0.5,0.7,0,333654.9,2
20,63,15,0.3,1.6,0.8,1.7,3.2,0.4,3.1,2.8,0.5,0.6,0,294401.3,1
20,64,36,0.6,3.9,1.8,3.9,7.8,1.2,7.5,6.6,1.2,1.5,0,706563,4
20,65,11,0,0.4,0.4,2.1,3,0.4,2.1,0.5,0,1.2,0.9,252745.8,2
21,0,513.5,16,53,34,77,139,12,64,41,34.5,25,18,1.11341291E7,0
21,1,90,5.2,11.7,2.5,14.4,23.3,2,8.5,13.1,4.4,2.7,2.2,2046454.7,3
21,2,40.5,1.7,3.7,2.3,4.5,8.5,0.7,7.1,6.3,1.5,3.1,1.1,1044523.6,4
21,3,2,0,0.1,0.2,0.1,0.4,0,0.5,0.4,0.1,0.2,0,57342.4,1
21,4,9,0.1,0.7,0.7,0.4,1.9,0,2.1,1.9,0.3,0.7,0.2,258040.6,1
21,5,6,0,0.7,0.2,0.6,1.9,0,0.8,1.2,0.2,0.1,0.3,161293.7,1
21,7,28,0.1,3.1,0.4,2.4,8,0,5.1,4.8,0.9,1.9,1.3,779910.4,3
21,8,19,0.1,2,0.1,1.4,5.1,0,4.2,3,0.5,1.9,0.7,541170.5,3
21,9,25,0.1,2.6,0.1,2,6.8,0,5.5,3.9,0.6,2.4,1,712066.4,3
21,10,10,0,0.7,0.4,1.5,3,0,2.2,1.1,0.7,0.4,0,297633.3,1
21,21,3,0,0.2,0.1,0.2,0.8,0.1,0.8,0.6,0.1,0.1,0,59189.3,2
21,44,53,2.9,5.9,2.9,6.3,7.7,0,7.3,8.9,4.2,3.9,3,1136794.7,3
21,45,66,4.7,4.6,2.7,11.7,11.9,0.8,10.2,7.2,2.1,9.7,0.4,1348074.5,3
21,46,8,0.5,0.3,0.5,1.5,1.2,0.2,1.2,1.2,0.4,0.9,0.1,180340.1,1
21,47,28.5,1.6,1.7,1.8,4.8,4.9,0.7,4.1,4.5,1.4,2.7,0.3,634182.2,3
21,52,5,0.1,0.5,0,0.4,1,0,1,1.1,0.2,0.6,0.1,139512.7,1
21,53,16,0.3,1.7,0.1,1.3,3.1,0.1,3.1,3.4,0.8,1.9,0.2,446440.6,3
21,54,78,2,6.9,1.5,8.4,12.9,0.5,13.9,16.8,3.8,10.8,0.5,2224501.3,3
21,55,421.5,24,30.5,19,90,69,13,52,54,28,41,1,8370865.6,0
21,56,281,12.6,19.4,6.7,42.6,46.5,3.2,44.6,59,8,34.9,3.5,5418527.4,2
21,57,28,0.8,1.5,0.7,2.4,6.7,0.1,6.9,6,1.5,0.9,0.5,666984.6,4
21,58,6,0,0.4,0.2,0.5,1.7,0,1.2,1.4,0.4,0.1,0.1,134914.4,3
21,59,3,0,0.2,0.1,0.2,0.8,0,0.6,0.7,0.2,0.1,0.1,67457.2,1
21,61,5,0.1,0.5,0.3,0.6,1.1,0.1,1,0.9,0.2,0.2,0,98133.8,1
21,64,2.5,0,0.3,0.1,0.3,0.5,0.1,0.5,0.5,0.1,0.1,0,49066.9,1
21,65,2,0,0.1,0.1,0.4,0.5,0.1,0.4,0.1,0,0.2,0.1,45953.8,1
22,0,96,4.5,7.8,4.3,21.4,18.1,1.8,15.1,11.8,4.2,5.1,1.9,2325473.3,2
22,1,27,1.6,2.8,1.1,4,5.6,0.7,3.6,3.3,1.2,2.2,0.9,646679.4,3
22,2,57,1.5,4.6,2.8,6.2,12.4,1,10.8,10.3,2.9,3.5,1,1519072.4,4
22,3,38,1.2,3.4,1.7,3.8,8.4,0.7,7.5,6.6,1.9,2.2,0.6,1013357.4,3
22,4,17,0.6,1.6,0.5,2.1,3.9,0.4,3,2.7,1.1,0.8,0.3,435629.8,2
22,5,31,0.3,3.9,0.7,3.3,9.2,0.1,5.7,4,0.9,1.3,1.6,771826.9,3
22,6,75.5,0.7,8.8,1.2,6.2,19.9,0.4,14.5,12.1,1.9,7.7,2.1,1915588.7,3
22,7,71,0.4,6.9,2.3,5.2,19.1,0.1,15.7,12.4,1.6,4.4,2.9,1902378.3,4
22,8,50,0.2,3.7,1.9,2.3,11.9,0,13.7,9.7,0.6,4.4,1.6,1387645.9,4
22,9,39,2.5,2.1,2.1,5.1,9.5,0,7.6,8.4,0.5,1.2,0,867798.6,2
22,44,38.5,1.1,3,4,9.1,8.2,0,1.2,4.2,3.6,4.1,0,827102.4,1
22,45,169,4,22,7.8,26.2,33.8,5.5,16,29.2,12.9,9,2.6,2766108.2,2
22,46,17,1.1,0.7,1.2,3.2,2.5,0.3,2.5,2.6,0.9,1.8,0.2,380153.7,2
22,47,6,0,0.8,0.3,0.9,1.5,0.1,0.8,1.2,0.2,0.1,0.1,121907.9,2
22,48,6.5,0.1,0.8,0.3,0.6,1.9,0.3,0.8,1.2,0.2,0.2,0.1,137556.8,2
22,52,20,0.6,1.1,0.7,2.1,4.8,0.4,3.8,4,1,1.3,0.2,434777.8,3
22,53,11,0.5,0.9,0.1,1.1,2.3,0.2,2.2,1.9,0.7,1.1,0,276210.5,3
22,54,38,2.6,2,0.8,5.3,8.7,1.8,7.6,4.2,3.5,1.5,0,768481.1,2
22,55,24,1,1.5,0.7,2.7,5.7,0.3,4.5,4.8,1.2,1.2,0.4,543388.5,4
22,56,33,1.4,2,0.9,3.6,7.7,0.3,6.7,6.6,1.7,1.6,0.5,757441.7,4
22,57,108.5,2.4,11.8,5.3,18.1,17.8,0.1,17.3,20.2,4.8,9.6,1.1,1886068.4,1
22,58,58,0.2,3.9,4.1,6.1,15.5,1,6.6,12.7,5.2,1.5,1.2,1444452.9,3
22,59,22.5,0.3,1.5,0.9,1.6,6.3,0,4.3,5.3,1.5,0.5,0.3,512857.2,3
22,66,7,0,0.3,0.3,1.3,1.9,0.3,1.3,0.3,0,0.8,0.5,160838.2,1
23,0,173.5,8.3,20.1,8.4,31.1,43.6,4.3,23.2,12.4,14,3.9,4.2,4376702.5,1
23,1,58,0.9,3.9,3,7.4,12.2,1.2,11,11.6,3.2,3,0.6,1566157.3,4
23,2,133,3.2,6.1,10.8,12,26.4,0.3,23.1,29.2,8.9,9.8,3.2,3912618.1,1
23,3,110,8.5,10.1,6.4,19.5,21.8,1.3,17.1,13.9,5.7,4.5,1.2,2943361.3,1
23,4,57,1.1,4.5,3.8,9.5,12.2,1.8,9.8,10.1,2.6,1.1,0.5,1289951.5,2
23,5,115,6.3,13.7,5.5,14.2,23.7,3.2,15.5,17.5,5.3,5.2,4.9,2071417.9,1
23,39,1,0.1,0.1,0,0.1,0.3,0,0.1,0.1,0.1,0.1,0,17875.4,1
23,40,3,0.3,0.1,0.1,0.4,0.6,0,0.4,0.6,0.2,0.3,0,62748.3,1
23,45,1,0,0.1,0.1,0.2,0.2,0,0.1,0.2,0.1,0,0,19473.4,1
23,46,3,0,0.4,0.2,0.6,0.6,0,0.4,0.6,0.1,0,0.1,58420.1,1
23,47,5,0,0.7,0.3,1,1,0,0.7,1,0.2,0,0.1,97366.8,2
23,48,3,0,0.4,0.1,0.3,0.9,0.1,0.4,0.6,0.1,0.1,0,63487.8,1
23,50,6,0.1,0.3,0.3,0.6,1.5,0,1.1,1.4,0.3,0.3,0.1,127748.6,2
23,51,10,0.2,0.5,0.5,0.9,2.5,0.1,1.9,2.3,0.5,0.5,0.1,212914.3,2
23,52,12,0.3,0.6,0.5,1.2,3,0.2,2.3,2.5,0.7,0.6,0.1,253360.7,3
23,53,13,0.9,0.7,0.2,1.9,3,0.6,2.6,1.5,1.1,0.5,0,262901.4,2
23,54,11,0.8,0.6,0.2,1.5,2.5,0.6,2.2,1.2,1,0.4,0,222455.1,3
23,55,30.5,1.7,3.2,1.3,4.9,7.8,0.3,1.4,5.4,1.3,2.6,0.6,586017.8,4
23,56,34.5,1.9,3.7,1.5,5.5,8.7,0.3,1.6,6.2,1.6,2.9,0.6,662872.6,3
23,57,5,0.3,0.5,0.2,0.8,1.3,0,0.2,0.9,0.2,0.5,0.1,96068.5,2
23,58,14,0,2.5,0.5,0.9,4.5,0,1.1,3,1.5,0,0,363296.4,2
23,62,7,0.1,0.7,0.4,0.8,1.5,0.2,1.4,1.3,0.3,0.3,0,137387.3,2
23,63,4,0.1,0.4,0.2,0.5,0.9,0.1,0.8,0.7,0.1,0.2,0,78507,1
24,0,37,0.6,2.4,1.8,4.7,7.9,0.7,7.1,7.4,2.1,2,0.3,999100.4,4
24,1,36,0.5,2.5,1.8,4.5,7.5,0.8,6.9,7.2,2.1,1.9,0.3,972097.7,3
24,2,29,0.9,2.5,1,3.6,6.6,0.8,5.2,4.8,1.8,1.4,0.4,754152.7,3
24,3,30.5,0.6,1.4,0.1,2.5,9.9,0.1,6.7,5.7,1.3,2.2,0,893828.3,2
24,4,89,3.3,9.5,3.6,12.5,17.7,1.6,18.5,11.1,4.6,4.7,1.9,2150422.5,3
24,5,262,14.4,24.4,15.6,51.7,59.1,6.2,31.7,16.9,19.4,17.5,5.1,5530370.2,1
24,39,7,0.4,1,0,1.1,2.1,0,0.4,1,0.4,0.6,0,125127.8,2
24,40,2,0.1,0.1,0.1,0.3,0.4,0,0.3,0.4,0.1,0.2,0,41832.2,1
24,46,2,0,0.3,0.1,0.4,0.4,0,0.3,0.4,0.1,0,0,38946.7,1
24,47,1,0,0.1,0.1,0.1,0.3,0.1,0.1,0.2,0,0,0,21162.6,1
24,48,13,0.2,1.7,0.6,1.2,3.7,0.6,1.6,2.4,0.4,0.4,0.2,275113.7,3
24,49,33,0.5,4.3,1.5,3,9.5,1.5,4,6,1.1,1.1,0.5,698365.3,3
24,50,51,1.1,2.7,2.4,4.6,12.6,0.8,9.3,11.6,2.3,2.7,0.9,1085862.8,4
24,51,40,0.8,2.2,1.8,3.7,10,0.6,7.2,9.1,1.8,2.2,0.6,851657,4
24,52,16,1,0.9,0.3,2.2,3.8,0.7,3.2,1.9,1.3,0.7,0,324639.2,2
24,53,8,0.6,0.4,0.2,1.1,1.9,0.3,1.6,0.9,0.7,0.3,0,161785.5,2
24,54,5,0.3,0.3,0.1,0.7,1.2,0.2,1,0.5,0.5,0.2,0,101116,2
24,55,11,0.6,1.1,0.5,1.7,2.8,0.2,0.5,2,0.5,0.9,0.2,211350.7,3
24,56,364,14,19.5,16,53,66,8.5,44,79,19.5,38,6.5,6927200.2,0
24,57,2,0.1,0.2,0.1,0.3,0.5,0,0.1,0.4,0.1,0.2,0,38427.4,1
24,58,2,0,0.4,0.1,0.1,0.6,0,0.2,0.4,0.2,0,0,51899.5,1
24,63,3,0.1,0.3,0.2,0.3,0.6,0.1,0.6,0.6,0.1,0.1,0,58880.3,1
25,0,15,0.7,1.9,0.4,2.4,3,0.4,1.4,2.4,1.5,0.5,0.4,357299,1
25,1,71.5,4.6,7.1,3,17.2,15.5,4.8,7,6.2,4.2,1.1,0.8,1813869.9,2
25,2,72,1,4,1.2,19.3,11.8,3.8,5.9,10.8,9,3,2.2,1675539.7,3
25,3,17,0.4,1,0.7,1.9,3.8,0.5,3.4,3.4,0.5,0.6,0.8,409258.9,4
25,4,66,1.1,4.2,2.8,7.5,14.7,2,13.5,13.1,2,2,3.1,1588887.4,4
25,5,20,0.3,1,0.4,2,6.4,0.9,3.7,3,0.6,0,1.7,483457.1,3
25,11,3,0,0.2,0.2,0.2,0.9,0,0.4,0.7,0.2,0.1,0.1,65924,1
25,12,1,0,0.1,0.1,0.1,0.3,0,0.1,0.2,0.1,0,0,21974.7,1
25,13,7,0.5,0.4,0.3,0.9,1.9,0.3,0.5,1,0.4,0.7,0.1,145734.1,1
25,18,2,0,0.3,0.3,0.1,0.5,0,0.2,0.4,0.1,0,0.1,32536.4,1
25,26,2,0,0.1,0.1,0.1,0.5,0.1,0.5,0.4,0.1,0.1,0,39459.5,1
25,31,1,0.1,0.1,0,0.1,0.3,0,0.1,0.1,0.1,0.1,0,17875.4,1
25,39,20,1.8,2.4,0.6,4.3,2.4,0.6,3.1,2.4,1.8,0,0.6,308240.5,1
25,49,108.5,5,7.3,5.6,16.2,23,3.8,14.6,16,8,6.7,2.3,2192062.7,3
25,50,7,0,0.6,0.5,0.5,2,0.1,0.9,1.3,0.4,0.5,0.2,165267.5,3
25,51,6,0,0.5,0.4,0.5,1.7,0.1,0.8,1.1,0.3,0.5,0.1,141657.8,2
25,52,28,0,2.4,2,2,7.7,0.4,3.9,4.9,1.9,2,0.8,661069.9,3
25,53,3,0,0.3,0.2,0.2,0.9,0,0.4,0.6,0.1,0.2,0.1,70828.9,2
25,54,1,0,0.1,0.1,0.1,0.3,0,0.1,0.2,0,0.1,0,23609.6,1
25,55,8,0,0.9,0.2,0,2.1,0,1.5,1.8,0.1,1.4,0,176241.4,3
25,56,34,1,2,0.4,2,5.4,0,8.1,4.9,0.4,9.8,0,739723,3
25,57,9,0.2,1,0.1,0.3,2,0,2.1,2,0.3,1,0,194507.1,3
25,58,10,0.4,1.1,0,0.6,2,0,2.8,2.2,0.3,0.6,0,212772.8,3
25,59,8,0.3,0.8,0,0.5,1.6,0,2.2,1.8,0.3,0.5,0,170218.2,3
26,0,319.5,18.2,33,25.2,72.9,63.8,8.1,28.2,28.9,25.9,7.7,7.6,6641337.3,1
26,1,138.5,6.3,6.9,6.8,19.3,29.4,3.7,13.5,32.4,11.7,4.8,3.7,3201900.9,1
26,2,2,0.1,0.3,0.1,0.3,0.4,0,0.2,0.3,0.2,0.1,0,47639.9,1
26,3,116.5,4.5,11.9,3.3,17.4,26.7,2,19.2,15,12,1,3.5,2968568,2
26,4,22,0.4,1.3,0.9,2.5,4.9,0.6,4.4,4.4,0.7,0.8,1.1,529629.1,3
26,5,28,0.4,1.4,0.4,2.8,8.9,1.3,5.2,4.3,0.9,0,2.4,676839.9,2
26,9,3,0,0.2,0,0.3,0.9,0.2,0.5,0.5,0.1,0,0.3,72518.6,1
26,10,10,0,0.6,0.6,0.7,3,0,1.5,2.4,0.6,0.3,0.3,219746.6,2
26,11,6,0,0.3,0.3,0.3,1.8,0,0.9,1.5,0.3,0.3,0.3,131847.9,3
26,12,6,0,0.4,0.4,0.4,1.8,0,0.9,1.4,0.3,0.2,0.2,131847.9,1
26,13,20,1.4,1.1,0.8,2.6,5.6,0.8,1.5,2.9,1.1,1.9,0.3,416383.2,4
26,14,19,1.4,1.1,0.7,2.5,5.2,0.7,1.4,2.7,1.1,1.8,0.4,395564,3
26,15,2,0.2,0.2,0,0.4,0.2,0,0.2,0.4,0.2,0.2,0,43789.2,2
26,16,7,0.7,0.4,0,1.5,1.1,0.2,0.4,1.6,0.7,0.4,0,153262.5,2
26,17,12,0.8,0.9,0.5,2,2.2,0.3,0.8,2.6,1,0.7,0.2,240230,3
26,18,8,0,1.1,1.1,0.4,1.9,0.2,0.8,1.5,0.4,0.2,0.4,130145.7,1
26,26,2,0,0.1,0.1,0.1,0.5,0.1,0.5,0.4,0.1,0.1,0,39459.5,1
26,29,3,0,0.2,0.1,0.2,0.8,0.1,0.8,0.6,0.1,0.1,0,59189.3,1
26,49,212.5,7.3,26.8,11.2,25.2,56,0.8,34.5,22.6,9.4,15.6,3.1,4060151.2,2
26,50,4,0,0.3,0.3,0.3,1.1,0.1,0.5,0.7,0.3,0.3,0.1,94438.6,1
26,51,1,0,0.1,0.1,0.1,0.3,0,0.1,0.2,0,0.1,0,23609.6,1
26,52,8,0,0.7,0.5,0.5,2.3,0.1,1.1,1.5,0.5,0.5,0.3,188877.1,2
26,56,3,0,0.3,0.1,0,0.8,0,0.6,0.7,0,0.5,0,66090.5,2
26,57,22,0.5,2.4,0.3,0.7,5,0,5.2,5,0.4,2.5,0,476381.9,4
26,58,1,0,0.1,0,0.1,0.2,0,0.3,0.2,0,0.1,0,21277.3,1
26,60,1,0,0,0,0.2,0.3,0,0.2,0.1,0,0.1,0.1,22976.9,1
27,0,154,4.2,11.5,8.1,21,41.8,1.6,19.2,26.6,12.6,4.2,3.2,3540435.1,2
27,1,61.5,2.5,4.1,0.9,15.6,8.2,2.8,6.7,9.8,4.8,4.1,2,1574719.6,3
27,2,37,1.4,3.9,1.3,5.4,7.7,0.9,4.7,6.4,2.9,1.2,1.2,884387,2
27,3,2,0,0.1,0.1,0.2,0.4,0.1,0.4,0.4,0.1,0.1,0.1,48148.1,1
27,4,5,0.1,0.3,0.4,0.4,1,0.1,1,1.1,0.1,0.4,0.1,117369.3,1
27,5,5,0,0.3,0.2,0.6,1.3,0.1,1.2,0.7,0.3,0,0.3,119264.8,3
27,8,15,0.2,1.1,0.8,1.6,3.4,0.1,3.4,2.9,0.3,0.8,0.4,376288.2,1
27,9,16,0.3,1,0.6,1.6,4.2,0.4,3.3,2.8,0.5,0.5,0.8,394982.9,3
27,11,7,0,0.4,0.4,0.5,2.1,0,1.1,1.7,0.4,0.2,0.2,153822.6,1
27,14,14,0.7,1,0.7,2,3.8,0.3,1.7,1.6,0.5,1.2,0.5,298795.2,3
27,15,22,2.1,1.6,0.2,5,3.1,0.6,2.1,4.4,2,0.9,0,498242.2,4
27,16,1,0.1,0.1,0,0.3,0.1,0,0.1,0.2,0.1,0,0,23964.7,1
27,17,4,0.2,0.5,0.3,0.6,0.7,0,0.4,0.8,0.3,0.1,0.1,78395.7,3
27,20,9,0,0.6,0.2,0.6,2.4,0.2,2.4,1.9,0.5,0.2,0,177567.9,2
27,21,3,0,0.2,0.1,0.2,0.8,0.1,0.8,0.6,0.1,0.1,0,59189.3,2
27,22,25.5,1,2.5,0.5,4,6,1,3,4,1.5,1,1,576411.4,0
27,39,13,1.2,1.5,0.4,2.7,1.5,0.4,2,1.6,1.2,0,0.5,200356.3,2
27,49,10,0.7,0.4,0.1,1.7,2.1,0.4,0.8,1.4,1,0.8,0.6,209533.2,1
27,50,11,0,0.9,0.8,0.8,3,0.2,1.5,1.9,0.8,0.8,0.3,259706.1,2
27,51,1,0,0.1,0.1,0.1,0.3,0,0.1,0.2,0,0.1,0,23609.6,1
27,58,6,0.3,0.6,0,0.3,1.2,0,1.7,1.3,0.2,0.4,0,127663.7,2
27,59,1,0,0.1,0,0.1,0.2,0,0.3,0.2,0,0.1,0,21277.3,1
28,1,3,0.1,0.2,0.1,0.5,0.4,0.1,0.8,0.5,0.1,0.1,0.1,74108.2,1
28,2,3,0,0.2,0.2,0.3,0.6,0.1,0.6,0.6,0.1,0.3,0,70421.6,1
28,3,9,0,0.5,0.7,0.9,1.8,0.2,1.8,1.9,0.3,0.9,0,211264.8,3
28,4,32,0.4,1.7,2.4,2.8,6.4,0.8,6.5,6.9,0.9,2.8,0.4,751163.8,4
28,5,37,0.6,2.4,2.6,4.5,8.2,0,9.3,5.1,2.4,0.6,1.3,874668,3
28,6,14,0.2,0.9,0.9,1.7,3.1,0,3.6,1.9,0.9,0.3,0.5,330955.5,2
28,7,40,2.2,6.7,0.6,6.2,9.5,0.1,7.7,3.9,0.4,1.4,1.3,952764.7,2
28,8,55,0.8,3.9,3.1,5.8,12.3,0.4,12.4,10.6,1.2,3.1,1.4,1379723.3,4
28,9,10,0.2,0.7,0.6,1,2.2,0.1,2.3,1.9,0.2,0.6,0.2,250858.8,1
28,11,12,0.6,0.4,0.9,1.2,1.9,0,3,2.6,0.4,0.5,0.5,266063.3,2
28,12,11,0.2,0.8,0.7,1.8,2.7,0,2.2,1.1,0.1,0.8,0.6,242706.8,2
28,13,23,0.3,1.8,1.6,4,6.1,0,4.3,1.8,0,1.9,1.2,506927.3,4
28,14,17,0.2,1.4,1.1,2.9,4.4,0,3.3,1.4,0,1.4,0.9,374685.4,4
28,15,20,2,2.1,0.4,5.1,2.1,0.4,2.9,3.4,1.6,0,0,479293.1,3
28,16,2,0.2,0.2,0,0.6,0.2,0,0.2,0.4,0.2,0,0,47929.4,2
28,17,3,0.1,0.4,0.3,0.4,0.6,0,0.3,0.6,0.2,0,0.1,56501.1,2
28,51,2,0,0.2,0.2,0.2,0.6,0,0.2,0.4,0,0.2,0,47219.2,2
28,59,4,0.1,0.4,0,0.3,0.8,0,1.1,0.9,0.1,0.3,0,85109.1,2
29,0,6,0.2,0.4,0.1,1,0.8,0.1,1.6,1.1,0.3,0.2,0.2,148216.3,2
29,1,28.5,1.1,1.7,0.5,4.5,4.2,0.5,7.4,5,1.4,1.1,1.1,704027.7,4
29,2,38,1.1,2.3,1.5,5.1,6.2,0.8,9.1,7.2,1.6,2,1.1,922728.5,4
29,3,17,0.2,0.9,1.3,1.5,3.4,0.4,3.4,3.8,0.4,1.5,0.2,399055.8,3
29,5,129,11,13,10,22,37,2,11,10,7,4,2,2393937.2,0
29,6,957,53,85,66,168,223,18,107,104,65,48,20,1.81176546E7,0
29,7,168,7,16.5,12,23,40,4,21,24,10.5,7,3,3606901.5,0
29,8,25,0.4,1.8,1.4,2.6,5.6,0.2,5.7,4.8,0.5,1.4,0.6,627147,2
29,9,5,0,0.3,0.3,0.5,1.2,0,1.2,1,0,0.3,0.2,125429.5,3
29,10,13,0.8,0.5,0.8,1.3,2.1,0,3.2,2.8,0.5,0.5,0.5,288235.2,3
29,11,11,0.6,0.4,0.8,1.1,1.8,0,2.8,2.3,0.4,0.4,0.4,243891.3,3
29,12,26,1.1,1.2,1.8,3.3,5,0,6,4.6,0.6,1.3,1.1,575417.4,2
29,13,5,0.1,0.4,0.3,0.8,1.3,0,1,0.4,0,0.4,0.3,110201.6,2
29,14,7,0.2,0.5,0.5,1.2,1.9,0,1.3,0.5,0,0.5,0.4,154282.3,2
29,15,1,0.1,0.1,0,0.3,0.1,0,0.1,0.2,0.1,0,0,23964.7,1
29,16,13,1.3,1.3,0.3,3.3,1.4,0.2,1.9,2.2,1.1,0,0,311540.5,2
29,17,1,0.1,0.1,0,0.3,0.1,0,0.1,0.2,0.1,0,0,23964.7,1
29,18,4,0,0.5,0.5,0.3,0.9,0.1,0.4,0.7,0.2,0.1,0.3,65072.8,2
29,19,16,0,2.1,2.1,0.9,3.7,0.4,1.7,2.9,0.9,0.4,0.9,260291.3,2
29,20,6,0,0.3,0.2,0.4,1.6,0.2,1.6,1.2,0.3,0.2,0,118378.5,2
29,60,2,0,0.1,0.1,0.4,0.5,0.1,0.4,0.1,0,0.2,0.1,45953.8,1
29,61,3,0,0.1,0.1,0.6,0.8,0.1,0.6,0.1,0,0.4,0.2,68930.7,1
30,0,42,3.3,4.6,0.8,7.3,8,1.3,7.4,5.4,1.3,1.3,1.3,989897,4
30,1,6,0.5,0.7,0.1,1,1.1,0.2,1,0.8,0.2,0.2,0.2,141413.9,1
30,2,11,0.8,0.9,0.4,1.8,2.1,0.2,2,1.2,0.5,0.6,0.5,245872.1,4
30,3,13,1,0.8,0.9,1.8,2.6,0.1,2.3,1.3,0.7,1,0.5,271591.4,2
30,5,39,0.5,8.1,1.3,7.4,7.5,1.1,2.8,3,4.4,1.9,1,801363.2,1
30,6,62,2.9,6.9,2.5,11.5,15.5,0.2,4.5,11.7,1.8,4.5,0,1344036.4,1
30,7,4,0.1,0.5,0.4,0.5,1.2,0,0.6,0.2,0.2,0.2,0.1,91628.9,1
30,8,9,0.3,1,0.9,1.2,2.6,0,1.4,0.6,0.6,0.3,0.1,206165.1,2
30,9,6,0.2,0.7,0.6,0.8,1.8,0,0.9,0.3,0.3,0.3,0.1,137443.4,2
30,10,2,0.1,0.3,0,0.2,0.4,0,0.3,0.5,0.1,0,0.1,37688.7,1
30,13,8,0,0.5,0.3,0.8,1,0,2.6,1.4,0.3,1.1,0,189912.8,3
30,19,254,7.8,31.6,16.6,37.8,59.7,1.9,27.4,28.7,20.8,17.9,3.8,5026882,2
30,20,11,0.5,0.5,1.1,1.7,2.5,0.2,1.7,2,0.2,0.4,0.2,235484.7,2
30,21,11,0.6,0.6,1.1,1.7,2.6,0.1,1.7,2,0.1,0.4,0.1,235484.8,3
30,22,4,0.2,0.2,0.4,0.6,0.9,0.1,0.6,0.7,0.1,0.1,0.1,85630.8,1
30,61,6,0.2,0.8,0.2,0.3,2.2,0,0,1.3,0.5,0.5,0,141520.3,1
30,62,2,0,0.3,0.1,0.1,0.7,0,0,0.4,0.2,0.2,0,47173.4,1
31,0,3,0.2,0.3,0.1,0.5,0.6,0.1,0.5,0.4,0.1,0.1,0.1,70706.9,1
31,1,6,0.5,0.6,0.1,1,1.2,0.2,1,0.7,0.2,0.2,0.3,141413.9,3
31,4,17,1.3,1.1,1.1,2.3,3.4,0.2,3,1.7,1,1.3,0.6,355157.9,1
31,5,39.5,2,4.2,1.1,5.4,9.8,0.4,3.4,8.1,1.7,3.4,0,1037161.6,3
31,6,13,0.6,1.4,0.3,1.8,3.2,0.1,1.1,2.7,0.6,1.2,0,341344.3,2
31,8,2,0.1,0.2,0.2,0.3,0.6,0,0.3,0.1,0.1,0.1,0,45814.5,1
31,9,31,1.2,3.6,3,4.1,8.9,0,4.8,1.8,1.8,1.2,0.6,710124.2,2
31,10,147.5,11.3,11.5,12.6,24.1,31.7,2,19.4,16.7,5.3,9.6,3.3,2861876.7,2
31,19,235,4.5,19.5,11,38,55,4,35,37,18,12,1,5020734.4,0
31,20,174,12.4,10.9,7.9,26.8,42.1,3.3,23.8,33.1,2.8,8.6,2.3,3568944,1
31,21,10,0.5,0.5,1,1.6,2.2,0.2,1.6,1.7,0.2,0.3,0.2,214077.1,1
31,22,3,0.2,0.2,0.3,0.5,0.7,0,0.5,0.5,0,0.1,0,64223.1,1
31,30,13,0.8,2.2,0.5,1.4,3.8,0.3,2.2,1,0.5,0,0.3,267560.1,2
31,31,32,1.9,5.3,1.4,3.3,9.3,0.6,5.3,2.7,1.4,0,0.8,658609.5,3
31,32,39,1.4,1.9,1.3,5.6,9.2,2.1,4.2,9.6,1,1.3,1.4,679217.7,3
31,33,23,0.1,0.3,0.1,0.8,4.1,0.3,6.5,8.3,0.1,2.2,0.2,442989.9,2
31,62,4,0.1,0.5,0.1,0.3,1.5,0,0,0.9,0.3,0.3,0,94346.8,2
32,2,6,0.4,0.4,0.4,0.8,1.2,0.1,1,0.6,0.4,0.5,0.2,125349.9,1
32,3,27,1.8,1.8,1.9,3.6,5.5,0.3,5.1,2.9,1.5,1.6,1,574396.7,3
32,4,33,1.8,2.6,2.3,4,7,0.3,7.1,3.8,1.7,1.5,0.9,722455.7,4
32,5,3.5,0.2,0.4,0.1,0.6,1.1,0,0.2,0.5,0.2,0.2,0,95933.7,2
32,6,14,0.7,1.5,0.4,2.1,3.8,0.1,1.1,2.6,0.5,1.2,0,373651.6,3
32,10,11,0.5,1.7,0.3,0.8,2,0,1.4,2.8,0.6,0.3,0.6,207288,1
32,20,1,0,0.1,0.1,0.2,0.2,0,0.2,0.2,0,0,0,21407.7,1
32,33,2,0.1,0.1,0.1,0.3,0.4,0.1,0.2,0.5,0,0.1,0.1,34665.1,1
32,34,36,1.4,3.5,0.4,3.6,8.5,0.6,6.2,8.7,1.3,1.4,0.4,693349,1
33,2,2,0.1,0.2,0.2,0.2,0.4,0,0.5,0.3,0.1,0,0,45912.2,1
33,3,6,0.2,0.6,0.5,0.6,1.3,0,1.5,0.8,0.3,0.1,0.1,137736.6,2
33,4,46,1.5,4.6,3.7,4.6,10.3,0.5,11.7,6.1,1.8,0.6,0.6,1055981.2,4
33,5,3,0.1,0.3,0.1,0.6,1.1,0,0.2,0.3,0.1,0.2,0,84821.7,2
33,8,1,0,0.1,0,0.2,0.4,0,0.1,0.1,0,0.1,0,28273.9,1
33,9,1,0,0.1,0,0.2,0.4,0,0.1,0.1,0,0.1,0,28273.9,1
33,10,4,0,0.2,0.1,0.4,0.5,0,1.3,0.7,0.2,0.6,0,94956.4,1
33,15,2,0.1,0.2,0.2,0.1,0.6,0,0.3,0.2,0.1,0.1,0.1,41463.6,1
33,63,4,0.1,0.6,0.1,0.2,1.5,0,0,0.9,0.3,0.3,0,94346.9,1
34,2,3,0.1,0.3,0.3,0.3,0.7,0,0.8,0.4,0.1,0,0,68868.3,1
34,3,1,0,0.1,0.1,0.1,0.2,0,0.3,0.1,0.1,0,0,22956.1,1
34,4,19,0.6,1.9,1.6,1.9,4.2,0.2,4.8,2.6,0.8,0.2,0.2,436166.1,3
34,5,9,0.3,0.9,0.3,1.8,3.3,0,0.3,1.2,0.3,0.6,0,254465.3,1
34,8,9,0.3,0.9,0.3,1.8,3.3,0,0.3,1.2,0.3,0.6,0,254465.2,2
34,9,2,0.1,0.2,0.1,0.4,0.7,0,0.1,0.2,0.1,0.1,0,56547.8,1
34,11,1,0,0.1,0,0.1,0.1,0,0.3,0.2,0,0.2,0,23739.1,1
34,12,6,0.5,0.6,0.3,1.8,0.9,0.1,1.3,0.1,0,0.4,0,157806.6,1
34,13,41,3.4,4.4,1.7,12.3,6.2,0.8,8.7,0.9,0,2.6,0,1078344.9,3
34,15,2,0.1,0.2,0.2,0.1,0.6,0,0.3,0.2,0.1,0.1,0.1,41463.6,1
34,45,1,0.1,0,0,0.1,0.2,0,0.2,0.2,0.1,0.1,0,20916.1,1
34,63,5,0.1,0.7,0.2,0.3,1.8,0,0,1.1,0.4,0.4,0,117933.6,1
35,1,1,0,0.1,0.1,0.1,0.3,0,0.1,0.2,0.1,0,0,22659.3,1
35,5,8,0.1,1,0.2,1,2,0.2,1.6,1,0.5,0.2,0.2,151770.9,1
35,6,20,0.2,2.6,0.5,2.6,4.9,0.3,4,2.6,1.3,0.5,0.5,379427.3,4
35,7,2,0,0.3,0,0.3,0.5,0,0.4,0.3,0.1,0,0.1,37942.7,1
35,10,4,0,0.2,0.1,0.4,0.5,0,1.3,0.7,0.2,0.6,0,94956.4,1
35,11,2.5,0,0.2,0,0.2,0.3,0,0.8,0.5,0.1,0.4,0,59347.8,2
35,12,2,0,0.1,0.1,0.2,0.2,0,0.6,0.4,0.1,0.3,0,47478.2,1
35,15,2,0,0.1,0.1,0.2,0.2,0,0.6,0.4,0.1,0.3,0,47478.2,1
35,59,1,0.1,0,0,0.1,0.2,0,0.2,0.2,0.1,0.1,0,20916.1,1
36,4,4,0,0.5,0.4,0.4,1.1,0,0.3,0.8,0.4,0.1,0,90637.4,1
36,5,15,0.2,1.9,0.3,2,3.7,0.3,3,2,0.9,0.3,0.4,284570.4,3
36,6,22,0.3,2.8,0.4,3,5.4,0.4,4.5,3,1.3,0.4,0.5,417369.9,3
36,7,6,0.1,0.8,0.1,0.8,1.5,0.1,1.2,0.8,0.3,0.1,0.2,113828.1,2
36,11,7,0,0.4,0.2,0.6,0.8,0,2.3,1.3,0.3,1.1,0,166173.7,2
36,65,3,0,0.4,0.1,0.2,1.1,0,0,0.6,0.3,0.3,0,70760.1,2
36,66,2,0,0.3,0.1,0.1,0.7,0,0,0.4,0.2,0.2,0,47173.4,1
37,3,9,0,0.6,1.1,1.4,2.4,0.3,0.4,1.6,0.8,0.4,0,200265.8,2
37,5,9,0.1,1.2,0.2,1.2,2.2,0.1,1.8,1.2,0.5,0.2,0.3,170742.2,2
37,6,9,0.1,1.1,0.2,1.2,2.2,0.2,1.9,1.2,0.5,0.2,0.2,170742.2,1
37,7,1,0,0.1,0,0.1,0.3,0,0.2,0.2,0.1,0,0,18971.4,1
37,11,1,0,0.1,0,0.1,0.1,0,0.3,0.2,0,0.2,0,23739.1,1
37,66,1,0,0.1,0,0.1,0.4,0,0,0.2,0.1,0.1,0,23586.7,1
37,67,1,0,0.1,0,0.1,0.4,0,0,0.2,0.1,0.1,0,23586.7,1
38,0,12,0,1.6,1.2,1.2,3.2,0,0.8,2.4,1.2,0.4,0,271912.2,2
38,17,2,0,0.1,0.1,0.2,0.2,0,0.6,0.4,0.1,0.3,0,47478.2,1
38,68,1,0,0.1,0,0.1,0.4,0,0,0.2,0.1,0.1,0,23586.7,1
38,69,4,0.1,0.6,0.1,0.2,1.5,0,0,0.9,0.3,0.3,0,94346.9,1
39,0,11,0,1.4,1.1,1.1,3,0,0.8,2.2,1.1,0.3,0,249252.7,4
39,2,4,0,0.2,0.5,0.7,1,0.2,0.2,0.7,0.3,0.2,0,88541.2,1
39,3,2,0,0.1,0.3,0.3,0.5,0.1,0.1,0.3,0.2,0.1,0,44270.6,1
39,4,10,0,0.4,1.3,1.7,2.6,0.4,0.4,1.8,0.9,0.5,0,221353.1,2
39,34,2,0.1,0.3,0.1,0.2,0.6,0,0.3,0.2,0.1,0,0.1,41163.1,1
39,45,1,0.1,0,0,0.1,0.2,0,0.2,0.2,0.1,0.1,0,20916.1,1
39,46,1,0.1,0,0,0.1,0.2,0,0.2,0.2,0.1,0.1,0,20916.1,1
39,70,3,0.1,0.4,0.1,0.2,1.1,0,0,0.7,0.2,0.2,0,70760.1,1
40,0,2,0.1,0.2,0.1,0.4,0.7,0.1,0.1,0.1,0.2,0,0,44515.8,1
40,4,9,0.3,1.2,0.3,1.2,2.1,0.3,0.9,2.1,0.6,0,0,177248.1,2
40,5,16,0,3.2,0.6,2.6,5.1,0,1.9,1.3,0.6,0,0.7,261920.7,2
40,34,1,0,0,0.1,0.1,0.4,0,0.1,0.2,0.1,0,0,16593.9,1
40,35,1,0.1,0,0,0.2,0.1,0,0.2,0.2,0.1,0.1,0,22162.9,1
41,3,1,0,0.1,0,0.1,0.3,0,0.1,0.3,0.1,0,0,19694.2,1
41,4,2,0.1,0.2,0.1,0.2,0.5,0.1,0.2,0.5,0.1,0,0,39388.5,1
41,5,1,0,0.2,0,0.2,0.3,0,0.1,0.1,0,0,0.1,16370,1
41,30,2,0,0.1,0.2,0.1,0.7,0,0.3,0.4,0.1,0,0.1,33187.8,1
41,32,2,0,0.1,0.2,0.1,0.7,0,0.3,0.4,0.1,0,0.1,33187.8,1
41,33,8,0.1,0.3,0.7,0.5,2.9,0,1,1.6,0.6,0.1,0.2,132751.2,4
41,35,47.5,2.5,1.6,3.2,10,4.8,0.1,4.9,11.2,2.6,6.6,0,719940,2
41,36,1,0.1,0,0,0.2,0.1,0,0.2,0.2,0.1,0.1,0,22162.9,1
41,46,1,0,0,0,0.1,0.2,0,0.3,0.3,0,0,0.1,15371.1,1
42,1,3,0.1,0.2,0.1,0.6,1.1,0.1,0.2,0.2,0.3,0.1,0,66773.7,1
42,2,12,0.5,1.2,0.5,2.2,4,0.4,0.8,1.2,1,0.2,0,259403.8,4
42,3,9,0.3,1.2,0.3,1.2,2.1,0.3,0.9,2.1,0.6,0,0,177248.1,2
42,4,6,0.2,0.8,0.2,0.8,1.4,0.2,0.6,1.4,0.4,0,0,118165.4,1
42,16,1,0,0.1,0,0.1,0.2,0,0.2,0.2,0.1,0.1,0,25954.7,1
42,18,1,0,0.1,0,0.1,0.2,0,0.2,0.2,0.1,0.1,0,25954.7,1
42,19,22,0.9,2.5,0.6,2.7,4,0.4,3.4,4,1.4,1.7,0.4,571003.1,3
42,20,2,0.1,0.1,0,0.2,0.4,0,0.6,0.5,0.1,0,0,35939.1,1
42,21,2,0.1,0.1,0,0.2,0.4,0,0.6,0.5,0.1,0,0,35939.1,1
42,22,6,0.2,0.1,0.2,0.5,1.4,0,1.8,1.1,0.4,0.2,0.1,121007.5,3
42,23,13,0,0,0.7,1.5,3.2,0,3.9,1.7,1.5,0.5,0,290761.3,3
42,34,2,0,0.1,0.2,0.1,0.7,0,0.3,0.4,0.1,0,0.1,33187.8,1
42,35,112,6.4,1.3,8.8,12.8,21.6,2.8,16,27.3,4.6,10.1,0.3,2281467.9,2
42,36,13,0.4,0.4,1.1,0.9,4.3,0,1.7,2.6,1,0.4,0.2,226858.6,3
42,37,6,0.1,0.3,0.5,0.3,2.1,0,0.8,1.2,0.4,0.1,0.2,99563.3,1
42,38,1,0,0,0.1,0.1,0.4,0,0.1,0.2,0.1,0,0,16593.9,1
43,2,4,0.2,0.3,0.2,0.8,1.4,0.2,0.2,0.2,0.4,0.1,0,89031.6,1
43,3,7,0.3,0.6,0.3,1.4,2.5,0.3,0.4,0.4,0.7,0.1,0,155805.3,3
43,4,6,0.3,0.5,0.3,1.2,2.2,0.2,0.3,0.3,0.5,0.2,0,133547.4,1
43,11,4,0.2,0.5,0.1,0.5,1.2,0,0.8,0.1,0.2,0.2,0.2,101990.9,1
43,17,1,0,0.1,0,0.1,0.2,0,0.2,0.2,0.1,0.1,0,25954.7,1
43,18,17,0.7,1.9,0.5,2.1,3.1,0.2,2.7,3.2,1.1,1.3,0.2,441229.7,3
43,19,136.5,4.7,20.8,8.5,7,52.9,5.3,9.4,11.9,7.5,4.2,4.3,3349879.5,1
43,20,16,1,0.6,0,1.4,3,0,4.7,4.1,0.6,0.3,0.3,287513,2
43,22,4,0.2,0.2,0,0.3,0.7,0,1.2,1,0.2,0.1,0.1,71878.2,1
43,23,11,0,0,0.7,1.3,2.7,0,3.3,1.4,1.2,0.4,0,246028.8,3
43,37,1,0,0,0.1,0.1,0.4,0,0.1,0.2,0.1,0,0,16593.9,1
44,3,8,0.3,0.6,0.4,1.6,2.9,0.3,0.5,0.5,0.7,0.2,0,178063.2,2
44,7,3,0,0.6,0.1,0.5,1,0,0.4,0.2,0.1,0,0.1,49110.1,1
44,11,6,0.3,0.8,0.1,0.8,1.7,0,1.2,0.2,0.3,0.3,0.3,152986.4,1
44,12,7,0.4,0.9,0.1,0.9,2,0,1.4,0.1,0.4,0.4,0.4,178484.1,2
44,13,13,0.7,1.6,0.3,1.6,3.7,0,2.7,0.3,0.7,0.7,0.7,331470.5,1
44,14,9,0.4,1.1,0.2,1.1,2.6,0,1.9,0.2,0.5,0.5,0.5,229479.5,2
44,16,7,0.3,0.8,0.2,0.8,1.3,0.1,1.1,1.3,0.4,0.6,0.1,181682.8,2
44,17,17,0.7,2,0.4,2.1,3.1,0.3,2.7,3.1,1,1.3,0.3,441229.6,4
44,18,19,0.9,2.2,0.6,2.2,3.5,0.3,2.9,3.5,1.2,1.4,0.3,493139,3
44,19,118,3.3,14,5.9,13.7,33.5,2.5,13.5,14.5,10.3,5.3,1.5,2835556.9,2
44,20,41,0.5,4.4,2,2.7,10.6,0,7.7,7.3,2.4,2.2,1.2,1019116.9,2
44,21,6,0.4,0.2,0,0.6,1.2,0,1.8,1.6,0.2,0,0,107817.4,4
44,22,12,0.3,0.3,0.4,1.3,2.5,0,3.6,2.3,0.9,0.3,0.1,242014.9,4
45,7,1,0,0.2,0,0.2,0.3,0,0.1,0.1,0,0,0.1,16370,1
45,11,16,0.8,1.6,0.6,2.8,3.2,0.8,1.9,2.8,1.1,0.2,0.2,308683,2
45,12,18,0.5,1.6,0.6,2.9,3.5,0.5,2.4,4.1,1.2,0.5,0.2,367653.1,3
45,13,3,0,0.2,0.1,0.4,0.6,0,0.5,0.9,0.2,0.1,0,65522.4,1
45,15,5,0,0.2,0.4,0.4,1.1,0,1.2,0.9,0.4,0.3,0.1,119407.4,2
45,16,44,0,2.3,2.8,3.7,9.8,0.3,10.9,7.8,3.4,2.3,0.7,1050785.4,4
45,17,30,0.5,3.1,1.5,3.3,7.2,0.3,4.9,4.5,2,2,0.7,722647.4,4
45,18,66,4.6,5.2,2.3,17.1,10.7,2.4,9.1,9.1,2.8,1.9,0.8,1588271.2,2
45,19,124.5,6.1,11.6,7.5,23.5,24.9,0.8,15.2,15.3,7.8,9.4,2.4,2823576.1,3
45,20,14,0.8,1.3,0.6,1.5,2.8,0.1,2.7,2.3,1.1,0.3,0.5,340282.1,2
45,21,5,0.3,0.5,0.2,0.5,1,0.1,0.9,0.8,0.4,0.1,0.2,121529.3,1
45,22,9,0.4,0.9,0.5,0.9,1.8,0.1,1.7,1.5,0.7,0.2,0.3,217515.1,2
46,5,1,0,0.2,0,0.2,0.3,0,0.1,0.1,0,0,0.1,16370,1
46,7,2,0,0.4,0.1,0.3,0.6,0,0.2,0.2,0.1,0,0.1,32740.1,1
46,10,7,0.3,0.7,0.2,1.3,1.4,0.4,0.8,1.3,0.5,0,0.1,135048.8,3
46,11,12,0.7,1.2,0.4,2,2.4,0.7,1.5,2,0.8,0.1,0.2,231512.3,2
46,12,12,0.5,1.2,0.4,2.1,2.4,0.7,1.4,2.1,0.8,0.2,0.2,231512.2,2
46,15,11,0,0.6,0.8,0.9,2.5,0,2.7,1.9,0.8,0.6,0.2,262696.3,3
46,16,11,0,0.6,0.7,0.9,2.4,0,2.7,2,0.9,0.6,0.2,262696.3,2
46,17,43.5,0.6,4,2.2,4.5,10.2,0.6,7.8,6.8,3,2.8,1,1046210.3,4
46,18,93,2.1,9.9,3.5,9.9,21.7,1.8,15.7,14.7,4.5,7.7,1.5,2160832.9,3
46,19,69,1.4,7.7,3.4,7.7,16.4,1,10,10,4.6,4.8,2,1665655.2,4
46,20,15,0.8,1.4,0.7,1.6,3,0.2,2.8,2.5,1.2,0.3,0.5,364588,2
46,21,19.5,1.1,1.9,0.8,2,3.9,0.2,3.7,3.2,1.6,0.5,0.6,473964.3,3
46,22,11,0.2,1.7,0.8,1,2.3,0,2,2,0.4,0.3,0.3,257463,3
46,23,10,0,1.8,0.8,0.8,2.2,0,1.7,1.9,0.2,0.3,0.3,230681.7,2
47,2,1,0,0.2,0,0.2,0.3,0,0.1,0.1,0,0,0.1,16370,1
47,12,4,0.1,0.3,0.1,0.8,1,0.1,0.6,0.7,0.1,0.1,0.1,81941.8,3
47,13,7,0,0.5,0.2,1,1.3,0,1.1,2.1,0.5,0.3,0,152885.5,2
47,14,9,0,0.7,0.3,1.3,1.7,0,1.4,2.7,0.6,0.3,0,196567.1,2
47,15,4,0,0.2,0.3,0.3,0.9,0,1,0.7,0.3,0.2,0.1,95525.9,1
47,16,14.5,0.2,0.7,0.9,1.4,3.7,0.1,3.4,2.1,0.9,0.8,0.3,334331.9,2
47,17,66,0.5,3.4,3.6,8.4,12.8,0.4,13.7,9.3,4.2,8.7,1,1470365.8,3
47,18,231,4.7,24.5,17.4,22,74.2,3.1,22.3,40.3,14.6,5.6,2.3,4695032.4,1
47,19,4,0.1,0.4,0.2,0.4,0.9,0.1,0.6,0.6,0.3,0.3,0.1,96559.7,1
47,20,8,0.4,0.7,0.4,0.8,1.6,0.1,1.5,1.3,0.7,0.2,0.3,194446.9,1
47,21,13,0.7,1.2,0.6,1.3,2.6,0.2,2.4,2.1,1.1,0.3,0.5,315976.2,2
47,22,34,1,3.2,0.6,7.3,5.3,0,2.2,9,3,2.2,0.2,867505.6,3
47,23,10.5,0,1.8,0.8,0.8,2.4,0,1.7,2.1,0.3,0.3,0.3,242215.7,2
48,11,8.5,0.4,0.5,0.2,1.5,2.3,0.1,1.1,1.4,0.3,0.4,0.3,200729,1
48,12,6,0.3,0.3,0.2,1,1.6,0.1,0.8,1,0.2,0.3,0.2,141691.1,1
48,13,7,0.2,0,0.3,1,2.3,0.1,2.3,0.3,0.2,0,0.3,138188.2,1
48,14,2.5,0.1,0,0.1,0.4,0.8,0,0.8,0.1,0.1,0,0.1,49352.9,1
48,15,3,0.1,0.2,0.2,0.3,0.9,0,0.6,0.3,0.1,0.2,0.1,66129.2,2
48,16,6,0.2,0.4,0.4,0.6,1.8,0,1.2,0.6,0.2,0.4,0.2,132258.4,3
48,17,882.5,61.2,79.5,44,157,170.5,25,83.1,136.1,51.4,61,13.7,1.66949002E7,1
48,18,241,13.5,19.9,7.5,31.3,50.5,5,33.9,32.1,20.1,24.6,2.6,5356188,2
48,19,1,0,0.2,0,0.1,0.2,0,0.1,0.3,0,0.1,0,24913,1
48,22,1,0,0.1,0,0.3,0.1,0,0,0.3,0.1,0.1,0,26149.2,1
49,10,21,0.9,1.2,0.6,3.7,5.5,0.4,2.9,3.4,0.8,0.9,0.7,495918.7,4
49,11,27,1.2,1.6,0.9,4.7,7.1,0.4,3.6,4.4,1,1.2,0.9,637609.8,4
49,12,14,0.5,0.2,0.4,2.2,4.4,0.3,3.8,1.1,0.4,0.2,0.5,291872.5,3
49,13,4,0.1,0,0.1,0.6,1.3,0.1,1.3,0.2,0.1,0,0.2,78964.7,1
49,14,3,0.1,0,0.1,0.4,1,0.1,1,0.1,0.1,0,0.1,59223.5,1
49,15,2,0.1,0.1,0.1,0.2,0.6,0,0.4,0.2,0.1,0.1,0.1,44086.1,1
49,16,14,0.5,0.7,0.8,1.5,4.1,0,3,1.5,0.6,0.8,0.5,308603,2
49,17,311.5,21.5,19,15,55,62,14,41,45,16,21,2,6671800.4,0
49,18,90,0.4,7.6,3.4,10.4,18.8,1,13.8,20.2,4.8,8.2,1.4,2105069.7,1
49,19,2,0,0.3,0,0.2,0.4,0,0.3,0.5,0.1,0.1,0.1,49826,1
50,6,8,0.3,0.4,0.1,1.2,1.9,0,1.7,1.9,0.4,0,0.1,201930.9,2
50,7,17,0.5,1.4,0.3,2.4,4.4,0.3,4.2,2.8,0.5,0,0.2,431066.4,2
50,8,3,0,0.4,0.1,0.4,0.8,0.1,0.8,0.3,0.1,0,0,76460.3,1
50,9,4,0.1,0.5,0.1,0.6,1.1,0.1,1.1,0.3,0.1,0,0,101947.1,1
50,10,8,0.1,0.4,0.7,0.4,2,0,1.5,2,0.4,0.4,0.1,175133.5,3
50,11,2,0,0.1,0.2,0.1,0.5,0,0.4,0.5,0.1,0.1,0,43783.4,1
50,12,3,0,0.2,0.2,0.2,0.8,0,0.5,0.8,0.2,0.1,0,65675,1
50,16,11,0.6,1.5,0.5,1.6,3,0.5,1.1,2,0,0,0.2,257900.2,2
50,17,18,1,2.2,0.7,2.7,4.6,0.6,2,3.1,0.4,0.3,0.4,435227.6,3
50,18,33,1.9,2.7,0.5,5.4,7.8,0.2,4.8,4.8,2.1,1.8,1,846350.3,4
50,54,2,0,0,0.1,0.1,0.5,0.1,0.5,0.5,0,0,0.2,30742.2,1
51,3,2,0,0.1,0.1,0.3,0.5,0.1,0.4,0.2,0.2,0.1,0,44862.3,1
51,4,4.5,0.1,0.3,0.2,0.7,1.2,0.1,0.8,0.5,0.4,0.1,0.1,100940.2,1
51,6,7,0.3,0.3,0.2,1,1.6,0,1.5,1.6,0.3,0,0.2,176689.6,1
51,7,30,0.9,2.4,0.5,4.3,7.7,0.5,7.3,5.1,1,0,0.3,760431.1,4
51,8,25,0.4,3,0.5,3.6,7,0.9,7,2.2,0.4,0,0,637169.2,3
51,16,1,0.1,0.1,0.1,0.1,0.3,0,0.1,0.2,0,0,0,23445.5,1
51,17,87,3.9,10.5,4.6,8.9,21.7,1.4,10.2,17.9,1.1,2.9,3.9,2023449.7,3
51,18,47,2.7,3.8,0.8,7.7,11,0.3,6.9,7,3.1,2.4,1.3,1205407.9,4
51,19,4,0.2,0.3,0.1,0.7,0.9,0,0.6,0.6,0.3,0.2,0.1,102587.9,1
51,21,3,0.2,0.3,0.1,0.5,0.7,0.1,0.6,0.3,0.1,0.1,0,62177.2,1
51,54,2,0,0,0.1,0.1,0.5,0.1,0.5,0.5,0,0,0.2,30742.2,1
52,4,2,0,0.1,0.1,0.3,0.5,0.1,0.4,0.2,0.2,0.1,0,44862.3,1
52,5,60,2.3,1.4,0.2,19.2,14.9,0.1,6.1,5.8,3.5,5.2,1.3,1536492.2,2
52,6,17,0.8,1,0.6,2.9,4.8,0.3,2.4,1.2,1.4,0.7,0.9,442488.2,3
52,7,4,0.1,0.5,0.1,0.6,1.1,0.1,1.1,0.3,0.1,0,0,101947.1,1
52,17,29,1.4,3.1,1,4.1,7.3,0.6,3.8,5,1.1,1,0.6,695161.5,4
52,18,10,0.6,0.8,0.1,1.6,2.3,0.1,1.5,1.5,0.7,0.5,0.3,256469.8,1
52,19,12,0.3,1.3,0.5,1.1,3,0,1.8,2.2,0.6,1,0.2,265091.2,3
52,20,15.5,0.8,1.6,0.7,2.5,3.4,0.4,3,1.6,0.4,0.8,0.3,321249.1,3
52,21,17,0.9,1.7,0.8,2.7,3.7,0.5,3.3,1.7,0.6,0.8,0.3,352337.7,3
53,0,1,0,0.1,0,0.2,0.3,0,0.2,0.1,0.1,0,0,22431.2,1
53,4,35,1,2.6,1.5,5.1,9.2,1,6.6,3.6,2.9,1,0.5,785090.4,3
53,5,114.5,5.5,7.8,9,15.5,29.1,2.5,22.5,9,7.6,1.5,4.5,2378625.6,3
53,6,9,0.5,0.6,0.3,1.5,2.6,0.2,1.2,0.3,0.8,0.5,0.5,235776.9,1
53,18,3,0,0.4,0.2,0.1,0.8,0,0.5,0.6,0.1,0.3,0,58652.7,1
53,19,55.5,1,2.1,4.6,8.4,9.5,1,12.5,10.1,1.4,3.9,1,1241693.3,3
53,20,25,1.4,2.5,1.1,4.1,5.5,0.7,4.8,2.5,0.8,1.1,0.5,518143.6,3
53,21,21.5,1.3,2.2,0.9,3.6,4.8,0.6,4.2,2.2,0.6,0.9,0.2,445603.4,4
53,29,3,0.2,0.2,0.1,0.4,0.8,0.1,0.3,0.3,0.4,0.2,0,59173.3,1
53,30,6,0.2,0.6,0.5,0.4,2.2,0.1,0.5,0.6,0.4,0.3,0.2,128115.5,1
53,46,2,0.1,0,0.2,0.1,0.4,0.1,0.5,0.4,0.1,0.1,0,33693.1,1
54,0,12,0.3,0.9,0.5,1.8,3.2,0.3,2.3,1.2,1,0.3,0.2,269173.8,1
54,3,6,0.1,0.4,0.3,0.9,1.5,0.2,1.2,0.6,0.5,0.2,0.1,134586.9,2
54,4,6,0.2,0.4,0.2,0.9,1.6,0.2,1.1,0.6,0.5,0.2,0.1,134586.9,1
54,17,5,0,0.6,0.3,0.2,1.3,0,0.8,1.1,0.2,0.5,0,97754.5,1
54,18,2,0,0.3,0.1,0.1,0.5,0,0.3,0.4,0.1,0.2,0,39101.8,1
54,19,15,0,1.9,0.9,0.7,3.9,0,2.3,3.3,0.6,1.4,0,293263.5,3
54,20,25,1.4,2.5,1.2,4.1,5.5,0.7,4.8,2.5,0.7,1.2,0.4,518143.6,2
54,24,2,0.1,0.2,0.1,0.3,0.4,0.1,0.4,0.2,0.1,0.1,0,41451.5,1
54,29,3,0.2,0.2,0.1,0.4,0.8,0.1,0.3,0.3,0.4,0.2,0,59173.3,1
54,30,3,0.1,0.3,0.3,0.2,1.1,0.1,0.2,0.3,0.2,0.1,0.1,64057.7,1
54,31,5,0.2,0.5,0.4,0.4,1.9,0.1,0.4,0.5,0.3,0.2,0.1,106762.9,1
54,53,2,0,0,0.1,0.1,0.5,0.1,0.5,0.5,0,0,0.2,30742.2,1
55,0,56,2.7,3.4,1.6,9,16.2,1.2,10.6,5,2.5,2.4,1.4,1403744.2,2
55,1,15,0.7,1.4,0.6,2,4.3,0.2,1.6,2,1.6,0.3,0.3,364139,2
55,2,20,1,1.8,0.8,2.7,5.7,0.2,2.2,2.7,2.1,0.4,0.4,485518.7,3
55,18,7,0.1,0.4,0.5,0.4,1.8,0,1.3,1.8,0.4,0.2,0.1,153241.8,1
55,19,25,0.5,1.3,1.9,1.3,6.3,0,4.6,6.3,1.3,1,0.5,547292,3
55,20,4,0.2,0.3,0.1,0.6,1.1,0.1,0.4,0.4,0.5,0.3,0,78897.8,1
55,21,2,0.1,0.1,0.1,0.3,0.6,0.1,0.2,0.2,0.2,0.1,0,39448.9,1
55,32,8,0.6,0.5,0,0.6,1.6,0.2,1.8,1.8,0.2,0.5,0.2,173794.2,2
55,33,5,0.4,0.3,0,0.4,1,0.1,1.1,1.2,0.1,0.3,0.1,108621.4,1
55,34,2,0.2,0.1,0,0.2,0.4,0,0.5,0.5,0,0.1,0,43448.5,1
55,42,3,0.1,0,0.3,0.2,0.6,0.1,0.8,0.7,0.1,0.1,0,50539.7,1
55,43,9,0.3,0,1,0.7,1.7,0.3,2.4,1.9,0.3,0.4,0,151619.1,3
55,52,2,0,0,0.1,0.1,0.5,0.1,0.5,0.5,0,0,0.2,30742.2,1
55,53,4,0,0,0.1,0.3,1,0.1,1,1.1,0,0,0.4,61484.4,1
56,0,7,0.4,0.7,0.4,0.9,2,0.1,0.7,0.9,0.7,0.1,0.1,169931.5,3
56,1,5,0.2,0.5,0.2,0.7,1.4,0.1,0.5,0.7,0.5,0.1,0.1,121379.7,1
56,20,6,0.4,0.4,0.2,0.9,1.7,0.2,0.5,0.6,0.7,0.4,0,118346.7,1
56,32,2,0.2,0.1,0,0.2,0.4,0,0.5,0.5,0,0.1,0,43448.5,1
56,33,6,0.5,0.3,0,0.5,1.2,0.1,1.4,1.5,0.1,0.3,0.1,130345.6,2
56,34,3,0.3,0.2,0,0.3,0.6,0,0.7,0.7,0,0.2,0,65172.8,2
56,42,1,0,0,0.1,0.1,0.2,0,0.3,0.2,0,0.1,0,16846.6,1
56,43,3,0.1,0,0.3,0.2,0.6,0.1,0.8,0.6,0.1,0.2,0,50539.7,2
56,52,3,0,0,0.1,0.2,0.7,0.1,0.8,0.8,0,0,0.3,46113.3,2
57,0,11,0.6,1,0.4,1.5,3,0.1,1.2,1.5,1.1,0.3,0.3,267035.3,2
57,20,5,0.3,0.3,0.2,0.8,1.4,0.1,0.5,0.5,0.6,0.3,0,98622.2,1
57,33,7,0.5,0.4,0,0.5,1.4,0.2,1.6,1.6,0.2,0.4,0.2,152069.9,1
57,34,8,0.5,0.5,0.1,0.6,1.6,0.1,1.8,1.9,0.2,0.4,0.3,179498,2
57,41,3,0.1,0,0.3,0.2,0.6,0.1,0.8,0.7,0.1,0.1,0,50539.7,1
57,42,1,0,0,0.1,0.1,0.2,0,0.3,0.2,0,0.1,0,16846.6,1
57,43,2,0.1,0,0.2,0.1,0.4,0.1,0.5,0.4,0.1,0.1,0,33693.1,1
57,44,2,0.1,0,0.2,0.1,0.4,0.1,0.5,0.4,0.1,0.1,0,33693.1,1
57,52,1,0,0,0,0.1,0.2,0,0.3,0.3,0,0,0.1,15371.1,1
58,0,5,0.2,0.5,0.2,0.7,1.4,0.1,0.5,0.7,0.5,0.1,0.1,121379.7,1
58,19,4,0.1,0.2,0.3,0.2,1,0,0.7,1,0.2,0.2,0.1,87566.7,1
58,28,3,0.2,0.2,0.1,0.4,0.8,0.1,0.3,0.3,0.4,0.2,0,59173.3,1
58,33,7,0.2,0.6,0.4,0.3,1.3,0,1.5,1.8,0.3,0.4,0.2,172033.6,1
58,34,17,0.3,1.4,1.1,0.7,3.3,0,3.5,4.4,0.7,1.1,0.5,417795.8,3
58,35,32,1.2,3.3,2.9,2.3,11.9,0.5,2.4,3.3,1.9,1.4,0.9,683282.4,3
58,43,1,0,0,0.1,0.1,0.2,0,0.3,0.2,0,0.1,0,16846.6,1
58,51,8,0,0,0.3,0.5,1.9,0.3,1.9,2.3,0,0,0.8,122968.8,2
58,52,2,0,0,0.1,0.1,0.5,0.1,0.5,0.5,0,0,0.2,30742.2,1
59,1,4,0.2,0.4,0.2,0.5,1.1,0.1,0.4,0.5,0.4,0.1,0.1,97103.7,1
59,19,6,0.1,0.3,0.5,0.4,1.5,0,1.1,1.5,0.3,0.2,0.1,131350.1,1
59,26,2,0.1,0.1,0.1,0.3,0.6,0.1,0.2,0.2,0.2,0.1,0,39448.9,1
59,34,21,0.5,1.7,1.3,0.9,4,0,4.4,5.4,0.9,1.3,0.6,516100.7,4
59,35,19.5,0.8,2,1.7,1.4,7.2,0.3,1.5,2,1.1,0.9,0.6,416375.3,3
59,36,2,0.1,0.2,0.2,0.1,0.7,0,0.2,0.2,0.1,0.1,0.1,42705.2,1
59,51,2,0,0,0.1,0.1,0.5,0.1,0.5,0.5,0,0,0.2,30742.2,1
60,19,2,0.1,0.1,0.1,0.3,0.6,0.1,0.2,0.2,0.2,0.1,0,39448.9,1
60,21,3,0.1,0.2,0,0.2,0.6,0.1,0.2,0.9,0.1,0.5,0.1,61157.2,1
60,22,11,0.3,0.9,0,0.9,2.1,0.3,0.7,3.3,0.4,1.8,0.3,224243.1,3
60,24,1,0,0.1,0,0.1,0.2,0,0.1,0.3,0,0.2,0,20385.7,1
60,33,12,0.2,1,1.3,0.9,3.3,0,1.3,2.1,0.2,1.5,0.2,271504.2,2
60,34,10,0.1,0.9,1.2,0.7,2.6,0,1.2,1.8,0.1,1.3,0.1,226253.6,3
60,35,22,0.9,1.8,0.7,1.4,5.1,0.4,2.4,7.5,0.6,1.1,0.1,483250.7,4
60,36,7,0.3,0.6,0.2,0.4,1.6,0.1,0.8,2.4,0.2,0.3,0.1,153761.6,1
60,43,1,0,0.1,0,0.1,0.2,0,0.2,0.3,0,0.1,0,18903.7,1
60,44,2,0,0.2,0,0.2,0.4,0,0.4,0.6,0,0.2,0,37807.4,2
61,19,2,0.1,0.1,0.1,0.3,0.6,0.1,0.2,0.2,0.2,0.1,0,39448.9,1
61,20,2,0,0.2,0,0.2,0.4,0,0.1,0.6,0.1,0.3,0.1,40771.5,1
61,29,2,0.1,0,0.1,0.4,0.5,0.1,0.2,0.4,0.2,0,0,33708.2,1
61,30,6,0,0.8,0.1,0.5,2.1,0,0.5,1.1,0.6,0,0.3,98235.1,1
61,33,24,0.4,2,2.7,1.7,6.4,0,2.7,4.2,0.4,3.1,0.4,543008.5,4
61,34,63,0.4,1.6,5.2,4.4,12.4,0,10.2,12.5,2.4,12.5,1.4,1546036.5,3
61,35,20.5,0.8,1.8,0.7,1.3,4.8,0.3,2.3,7,0.5,0.9,0.1,450301.8,4
61,36,19,0.6,1.6,0.6,1.3,4.4,0.4,2.1,6.5,0.5,0.9,0.1,417352.8,4
61,38,9,0,0.4,0.4,0,2.3,0,2.7,1.4,0,1.8,0,176639.9,1
61,82,2,0,0.2,0.1,0.3,0.7,0,0.1,0.3,0.2,0.1,0,46372,1
62,23,21,0,0,0,1,3,0,6,6,0,5,0,358082.7,0
62,24,19.5,0.5,1.6,0,1.6,3.8,0.5,1.1,5.9,0.8,3.2,0.5,397522,1
62,25,2,0.1,0,0.1,0.4,0.5,0.1,0.2,0.4,0.2,0,0,33708.2,1
62,26,1,0.1,0,0,0.2,0.3,0,0.1,0.2,0.1,0,0,16854.1,1
62,27,21,1,1.2,0.8,2.5,4.4,0.8,2.5,4.3,1.1,1.8,0.6,415364,2
62,28,4,0.2,0.1,0.2,0.7,0.9,0.1,0.5,0.8,0.3,0.1,0.1,71511.6,2
62,29,3,0.1,0.1,0.2,0.5,0.7,0.1,0.3,0.6,0.2,0.1,0.1,54657.5,2
62,30,15,0,2,0.3,1,5.4,0,1.2,2.8,1.5,0,0.8,245587.7,3
62,31,3,0,0.4,0.1,0.2,1.1,0,0.2,0.5,0.3,0,0.2,49117.6,1
62,32,5,0.1,0.4,0.4,0.4,1.5,0,0.5,0.9,0.2,0.5,0.1,106873.9,2
62,33,455,17,37,20,66,100,11.5,66,95,17.5,19,6,8277518,0
62,34,262.5,9.9,17.8,6.9,38.7,41.5,3.5,44.1,45.7,11.9,39.6,2.9,5192707.2,1
62,35,117.5,2.6,4.8,5.5,14,15.7,3.3,19.8,36.5,3.4,10.7,1.2,2662128.4,1
62,36,115,4.9,11,3.1,22.9,26.3,2.6,6,20.6,7,10.1,0.5,2128568.9,3
62,37,16,0.4,1.6,0.7,1.3,3.7,0.2,2,4,0.6,1.3,0.2,341737.8,4
62,38,11,0,0.6,0.6,0.4,2.7,0,2.9,1.8,0.2,1.8,0,216647.7,3
62,39,2,0.1,0.3,0.1,0.4,0.4,0,0.2,0.3,0.1,0.1,0,40007.7,1
62,42,1,0,0.1,0,0.1,0.2,0,0.2,0.3,0,0.1,0,18903.7,1
62,50,6,0,0.2,0.9,0.3,1.2,0,2.2,0.6,0.2,0,0.4,85348.2,2
62,51,3,0,0.1,0.4,0.2,0.6,0,1.1,0.3,0.1,0,0.2,42674.1,1
62,77,5,0.3,0.4,0.3,0.6,1.1,0,0.7,1.4,0.1,0,0.1,90451.2,1
62,78,15,0.9,1.2,0.9,1.7,3.3,0,2.1,4.1,0.4,0,0.4,271353.6,3
62,80,2,0,0.2,0,0.4,0.8,0,0,0.4,0.2,0,0,46372,2
63,25,14,0.8,0,0.4,3,3.4,0.4,1.8,3,1.2,0,0,235957.2,2
63,27,2,0.1,0.1,0.1,0.2,0.4,0.1,0.2,0.4,0.1,0.2,0.1,41898.6,1
63,28,6,0.2,0.4,0.3,0.5,1.2,0.2,0.7,1.2,0.3,0.7,0.3,125695.8,2
63,30,1,0,0.1,0,0.1,0.4,0,0.1,0.2,0.1,0,0,16372.5,1
63,32,3,0,0.4,0.1,0.2,1.1,0,0.2,0.5,0.3,0,0.2,49117.6,1
63,34,31,0,3,1,3,7,0,6,2,2,7,0,840242.4,0
63,35,8,0.1,0.8,0.3,0.5,2.3,0.1,0.6,1.5,0.3,1.3,0.2,186965.8,2
63,36,172,6.5,21.8,6,23.5,44.6,6.5,14.1,22,12.5,11,3.5,3628908.9,2
63,37,122.5,5,3,9,22,23,6,21,16,12.5,4,1,2724276,0
63,38,58,1.6,3.9,4.2,8.5,10.7,0.2,9.8,6.2,6.3,3.8,2.8,1177992.4,2
63,39,49,0.3,6.5,0.5,4.8,11.9,1.2,7.8,8.6,1.7,5.5,0.2,1034685.8,2
63,50,7,0,0.3,1,0.4,1.4,0,2.5,0.7,0.3,0,0.4,99572.9,2
64,25,3,0.2,0,0.1,0.6,0.8,0.1,0.3,0.6,0.3,0,0,50562.3,2
64,30,3,0,0.4,0,0.2,1.1,0,0.3,0.6,0.3,0,0.1,49117.5,2
64,31,7,0,0.9,0.1,0.5,2.6,0,0.6,1.3,0.7,0,0.3,114607.6,3
64,32,3,0.1,0.2,0.1,0.3,0.5,0,0.9,0.3,0.1,0.4,0.1,70712.9,1
64,37,5,0.2,0.7,0.3,0.9,1,0.1,0.4,0.8,0.3,0.2,0.1,100019.3,1
64,38,6,0.2,0.9,0.3,1.1,1.2,0.1,0.5,0.9,0.4,0.3,0.1,120023.2,2
64,39,19,0.6,2.8,1.1,3.4,3.7,0.2,1.7,3.1,1.3,0.8,0.3,380073.5,2
64,40,2,0.1,0.2,0.1,0.1,0.4,0,0.4,0.5,0.1,0.1,0,37807.4,1
64,41,5,0.2,0.5,0.2,0.3,1.1,0,1.1,1.2,0.2,0.2,0,94518.4,1
64,42,2,0.1,0.2,0.1,0.1,0.4,0,0.4,0.5,0.1,0.1,0,37807.4,1
64,50,1,0,0,0.2,0,0.2,0,0.4,0.1,0,0,0.1,14224.7,1
64,51,2,0,0.1,0.3,0.1,0.4,0,0.7,0.2,0.1,0,0.1,28449.4,1
64,76,4,0.3,0.3,0.3,0.4,0.9,0,0.5,1.1,0.1,0,0.1,72360.9,2
65,24,33,1.4,2.4,3,7.2,3.7,1,7.1,3.2,1,3,0,616757.9,2
65,25,16,0.9,0.9,0,2.6,2.3,0,2.4,3.1,1.4,2.4,0,267673.6,3
65,26,18,1.1,1.1,0,3.2,2.5,0,2.5,3.6,1.5,2.5,0,301132.8,4
65,27,14,0.9,0.9,0,2.3,2,0,2,2.6,1.2,2.1,0,234214.4,1
65,40,5,0.2,0.5,0.2,0.3,1.1,0,1.1,1.2,0.2,0.2,0,94518.4,1
65,41,8,0.3,0.8,0.3,0.6,1.7,0,1.7,2,0.3,0.3,0,151229.5,1
65,42,2,0.1,0.2,0.1,0.1,0.4,0,0.4,0.5,0.1,0.1,0,37807.4,1
65,49,4,0.1,0,0,0.8,0.6,0.1,0.8,0.7,0.3,0.6,0,97293.8,1
66,23,9,0.5,0.5,0,1.5,1,0,4,1.5,0,0,0,193845.2,2
66,24,2,0.1,0.1,0,0.3,0.2,0,0.9,0.4,0,0,0,43076.7,1
66,49,8,0.3,0,0,1.6,1.1,0.3,1.8,1.3,0.5,1.1,0,194587.7,3
66,55,1,0,0,0.2,0,0.2,0,0.4,0.1,0,0,0.1,14224.7,1
67,49,2,0,0,0,0.4,0.2,0,0.4,0.4,0.2,0.4,0,48647,2
68,48,6,0.2,0,0,1.3,0.8,0.2,1.3,1,0.4,0.8,0,145940.7,1
68,49,2,0.1,0,0,0.4,0.3,0.1,0.4,0.3,0.1,0.3,0,48646.9,1
69,47,5,0.1,0,0,1,0.7,0.1,1,0.9,0.4,0.8,0,121617.3,2
69,49,2,0.1,0,0,0.4,0.3,0.1,0.4,0.3,0.1,0.3,0,48646.9,1
70,46,15.5,0.6,2.1,0.6,3,2.1,0.6,2.1,1.6,1.6,0.6,0.6,207812.2,2
70,47,256.5,4,17.5,17.5,22,57,1,59,46,6.5,23,3,4319039.9,0
70,48,11,0.3,0.6,0.3,1,1.3,0,3.8,2.8,0,0.3,0.6,181626.3,1
70,49,8,0.2,0.4,0.3,0.7,0.9,0,2.8,2,0,0.3,0.4,132091.9,2
70,50,11,0.8,0.4,0,1.2,2.3,0,1.6,3.5,1.2,0,0,234071.2,2
70,51,91,4,7,0,9,22,1,13,18,6,8,3,1661559,0
71,46,10,0.3,1.4,0.4,1.9,1.4,0.3,1.5,1,1,0.4,0.4,134072.4,3
71,47,1,0,0.2,0,0.2,0.2,0,0.2,0.1,0.1,0,0,13407.2,1
71,51,86.5,1,8.5,2,10,20,2,8,14,3,18,0,1679451.6,0
71,52,46,1.5,3.2,4,3.8,9.5,1,8,7.3,4.7,3,0,701232,1
71,53,8,0.6,0.3,0,0.9,1.7,0,1.1,2.6,0.8,0,0,170233.6,1
71,54,2,0.2,0.1,0,0.2,0.4,0,0.3,0.6,0.2,0,0,42558.4,1
71,59,4,0,0.3,0.3,0.2,0.3,0.1,0.6,1.9,0.1,0.2,0,72153.9,1
71,68,2,0.1,0.2,0.1,0.2,0.4,0,0.3,0.5,0.1,0,0.1,36180.5,1
72,46,2,0,0.1,0.1,0.2,0.2,0,0.7,0.5,0,0.1,0.1,33023,1
72,47,4,0,0.4,0.2,0.6,0.5,0,1,0.7,0.2,0.2,0.2,59837.5,2
72,57,8,0,0.6,0.6,0.4,0.7,0.2,1.1,3.8,0.2,0.4,0,144307.9,1
72,58,2,0,0.2,0.2,0.1,0.2,0,0.3,0.9,0,0.1,0,36077,1
72,81,3,0.3,0.2,0.2,0.5,1.1,0.1,0.3,0.2,0.1,0,0,66113.4,1
72,82,5,0.5,0.3,0.3,0.8,1.9,0.2,0.5,0.3,0.2,0,0,110189,1
73,48,3,0.1,0.2,0.1,0.2,0.3,0,1,0.8,0,0.1,0.2,49534.4,1
73,57,3,0,0.2,0.2,0.2,0.2,0.1,0.4,1.4,0.1,0.2,0,54115.5,1
73,61,3,0.2,0.2,0.2,0.3,0.7,0,0.4,0.8,0.1,0,0.1,54270.7,1
73,79,4,0.3,0.6,0.2,0.7,0.9,0,0.5,0.5,0.2,0.1,0,86545.4,1
73,82,6,0.6,0.4,0.4,0.9,2.3,0.2,0.6,0.4,0.2,0,0,132226.8,1
74,45,5,0.1,0.3,0.1,0.5,0.6,0,1.7,1.3,0,0.1,0.3,82557.4,2
74,46,2,0,0.1,0.1,0.2,0.2,0,0.7,0.5,0,0.1,0.1,33023,1
74,47,2,0,0.1,0.1,0.2,0.2,0,0.7,0.5,0,0.1,0.1,33023,1
74,58,19,0,1.5,1.5,1,1.5,0.5,2.5,9,0.5,1,0,342731.2,1
74,61,7,0.4,0.6,0.4,0.8,1.5,0,1,1.9,0.2,0,0.2,126631.7,1
74,81,9,0.9,0.6,0.6,1.4,3.4,0.3,0.9,0.6,0.3,0,0,198340.2,2
74,82,6,0.6,0.4,0.4,0.9,2.3,0.2,0.6,0.4,0.2,0,0,132226.8,2
74,83,22.5,2.2,1.6,1.4,3.4,8.7,0.8,2.2,1.4,0.8,0,0,495850.6,2
74,86,1,0,0.1,0,0.2,0.4,0,0,0.2,0.1,0,0,23186,1
75,52,2,0,0.2,0.2,0.1,0.2,0,0.3,0.9,0,0.1,0,36077,1
75,65,4,0.4,0.1,0.3,0.3,0.7,0.3,0.9,0.7,0,0.2,0.1,85592,1
75,70,3,0.1,0.2,0.3,0.4,0.7,0.2,0.3,0.7,0,0.1,0,57984.1,1
75,88,5,0,0.4,0.2,0.9,1.8,0,0.2,0.9,0.4,0.2,0,115930,1
76,65,21,2.1,0.5,1.6,1.6,3.7,1.6,4.7,3.7,0,1,0.5,449358,3
76,66,62,4,6,2,11,12,4,11,2,7,0,3,996329.8,0
76,70,5,0.1,0.4,0.5,0.6,1.2,0.4,0.5,1.1,0,0.2,0,96640.1,1
77,60,1,0,0.1,0.1,0.2,0.2,0,0.1,0.2,0.1,0,0,21636.4,1
77,63,7,0.3,0.7,0.3,1.4,1.5,0.3,0.9,1.2,0.3,0.1,0,151454.5,1
77,65,15,0.8,0.6,1,1.5,3,0.9,3.2,2.6,0.5,0.7,0.2,330904.7,4
77,66,107.5,3,14.5,6,12,38,0,11,12,2,7,2,2100906.1,0
77,67,6,0.6,0.1,0.4,0.5,1.1,0.4,1.3,1.1,0,0.3,0.2,128388,1
78,64,38.5,1.6,3.7,1.7,7.4,8.3,1.7,5,6.6,1.7,0.8,0,832999.6,1
78,65,126,3,9.3,4.9,9.2,32.2,6,22.6,27.2,4.2,7,0.4,2501933.6,2
78,66,55,1,3.2,3.1,7.4,13.6,0.9,14.9,5.3,2.5,1.9,1.2,1224393.4,2
78,67,34,0,2.2,1.9,4,7.8,1.5,6.6,5.6,2.5,1.5,0.4,775786.3,2
78,68,1,0.1,0,0.1,0.1,0.2,0.1,0.2,0.2,0,0,0,21398,1
78,71,2,0.1,0.2,0.2,0.2,0.5,0.1,0.2,0.4,0,0.1,0,38656,1
78,76,33,1,7,1,4,7,3,3,6,1,0,0,515107.3,0
78,77,14,1,2,0.7,2.5,3,0,1.8,1.8,0.7,0.5,0,302908.8,1
78,79,4,0.3,0.6,0.2,0.7,0.9,0,0.5,0.5,0.2,0.1,0,86545.4,1
79,67,4,0,0.2,0.2,0.5,0.9,0.2,0.8,0.7,0.3,0.2,0,91269,1
79,70,2,0.1,0.2,0.2,0.2,0.5,0.1,0.2,0.4,0,0.1,0,38656,1
79,73,253,4.7,15.1,10.8,40.6,47,7.1,47.9,45.4,11,21.4,2,5383954.6,2
79,74,391,7,25.5,16,39,80,5.5,66,84,18,44,6,7309604.8,0
79,75,230,8.1,18.1,14.1,23.2,51.2,2,29.1,43.1,14.1,23,4,4585624.7,1
79,76,31,2.2,4.4,1.7,5.5,6.6,0,3.9,3.9,1.7,1.1,0,670726.6,1
79,78,2,0.1,0.3,0.1,0.4,0.4,0,0.2,0.3,0.1,0.1,0,43272.7,1
80,70,5,0.3,0.4,0.1,0.6,1,0.3,1,1.1,0.1,0.1,0,93809.9,2
80,71,28.5,1.7,2.1,0.6,3.4,6.1,1.3,5.6,6.1,0.8,0.8,0,534716.4,4
80,72,26,1.8,1.3,0.7,4.5,6.5,1.1,4.4,4.3,0.5,0.9,0,503931.4,3
80,73,12,1,0,0.5,3.1,3.7,0.5,1.6,1.1,0,0.5,0,244487.7,1
80,74,28,0.1,1,2,2.3,7.3,0,7.1,7.1,1,0.1,0,614422.7,1
80,75,26,0,4.3,1.2,1.8,8.7,0.6,2,6.8,0.6,0,0,542385.1,3
80,76,9,0,1.5,0.4,0.6,3,0.2,0.7,2.4,0.2,0,0,187748.7,1
80,77,2,0.1,0.2,0.1,0.3,0.4,0.1,0.3,0.3,0.2,0,0,29061.2,1
81,44,1,0,0,0.1,0.2,0.1,0,0.3,0.1,0.1,0.1,0,18805.6,1
81,67,7,0.2,0.6,0.7,1.1,1.5,0,1.3,0.8,0.4,0.2,0.2,145099,1
81,71,1,0.1,0.1,0,0.1,0.2,0.1,0.2,0.2,0,0,0,18762,1
81,76,7,0,1.2,0.3,0.5,2.3,0.2,0.5,1.8,0.2,0,0,146026.8,1
81,78,5.5,0.2,0.7,0.2,0.8,1,0.3,0.9,0.7,0.7,0,0,79918.2,2
82,67,32.5,0.2,3,1.6,4,9.3,0,6.1,4.6,0.3,1.2,2.2,713674.3,1
82,78,3,0.1,0.3,0.1,0.5,0.6,0.2,0.5,0.4,0.3,0,0,43591.8,2
82,79,8,0.2,1,0.4,1.2,1.4,0.6,1.2,1,1,0,0,116244.6,2
82,80,7,0,1.1,0,1.1,2.7,0,0.6,1.1,0.4,0,0,89135.5,3
83,67,147,4,12.1,6,14.3,36.2,2.3,24.4,33.1,4.6,9,1,2947329.6,1
83,68,21,0,2.6,0,0.7,5.2,0.7,3.3,2.7,1.3,4.5,0,402443.2,2
83,70,7,0.4,0.5,0.2,0.8,1.5,0.3,1.4,1.5,0.2,0.2,0,131333.9,1
83,71,6,0.3,0.4,0.1,0.7,1.3,0.3,1.2,1.3,0.2,0.2,0,112571.9,1
83,79,9,0.3,1.1,0.4,1.4,1.7,0.5,1.4,1.1,1.1,0,0,130775.2,1
84,67,156,2.6,7.9,9.6,14.9,32.2,1,26.5,40.6,5.3,11.7,3.7,3025847.8,1
84,68,2,0,0.2,0,0.1,0.5,0.1,0.3,0.3,0.1,0.4,0,38327.9,1
84,71,3,0.2,0.2,0.1,0.4,0.6,0.1,0.6,0.6,0.1,0.1,0,56285.9,1
84,82,4,0,0.6,0,0.6,1.6,0,0.3,0.6,0.3,0,0,50934.5,1
85,62,2,0.1,0.3,0.1,0.4,0.1,0,0.1,0.7,0.1,0.1,0,26864.5,1
85,67,5,0.2,0.7,0.3,1,0.3,0,0.4,1.7,0.2,0.2,0,67161.3,1
85,68,3,0.1,0.4,0.2,0.6,0.2,0,0.2,1.1,0.1,0.1,0,40296.8,2
86,59,1,0,0,0.1,0.2,0.1,0,0.3,0.1,0.1,0.1,0,18805.6,1
86,60,6,0.2,0.8,0.4,1.3,0.4,0,0.4,2.1,0.2,0.2,0,80593.5,1
87,62,2,0.1,0.3,0.1,0.4,0.1,0,0.1,0.7,0.1,0.1,0,26864.5,1
87,67,2,0.1,0.3,0.1,0.4,0.1,0,0.1,0.7,0.1,0.1,0,26864.5,1
87,68,1,0,0.1,0.1,0.2,0.1,0,0.1,0.4,0,0,0,13432.3,1
87,84,2,0,0.3,0,0.3,0.8,0,0.2,0.3,0.1,0,0,25467.3,1
88,68,1,0,0.1,0.1,0.2,0.1,0,0.1,0.4,0,0,0,13432.3,1
88,69,3,0,0.3,0.3,0.6,0.3,0,0.3,1.2,0,0,0,40296.9,3
88,72,1,0,0.1,0,0.2,0.2,0.1,0.2,0.1,0.1,0,0,14530.6,1
89,69,4,0.1,0.6,0.3,0.8,0.3,0,0.3,1.4,0.1,0.1,0,53729,1
89,70,2,0.1,0.2,0.1,0.3,0.4,0.1,0.3,0.3,0.2,0,0,29061.2,1
89,73,2,0.1,0.2,0.1,0.3,0.4,0.1,0.3,0.3,0.2,0,0,29061.2,1
90,74,10,0.3,0,0.7,2.1,1.1,0.4,3.2,1.1,0.4,0.7,0,188056.1,1
90,76,1,0,0,0.1,0.2,0.1,0,0.3,0.1,0.1,0.1,0,18805.6,1
91,68,2,0.1,0,0.1,0.4,0.2,0.1,0.6,0.2,0.1,0.2,0,37611.2,1
91,74,35.5,2.1,3,2.3,5.9,8.4,2.6,4.3,3.4,2.2,1.3,0,671168.1,1
92,68,3,0.1,0,0.2,0.7,0.3,0.1,1,0.3,0.1,0.2,0,56416.8,1
97,69,6,0.2,0,0.4,1.4,0.6,0.2,2,0.6,0.2,0.4,0,112833.6,2
