x,y,Ind,Ind_0_3,Ind_11_17,Ind_18_24,Ind_25_39,Ind_40_54,Ind_4_5,Ind_55_64,Ind_65_79,Ind_6_10,Ind_80p,Ind_inc,Ind_snv,Men,Men_pauv
88,67,10,0.3,0.4,0.3,2.2,2.6,0.8,0.9,1.4,0.8,0.3,0,210172.5,4.1,0.4
88,34,1,0,0.1,0,0.1,0.2,0,0.2,0.2,0.1,0.1,0,24413.3,0.5,0.1
88,2,5,0.2,0.4,0.4,0.4,1.2,0.1,0.9,1,0.1,0,0.3,101867.2,1.6,0.1
88,68,4,0.1,0.2,0.1,0.9,1,0.3,0.4,0.6,0.3,0.1,0,84069,1.7,0.2
88,125,8,0.7,0,0,1.4,1.5,0,0,4.4,0,0,0,116427.5,5.5,1.8
88,126,5,0.5,0,0,0.9,0.9,0,0,2.7,0,0,0,72767.2,3.4,1.1
88,8,2,0.1,0.1,0.1,0.4,0.4,0.1,0.4,0.2,0.2,0,0,39891.8,0.8,0.1
89,33,2,0,0.1,0,0.2,0.5,0.1,0.3,0.4,0.1,0.3,0,48826.6,1,0.1
89,67,1,0,0.1,0,0.2,0.3,0.1,0.1,0.1,0.1,0,0,21017.3,0.4,0
89,35,6,0,0.4,0,0.6,1.5,0.2,1,1.3,0.3,0.7,0,146479.8,3.1,0.4
89,68,1,0,0.1,0,0.2,0.3,0.1,0.1,0.1,0.1,0,0,21017.3,0.4,0
89,5,4,0.1,0.3,0.1,0.8,0.9,0.1,0.9,0.4,0.4,0,0,79783.6,1.5,0.2
89,7,2,0.1,0.1,0.1,0.4,0.4,0.1,0.4,0.2,0.2,0,0,39891.8,0.8,0.1
89,8,21,0.8,1.5,0.8,3.9,4.7,0.6,4.5,2,2.1,0.1,0,418864.1,8,1.1
89,51,7,0.5,0.3,0.4,1,1.6,0.1,1,1.1,0.9,0,0.1,136328,2.5,0.4
89,53,38,1,5,1,5,8,1,8,2,2,3,2,824091.2,15,2
110,77,3,0,0.4,0,0.3,1.1,0,0.5,0.2,0.4,0.1,0,58906.4,1.2,0.3
110,22,5,0.1,1.3,0,0.8,1.1,0.1,0.5,0.4,0.5,0.2,0,111704.1,2,0.5
110,23,78,5,8,2,10,21,2,9,7,4,9,1,1495605.4,33,6
110,24,159,5,14,10,40,29,3,20,17,8,11,2,3246607.2,77,12
110,25,28,2,4,2,3,5,1,2,6,0,3,0,593370.3,15,2
110,37,1,0,0.2,0.1,0.1,0.2,0,0.2,0.2,0,0,0,24360.6,0.4,0
110,26,55,1,6,2,10,10,2,10,7,3,3,1,1069201.1,29,5
110,38,7,0.2,1.1,0.2,0.7,1.5,0,1.5,1.6,0.2,0,0,170523.9,3.1,0
110,27,32,0,7,1,3,8,0,6,5,1,1,0,711752.2,12,1
110,28,21,0.7,1.8,1.2,3.6,5,0.4,4.6,2.3,0.8,0.3,0.3,499421.4,8.3,0.8
110,29,16,0.5,1.4,1,2.7,3.8,0.3,3.5,1.8,0.6,0.2,0.2,380511.5,6.3,0.6
110,0,33.5,3,1,2,11,7,3.5,0,3,3,0,0,886408.4,12,1
110,1,27,1,2.6,1.4,4.9,5.5,0.4,2.8,3.8,2,1.6,1,683375.2,9.1,1.2
110,2,7,0.2,0.7,0.4,1.3,1.4,0.1,0.7,1,0.5,0.4,0.3,177171.4,2.4,0.3
110,3,38,1,3,2,5,12,0,3,11,1,0,0,851116.4,19,2
110,4,19,0.7,1.8,1,3.5,3.9,0.3,2,2.6,1.4,1.1,0.7,480893.7,6.4,0.8
110,5,25,0.7,2.6,1.3,4.1,7.1,0.5,2.4,4.1,1.2,0.3,0.7,687699.1,8.6,0.3
110,6,3,0.1,0.3,0.2,0.5,0.8,0.1,0.3,0.5,0.1,0,0.1,82523.9,1,0
110,7,2,0.1,0.2,0.1,0.3,0.6,0,0.2,0.3,0.1,0,0.1,55015.9,0.7,0
110,8,9,0.2,0.9,0.5,1.5,2.6,0.2,0.9,1.5,0.4,0.1,0.2,247571.7,3.1,0.1
110,80,3,0.1,0.4,0,0.4,0.9,0,0.2,0.4,0.3,0.1,0.2,58721.6,1.1,0.2
110,84,4,0.1,0.5,0,0.6,1.2,0,0.3,0.5,0.4,0.1,0.3,78295.4,1.4,0.2
110,85,43,2,2,2,13,8,1,5,5,5,0,0,1033773.8,19,2
110,31,3,0.1,0.5,0.1,0.3,0.6,0,0.6,0.7,0.1,0,0,73081.7,1.3,0
111,22,6,0.1,1.5,0,1,1.4,0.1,0.6,0.5,0.6,0.2,0,134044.9,2.4,0.6
111,23,8,0.2,2,0,1.3,1.8,0.2,0.8,0.6,0.8,0.3,0,178726.5,3.3,0.8
111,79,2,0,0.3,0,0.2,0.7,0,0.3,0.2,0.3,0,0,39271,0.8,0.2
111,25,22,0.7,1.9,1.3,3.8,5.2,0.4,4.8,2.4,0.9,0.3,0.3,523203.4,8.7,0.9
111,14,7,0,0.9,0.6,0.4,2,0,1,1.6,0.2,0.1,0.2,177593.9,2.6,0.2
111,26,32,0.5,6,0,6,9,0,5,1,1.5,2,1,810688.1,13,1
111,27,15,0.5,1.3,0.9,2.6,3.5,0.3,3.2,1.7,0.6,0.2,0.2,356729.6,5.9,0.6
111,28,12,0.4,1,0.7,2.1,2.8,0.2,2.6,1.3,0.5,0.2,0.2,285383.6,4.7,0.5
111,18,3,0,0.4,0.2,0.2,0.9,0,0.4,0.7,0.1,0,0.1,76111.7,1.1,0.1
111,29,9,0.3,0.8,0.5,1.5,2.1,0.2,2,1,0.4,0.1,0.1,214037.7,3.6,0.4
111,0,19,0.7,1.8,1,3.5,3.9,0.3,2,2.6,1.4,1.1,0.7,480893.7,6.4,0.8
111,1,380.5,23,40,21,82,91,9,34,37,26.5,11,6,7761875.3,167,22
111,2,33,2,4,2,4,7,0,5,5,2,1,1,703231.7,11,2
111,3,44.5,1,2.5,4,5,9,0,9,4,4,5,1,1022602.3,15,2
111,4,34,1.2,3.2,1.7,6.3,7,0.5,3.5,4.8,2.5,2,1.3,860546.6,11.5,1.5
111,5,10,0.3,1.1,0.5,1.6,2.8,0.2,1,1.6,0.5,0.1,0.3,275079.6,3.5,0.1
111,6,17,0.5,1.8,0.9,2.8,4.8,0.3,1.6,2.8,0.8,0.2,0.5,467635.4,5.9,0.2
111,105,2,0.1,0.2,0.1,0.3,0.3,0.2,0.4,0.2,0.1,0.1,0,46008.3,0.9,0
111,7,12.5,0.3,1.3,0.7,2,3.6,0.3,1.2,2,0.6,0.2,0.3,343849.5,4.3,0.2
111,8,21,0.6,2.2,1.1,3.4,6,0.4,2,3.4,1,0.3,0.6,577667.2,7.3,0.3
111,74,1,0,0.1,0,0.1,0.4,0,0.2,0.1,0.1,0,0,19635.5,0.4,0.1
111,31,2,0.1,0.3,0.1,0.2,0.4,0,0.4,0.4,0.1,0,0,48721.1,0.9,0
111,75,2,0,0.3,0,0.2,0.7,0,0.3,0.2,0.3,0,0,39271,0.8,0.2
111,21,4,0.1,1,0,0.6,0.9,0.1,0.4,0.3,0.4,0.2,0,89363.2,1.6,0.4
112,25,1,0,0.1,0.1,0.2,0.2,0,0.2,0.1,0.1,0,0,23782,0.4,0
112,26,5,0.2,0.4,0.3,0.8,1.2,0.1,1.1,0.5,0.2,0.1,0.1,118909.9,2,0.2
112,28,3,0.1,0.3,0.2,0.5,0.7,0.1,0.7,0.3,0.1,0,0,71345.9,1.2,0.1
112,18,2,0,0.2,0.2,0.1,0.6,0,0.3,0.4,0.1,0,0.1,50741.1,0.7,0.1
112,29,1,0,0.1,0.1,0.2,0.2,0,0.2,0.1,0.1,0,0,23782,0.4,0
112,0,13,0.5,1.2,0.7,2.4,2.7,0.2,1.3,1.8,0.9,0.8,0.5,329032.5,4.4,0.6
112,1,63,0,10,4,7,21,3,5,6,2,4,1,1463912.4,28,2
112,2,5,0.2,0.5,0.2,0.9,1,0.1,0.5,0.7,0.4,0.3,0.2,126551,1.7,0.2
112,3,31,1,4,1,4,9,2,3,5,1,1,0,855302,11,1
112,4,5,0.2,0.5,0.2,0.9,1,0.1,0.5,0.7,0.4,0.3,0.2,126551,1.7,0.2
112,5,56,3,6,3,7,13,1,11,6,3,1,2,1492898.4,17,0
112,6,14,0.4,1.5,0.7,2.3,4,0.3,1.3,2.3,0.6,0.2,0.4,385111.5,4.8,0.2
112,7,3,0.1,0.3,0.2,0.5,0.8,0.1,0.3,0.5,0.1,0,0.1,82523.9,1,0
112,8,7,0.2,0.7,0.4,1.1,2,0.2,0.7,1.1,0.3,0.1,0.2,192555.7,2.4,0.1
112,74,1,0,0.1,0,0.1,0.4,0,0.2,0.1,0.1,0,0,19635.5,0.4,0.1
112,21,10,0.2,2.5,0,1.6,2.3,0.2,1,0.8,1,0.4,0,223408.1,4.1,1
113,11,4,0,0.5,0.3,0.3,1.2,0,0.6,0.9,0.1,0,0.1,101482.2,1.5,0.1
113,12,7,0,0.9,0.6,0.4,2,0,1,1.6,0.2,0.1,0.2,177593.9,2.6,0.2
113,13,31,0,4,1,2,10,1,7,4,2,0,0,821651.8,12,1
113,14,15,0,1.9,1.2,0.9,4.3,0,2.2,3.4,0.5,0.1,0.5,380558.4,5.6,0.5
113,15,8,0.2,0.8,0.3,0.9,1.8,0.1,1.8,1.3,0.3,0.4,0.1,219894.2,3.3,0.1
113,16,8,0.2,0.8,0.3,0.9,1.8,0.1,1.8,1.3,0.3,0.4,0.1,219894.2,3.3,0.1
113,28,4,0.1,0.6,0.1,0.5,1.1,0.1,0.9,0.3,0.1,0.1,0.1,99115.3,1.4,0
113,0,5,0.1,0.6,0.6,0.5,1.7,0,0.5,0.5,0.2,0.1,0.2,125959.3,1.6,0.2
113,2,2,0,0.3,0.2,0.2,0.7,0,0.2,0.2,0.1,0,0.1,50383.7,0.6,0.1
113,3,2,0,0.3,0.2,0.2,0.7,0,0.2,0.2,0.1,0,0.1,50383.7,0.6,0.1
113,4,11,0.2,1.4,1.3,1.1,3.7,0.1,1.2,1.1,0.4,0.1,0.4,277110.5,3.5,0.5
113,5,23,0.4,3,2.6,2.2,7.6,0.2,2.5,2.4,0.9,0.3,0.9,579412.8,7.3,1
113,6,25,0.5,3.3,2.9,2.4,8.3,0.2,2.7,2.5,0.9,0.3,1,629796.5,8,1.1
113,7,19,0.4,2.5,2.2,1.8,6.3,0.1,2.1,1.9,0.7,0.3,0.7,478645.4,6.1,0.8
113,8,28,0,3,3,1,10,0,5,2,1,1,2,615226.9,11,1
113,9,9,0.2,1.2,1,0.9,3,0.1,1,0.9,0.3,0.1,0.3,226726.8,2.9,0.4
113,20,15,2,1.4,0.7,4.5,2.3,0,0.7,1.8,1.1,0.5,0,396511.4,5.5,0.2
113,21,15,2,1.4,0.7,4.5,2.3,0,0.7,1.8,1.1,0.5,0,396511.4,5.5,0.2
113,10,11,0,1.4,0.9,0.7,3.2,0,1.6,2.5,0.3,0.1,0.3,279076.2,4.1,0.3
114,11,4,0,0.5,0.3,0.3,1.2,0,0.6,0.9,0.1,0,0.1,101482.2,1.5,0.1
114,13,16,0,2,1.3,1,4.6,0,2.3,3.6,0.5,0.2,0.5,405929,5.9,0.5
114,14,9,0,1.1,0.7,0.6,2.6,0,1.3,2,0.3,0.1,0.3,228335,3.3,0.3
114,15,2,0.1,0.2,0.1,0.2,0.4,0,0.5,0.3,0.1,0.1,0,54973.6,0.8,0
114,28,4,0.1,0.6,0.1,0.5,1.1,0.1,0.9,0.3,0.1,0.1,0.1,99115.3,1.4,0
114,18,16,0.5,1.5,0.5,1.9,3.5,0.3,3.7,2.6,0.5,0.9,0.1,439788.5,6.6,0.1
114,19,2,0.1,0.2,0.1,0.2,0.4,0,0.5,0.3,0.1,0.1,0,54973.6,0.8,0
114,5,9,0.2,1.2,1,0.9,3,0.1,1,0.9,0.3,0.1,0.3,226726.8,2.9,0.4
114,6,5,0.1,0.6,0.6,0.5,1.7,0,0.5,0.5,0.2,0.1,0.2,125959.3,1.6,0.2
114,7,4,0.1,0.5,0.5,0.4,1.3,0,0.4,0.4,0.2,0,0.2,100767.4,1.3,0.2
114,8,8,0.2,1,0.9,0.8,2.7,0,0.9,0.8,0.3,0.1,0.3,201534.9,2.6,0.4
114,9,18.5,0.4,2.4,2.1,1.8,6.2,0.1,2,1.9,0.7,0.2,0.7,466049.4,5.9,0.8
114,20,6,0.8,0.5,0.3,1.8,0.9,0,0.3,0.7,0.5,0.2,0,158604.6,2.2,0.1
114,10,3,0,0.4,0.2,0.2,0.9,0,0.4,0.7,0.1,0,0.1,76111.7,1.1,0.1
115,11,2,0,0.2,0.2,0.1,0.6,0,0.3,0.4,0.1,0,0.1,50741.1,0.7,0.1
115,3,1,0,0.1,0.1,0.1,0.3,0,0.1,0.1,0.1,0,0.1,25191.9,0.3,0
115,15,2,0.1,0.2,0.1,0.2,0.4,0,0.5,0.3,0.1,0.1,0,54973.6,0.8,0
115,18,4,0.1,0.4,0.1,0.5,0.9,0.1,0.9,0.7,0.1,0.2,0,109947.1,1.6,0
115,19,11,0.3,1,0.4,1.3,2.4,0.2,2.5,1.8,0.4,0.6,0.1,302354.6,4.5,0.1
115,9,15,0.3,2,1.7,1.4,5,0.1,1.6,1.5,0.6,0.2,0.6,377877.9,4.8,0.7
116,16,1,0,0.1,0.1,0.1,0.2,0,0.2,0.2,0,0.1,0,27486.8,0.4,0
116,27,5,0.2,0.7,0.1,0.6,1.4,0.1,1.2,0.3,0.2,0.1,0.1,123894.1,1.7,0
116,38,1,0,0.2,0.1,0.1,0.2,0,0.2,0.2,0,0,0,24360.6,0.4,0
116,17,1,0,0.1,0.1,0.1,0.2,0,0.2,0.2,0,0.1,0,27486.8,0.4,0
116,28,14,0.5,2,0.3,1.7,3.9,0.4,3.3,0.9,0.5,0.3,0.2,346903.6,4.8,0
116,29,22,0.7,3.2,0.5,2.7,6.1,0.6,5.2,1.5,0.7,0.5,0.3,545134.2,7.6,0
116,18,20,0.6,1.9,0.6,2.4,4.4,0.3,4.6,3.3,0.6,1.1,0.2,549735.6,8.2,0.2
116,19,16,0.5,1.5,0.5,1.9,3.5,0.3,3.7,2.6,0.5,0.9,0.1,439788.5,6.6,0.1
116,65,2,0,0.3,0,0.2,0.7,0,0.3,0.2,0.3,0,0,39271,0.8,0.2
90,66,16,0.5,0.7,0.5,3.5,4.1,1.3,1.5,2.2,1.2,0.5,0,336276,6.6,0.7
90,67,3,0.1,0.1,0.1,0.7,0.8,0.2,0.3,0.4,0.2,0.1,0,63051.8,1.2,0.1
90,68,9,0.3,0.4,0.3,2,2.3,0.7,0.8,1.2,0.7,0.3,0,189155.3,3.7,0.4
90,5,3,0.1,0.2,0.1,0.6,0.7,0.1,0.6,0.3,0.3,0,0,59837.7,1.1,0.2
90,6,10,0.4,0.7,0.4,1.9,2.2,0.3,2.1,1,1,0,0,199459.1,3.8,0.5
90,7,20.5,0.7,1.5,0.7,3.9,4.6,0.6,4.3,2,2.1,0.1,0,408891.2,7.8,1.1
90,8,31,1.1,2.3,1.1,5.8,7,0.8,6.6,3,3.1,0.2,0,618323.3,11.8,1.7
90,52,6.5,0.5,0.3,0.4,0.9,1.5,0.1,0.9,1,0.8,0,0.1,126590.3,2.3,0.3
90,53,41,1,5,1,2,16,2,7,2,1,2,2,940190.3,14,2
90,32,7,0,0.4,0,0.7,1.7,0.2,1.2,1.6,0.3,0.9,0,170893,3.6,0.5
90,65,5,0.1,0.2,0.1,1.1,1.3,0.4,0.5,0.7,0.4,0.2,0,105086.3,2.1,0.2
117,12,3,0,0.4,0.2,0.2,0.9,0,0.4,0.7,0.1,0,0.1,76111.7,1.1,0.1
117,13,4,0,0.5,0.3,0.3,1.2,0,0.6,0.9,0.1,0,0.1,101482.2,1.5,0.1
117,15,2,0.1,0.2,0.1,0.2,0.4,0,0.5,0.3,0.1,0.1,0,54973.6,0.8,0
117,16,13,0.4,1.2,0.4,1.5,2.9,0.2,3,2.2,0.4,0.7,0.1,357328.1,5.3,0.1
117,27,1,0,0.2,0,0.1,0.3,0,0.3,0.1,0,0,0,24778.8,0.3,0
117,17,21,0.6,2,0.7,2.5,4.6,0.3,4.8,3.5,0.7,1.1,0.2,577222.4,8.6,0.2
117,28,11,0.4,1.6,0.2,1.4,3.1,0.3,2.6,0.7,0.4,0.2,0.1,272567.1,3.8,0
117,18,72,3,5,6,15,17,0,9,7,4,2,4,1871993.2,29,3
117,29,28.5,1,4.1,0.6,3.5,8,0.8,6.7,1.9,1,0.6,0.3,706196.5,9.9,0
117,19,49.5,1,5.5,3,6,10,2,10,4,5,2,1,1299827.6,19,0
117,30,13,0.4,2,0.4,1.2,2.8,0,2.9,2.9,0.4,0,0,316687.2,5.7,0
117,20,15,2,1.4,0.7,4.5,2.3,0,0.7,1.8,1.1,0.5,0,396511.4,5.5,0.2
117,21,15,2,1.4,0.7,4.5,2.3,0,0.7,1.8,1.1,0.5,0,396511.4,5.5,0.2
91,66,4,0.1,0.2,0.1,0.9,1,0.3,0.4,0.6,0.3,0.1,0,84069,1.7,0.2
91,11,47,3,6.5,0,10,16,2,4,0,4.5,0,1,1054463.3,16,1
91,12,16,0.5,1.3,1,3.3,3.9,0.5,1.5,1.5,1.7,0.5,0.3,362100.1,6.4,1
91,68,19,0.6,0.8,0.6,4.1,4.9,1.6,1.8,2.5,1.5,0.6,0,399327.8,7.9,0.8
91,69,4,0.1,0.2,0.1,0.9,1,0.3,0.4,0.6,0.3,0.1,0,84069,1.7,0.2
91,27,4,0,0.2,0,0.4,1,0.1,0.7,0.9,0.2,0.5,0,97653.2,2.1,0.3
91,49,1,0,0.1,0.1,0.1,0.2,0,0.1,0.2,0.1,0.1,0,22466,0.4,0
91,28,10.5,0,0.7,0,1,2.6,0.3,1.8,2.3,0.5,1.3,0,256339.6,5.4,0.8
91,123,4,0.4,0,0,0.7,0.7,0,0,2.2,0,0,0,58213.7,2.7,0.9
91,6,25,0.9,1.8,0.9,4.7,5.6,0.7,5.3,2.4,2.5,0.2,0,498647.8,9.5,1.4
91,8,3,0.1,0.2,0.1,0.6,0.7,0.1,0.6,0.3,0.3,0,0,59837.7,1.1,0.2
91,9,14,0.5,1,0.5,2.6,3.1,0.4,3,1.4,1.4,0.1,0,279242.8,5.3,0.8
91,51,4,0.3,0.2,0.2,0.5,0.9,0.1,0.6,0.6,0.5,0,0.1,77901.7,1.4,0.2
91,52,23,1.6,1,1.2,3.3,5.3,0.4,3.3,3.7,2.8,0,0.4,447934.8,8.1,1.2
91,74,6,0.3,0.3,0.3,1,1.3,0,0.8,1.1,0.3,0.3,0.3,142191.8,2.4,0.2
91,53,89,7,9,3,14,19,2,10,11,7,5,2,1587923.4,45,12
91,65,8,0.2,0.3,0.3,1.7,2.1,0.7,0.7,1.1,0.6,0.3,0,168138,3.3,0.3
118,67,3,0,0.4,0,0.3,1.1,0,0.5,0.2,0.4,0.1,0,58906.4,1.2,0.3
118,24,6,0,0.8,0.5,0.7,1.9,0.1,0.8,0.7,0.2,0.2,0.1,154371.4,2.3,0.3
118,25,24,0.1,1.5,1.1,3.5,4.6,0.9,3.9,4.4,1.8,1.1,1.1,539817.8,9.9,1.1
118,26,6,0,0.4,0.3,0.9,1.1,0.2,1,1.1,0.4,0.3,0.3,134954.5,2.5,0.3
118,27,12,0.1,0.8,0.5,1.8,2.3,0.4,2,2.2,0.9,0.5,0.5,269908.9,4.9,0.5
118,16,2,0.1,0.2,0.2,0.3,0.5,0.1,0.2,0.2,0.1,0.1,0,42404.6,0.7,0.1
118,28,1,0,0.1,0,0.2,0.2,0,0.2,0.2,0.1,0,0,22492.4,0.4,0
118,17,1,0,0.1,0.1,0.1,0.3,0,0.1,0.1,0.1,0.1,0,21202.3,0.4,0
118,29,11,0.1,0.7,0.5,1.6,2.1,0.4,1.8,2,0.8,0.5,0.5,247416.5,4.5,0.5
118,18,51,2,3,2,5,17,1,10,1,4,1,5,1137717.6,16,2
118,19,22,1.3,2.3,1.6,2.9,5.9,0.5,2.5,2.2,1.4,1.4,0,466450.6,7.7,0.9
118,30,11,0.3,0,0.3,2.7,2.7,0.3,2.3,1.3,0.7,0,0.4,289001.3,5,0.3
118,31,9,0.2,0,0.3,2.2,2.2,0.3,1.9,1.1,0.5,0,0.3,236455.6,4.1,0.3
118,20,3,0,0.4,0.2,0.4,0.9,0.1,0.4,0.4,0.1,0.1,0,77185.7,1.2,0.2
118,21,19,0,2.6,1.5,2.2,6,0.4,2.5,2.2,0.6,0.8,0.2,488842.9,7.3,1
118,32,2,0,0,0.1,0.5,0.5,0.1,0.4,0.2,0.1,0,0.1,52545.7,0.9,0.1
92,66,1.5,0,0.1,0.1,0.3,0.4,0.1,0.1,0.2,0.1,0.1,0,31525.9,0.6,0.1
92,11,25,0.8,2,1.6,5.2,6,0.8,2.4,2.4,2.6,0.8,0.4,565781.4,10,1.6
92,0,2,0.1,0.1,0.2,0.2,0.5,0,0.4,0.4,0,0,0.1,40746.9,0.6,0
92,12,11.5,0.4,0.9,0.7,2.4,2.7,0.4,1.1,1.1,1.2,0.4,0.2,260259.4,4.6,0.7
92,67,10,0.3,0.4,0.3,2.2,2.6,0.8,0.9,1.4,0.8,0.3,0,210172.5,4.1,0.4
92,68,1,0,0.1,0,0.2,0.3,0.1,0.1,0.1,0.1,0,0,21017.3,0.4,0
92,6,6,0.2,0.4,0.2,1.1,1.4,0.2,1.3,0.6,0.6,0,0,119675.5,2.3,0.3
92,7,11.5,0.4,0.8,0.4,2.2,2.6,0.3,2.4,1.1,1.2,0.1,0,229378,4.4,0.6
92,70,3,0.1,0.1,0.2,0.5,0.7,0,0.4,0.5,0.1,0.2,0.2,71095.9,1.2,0.1
92,9,12,0.4,0.9,0.4,2.3,2.7,0.3,2.5,1.2,1.2,0.1,0,239350.9,4.6,0.7
92,10,10,0.3,0.8,0.6,2.1,2.4,0.3,1,1,1,0.3,0.2,226312.6,4,0.6
119,66,2,0,0.3,0,0.2,0.7,0,0.3,0.2,0.3,0,0,39271,0.8,0.2
119,24,9,0,1.2,0.7,1.1,2.8,0.2,1.2,1.1,0.3,0.3,0.1,231557.2,3.5,0.5
119,25,24,0.1,1.5,1.1,3.5,4.6,0.9,3.9,4.4,1.8,1.1,1.1,539817.8,9.9,1.1
119,14,6,0,0.3,0.8,0.7,0.8,0,1.7,1.2,0,0.3,0.2,161665.7,2.7,0
119,26,2,0,0.1,0.1,0.3,0.4,0.1,0.3,0.4,0.1,0.1,0.1,44984.8,0.8,0.1
119,16,17,1,1.8,1.3,2.2,4.6,0.3,1.9,1.7,1.1,1.1,0,360439.1,6,0.7
119,17,6,0.4,0.6,0.4,0.8,1.6,0.1,0.7,0.6,0.4,0.4,0,127213.8,2.1,0.2
119,18,34,2,3.6,2.5,4.4,9.2,0.7,3.9,3.3,2.2,2.2,0,720878.2,11.9,1.4
119,19,3,0.2,0.3,0.2,0.4,0.8,0.1,0.3,0.3,0.2,0.2,0,63606.9,1.1,0.1
119,0,2,0.1,0.2,0.1,0.3,0.4,0,0.3,0.3,0.2,0.1,0,45985.4,0.7,0.1
119,5,25,0.9,2.3,1.1,5.2,5.2,1.1,2.3,3.2,1.7,1.4,0.6,612874.1,8.9,0.3
119,6,14,0.5,1.3,0.6,2.9,2.9,0.6,1.3,1.8,1,0.8,0.3,343209.5,5,0.2
119,7,26.5,0,3.5,3,1,8,1,3,3,1,2,1,591500.6,13,1
119,30,47.5,3,6.5,3,10,11,2,2,2,4,3,1,1126002.7,16,1
119,20,19,0,2.6,1.5,2.2,6,0.4,2.5,2.2,0.6,0.8,0.2,488842.9,7.3,1
119,31,32,1,4,3,1,8,0,10,3,0,0,2,768642.5,12,1
119,65,19,0,2.5,0,2,7,0,3,1.5,2.5,0.5,0,373074,7.5,2
119,32,2,0,0,0.1,0.5,0.5,0.1,0.4,0.2,0.1,0,0.1,52545.7,0.9,0.1
119,21,7,0,1,0.6,0.8,2.2,0.1,0.9,0.8,0.2,0.3,0.1,180100,2.7,0.4
93,11,99,5,8,3,22,22,7,9,10,12,0,1,1775839.1,36,8
93,68,2,0,0.2,0,0.2,0.7,0,0.2,0.4,0.1,0.1,0.1,48907,0.9,0.2
93,13,1,0,0.2,0,0.2,0.2,0,0.2,0.1,0.1,0,0,22345.2,0.4,0.1
93,69,8,0,0.7,0,1,2.7,0,1,1.8,0.2,0.3,0.3,195628.1,3.5,0.8
93,70,2,0.1,0.1,0.1,0.4,0.4,0,0.2,0.4,0.1,0.1,0.1,47397.3,0.8,0
93,72,4,0.2,0.2,0.2,0.7,0.9,0,0.5,0.7,0.2,0.2,0.2,94794.5,1.6,0.1
93,74,4,0.2,0.2,0.2,0.7,0.9,0,0.5,0.7,0.2,0.2,0.2,94794.5,1.6,0.1
93,10,78.5,5,7,1.5,15,23,2,6,8,5,6,0,1782926.2,40,4
94,11,44.5,0.9,6.3,1.3,6.3,10.7,1.3,6.9,3.8,5.7,1.3,0,994362.4,16.4,2.5
94,12,25,0.5,3.6,0.7,3.6,6,0.7,3.9,2.1,3.2,0.7,0,558630.6,9.2,1.4
94,126,1,0.1,0,0,0.2,0.2,0,0,0.5,0,0,0,14553.4,0.7,0.2
94,6,2,0.1,0.1,0.2,0.2,0.5,0,0.4,0.4,0,0,0.1,40746.9,0.6,0
94,72,2,0.1,0.1,0.1,0.4,0.4,0,0.2,0.4,0.1,0.1,0.1,47397.3,0.8,0
94,74,10,0.5,0.5,0.5,1.7,2.2,0,1.3,1.8,0.5,0.5,0.5,236986.3,4,0.2
95,46,1,0,0.1,0.1,0.1,0.2,0,0.1,0.2,0.1,0.1,0,22466,0.4,0
95,49,3,0,0.3,0.2,0.4,0.6,0.1,0.4,0.6,0.2,0.2,0,67398,1.1,0.1
95,50,10,0.7,0.5,0.5,1.4,2.3,0.2,1.4,1.6,1.2,0,0.2,194754.2,3.5,0.5
95,74,4,0.2,0.2,0.2,0.7,0.9,0,0.5,0.7,0.2,0.2,0.2,94794.5,1.6,0.1
95,75,3,0,0,0.2,0.5,0.7,0,0.5,0.8,0.1,0.2,0,66800.5,1.9,0.3
95,120,1,0.1,0,0,0.2,0.2,0,0,0.5,0,0,0,14553.4,0.7,0.2
95,76,1,0,0,0.1,0.1,0.2,0,0.2,0.3,0,0.1,0,22266.8,0.6,0.1
96,69,3,0,0.3,0,0.4,1,0,0.4,0.6,0.1,0.1,0.1,73360.5,1.3,0.3
96,49,3,0,0.3,0.2,0.4,0.6,0.1,0.4,0.6,0.2,0.2,0,67398,1.1,0.1
96,28,3,0,0.2,0,0.3,0.7,0.1,0.5,0.7,0.1,0.4,0,73239.9,1.6,0.2
96,50,6,0.4,0.3,0.3,0.8,1.4,0.1,0.9,1,0.7,0,0.1,116852.5,2.1,0.3
96,74,5,0.2,0.2,0.3,0.9,1.1,0,0.6,0.9,0.2,0.3,0.3,118493.2,2,0.1
96,75,47,0,0.8,4,7.2,10.3,0,8,11.9,1.6,3.2,0,1046541.8,30.3,4.8
96,76,7,0,0.1,0.6,1.1,1.5,0,1.2,1.8,0.2,0.5,0,155867.9,4.5,0.7
97,99,7,0.2,0.2,0.2,1.1,1.5,0,1.9,0.6,1.1,0,0.2,161599.5,2.8,0.2
97,67,4,0,0.4,0,0.5,1.4,0,0.5,0.9,0.1,0.1,0.1,97814.1,1.8,0.4
97,68,8,0,0.7,0,1,2.7,0,1,1.8,0.2,0.3,0.3,195628.1,3.5,0.8
97,69,7,0,0.7,0,0.9,2.4,0,0.9,1.5,0.2,0.2,0.2,171174.6,3.1,0.7
97,49,7,0.1,0.7,0.4,0.9,1.3,0.4,0.9,1.3,0.5,0.4,0.1,157262.1,2.6,0.2
97,28,5,0,0.3,0,0.5,1.2,0.1,0.9,1.1,0.3,0.6,0,122066.5,2.6,0.4
97,75,1,0,0,0.1,0.1,0.2,0,0.2,0.3,0,0.1,0,22266.8,0.6,0.1
97,98,3,0.1,0.1,0.1,0.5,0.6,0,0.8,0.3,0.4,0,0.1,69256.9,1.2,0.1
98,121,3,0,0.2,0.1,0.4,0.8,0,1,0.4,0,0.1,0,66471.4,1.8,0.3
98,66,3,0.2,0.2,0,0.7,0.8,0.1,0.3,0.2,0.3,0.2,0,57436.1,1.5,0.2
98,67,107.5,6.1,8.8,0.9,26.3,28.1,3.9,12.3,5.3,9.6,5.3,0.9,2058128.5,52.7,8.8
98,68,8,0.4,0.6,0.1,2,2.1,0.3,0.9,0.4,0.7,0.4,0.1,153163.1,3.9,0.7
98,69,1,0.1,0.1,0,0.2,0.3,0,0.1,0,0.1,0.1,0,19145.4,0.5,0.1
98,48,2,0,0.2,0.1,0.3,0.4,0.1,0.3,0.4,0.1,0.1,0,44932,0.7,0.1
98,70,2,0.1,0.2,0,0.4,0.6,0.1,0.3,0.3,0,0,0,44789.2,0.8,0
98,97,29,3,0.6,0.6,5.5,4.2,0.6,5.5,4.8,3,1.2,0,556918.4,13.9,2.4
10,47,1,0,0.1,0,0.1,0.1,0,0.2,0.3,0,0.1,0.1,18212.7,0.4,0
10,104,8,0.2,0.8,0.4,0.8,2,0,2.6,1,0,0.2,0,148033.7,4,1.6
10,49,6,0.2,0.3,0.3,0.8,0.8,0,1.2,1.5,0.2,0.4,0.3,109276,2.6,0.3
10,82,4,0.4,0.3,0.2,0.6,0.9,0,0.5,0.6,0.3,0.1,0.1,88735,1.4,0.1
10,95,6,0.4,0.3,0,1.2,0.8,0.1,0.8,1.6,0.2,0.6,0,131150.3,2.6,0.2
10,96,2,0.1,0.1,0,0.4,0.3,0,0.3,0.5,0.1,0.2,0,43716.8,0.9,0.1
10,31,3,0,0.1,0,0.1,0.9,0,0.6,1,0,0.3,0,57969.4,2.1,0.1
10,97,2,0.1,0.1,0,0.4,0.3,0,0.3,0.5,0.1,0.2,0,43716.8,0.9,0.1
10,86,38,2,5.5,0.5,4,13,0,4,5,2,1,1,850602.5,14,3
10,32,17,0,0.6,0,0.6,5,0,3.2,5.7,0,1.9,0,328493.2,12,0.6
99,67,3,0.2,0.2,0,0.7,0.8,0.1,0.3,0.2,0.3,0.2,0,57436.1,1.5,0.2
99,48,2,0,0.2,0.1,0.3,0.4,0.1,0.3,0.4,0.1,0.1,0,44932,0.7,0.1
99,120,1,0,0.1,0,0.1,0.3,0,0.3,0.1,0,0.1,0,22157.1,0.6,0.1
11,88,4,0.2,0.5,0.1,0.5,1.2,0.1,0.5,0.6,0.1,0.1,0.1,84399.6,1.5,0.2
11,48,5,0.2,0.3,0.2,0.6,0.7,0,1,1.3,0.2,0.3,0.2,91063.3,2.2,0.2
11,83,9,0.9,0.6,0.5,1.3,2,0.1,1.1,1.4,0.7,0.1,0.3,199653.8,3.2,0.2
11,95,6,0.4,0.3,0,1.2,0.8,0.1,0.8,1.6,0.2,0.6,0,131150.3,2.6,0.2
11,84,2,0.2,0.1,0.1,0.3,0.5,0,0.2,0.3,0.2,0,0.1,44367.5,0.7,0
11,85,3,0.2,0.3,0.1,0.4,0.9,0.1,0.4,0.4,0.1,0.1,0,63299.7,1.1,0.2
11,86,15,0.8,1.8,0.5,1.9,4.5,0.5,1.8,2.2,0.3,0.5,0.2,316498.6,5.6,0.8
11,97,3,0.2,0.1,0,0.6,0.4,0.1,0.4,0.8,0.1,0.3,0,65575.1,1.3,0.1
12,85,5,0.3,0.6,0.2,0.6,1.5,0.2,0.6,0.7,0.1,0.2,0,105499.5,1.9,0.3
12,86,4,0.2,0.5,0.1,0.5,1.2,0.1,0.5,0.6,0.1,0.1,0.1,84399.6,1.5,0.2
12,65,7,0,0,0.4,0,1.2,0,2.9,2.1,0,0.4,0,126361.8,4.9,1.2
12,87,3,0.2,0.3,0.1,0.4,0.9,0.1,0.4,0.4,0.1,0.1,0,63299.7,1.1,0.2
13,85,8,0.7,0.6,0.5,1.1,1.8,0.1,0.9,1.2,0.7,0.1,0.3,177470,2.8,0.2
13,96,18,0,2.7,1.3,2,7.3,0,3.3,0,0.7,0,0.7,371986.7,9.3,1.3
13,74,3,0.1,0.2,0.2,0.3,0.5,0.1,0.6,0.8,0,0.2,0,54631.8,1.5,0.4
13,64,3,0,0.2,0,0.2,0.5,0,1.4,0.7,0,0,0,60409.4,1.9,0.7
13,86,23,2.2,1.6,1.4,3.2,5.1,0.3,2.7,3.5,1.9,0.3,0.8,510226.4,8.1,0.5
13,65,6,0,0,0.3,0,1.1,0,2.5,1.8,0,0.3,0,108310.1,4.2,1.1
13,87,7,0.6,0.5,0.4,1,1.6,0.1,0.8,1.1,0.6,0.1,0.2,155286.3,2.5,0.2
14,62,4,0,0.2,0,0.2,0.7,0,1.9,1,0,0,0,80545.8,2.6,0.9
14,96,29,0,3,2,0,11,0,4,7,0,2,0,688159.6,16,1
14,85,72,4,9,2,12,12,3,10,9,5,4,2,1698724.6,24,2
14,63,2,0,0.1,0,0.1,0.4,0,0.9,0.5,0,0,0,40272.9,1.3,0.5
14,64,3,0,0.2,0,0.2,0.5,0,1.4,0.7,0,0,0,60409.4,1.9,0.7
14,97,9,0,1.3,0.7,1,3.7,0,1.7,0,0.3,0,0.3,185993.3,4.7,0.7
14,86,17,1.6,1.2,1,2.4,3.8,0.2,2,2.6,1.4,0.2,0.6,377123.8,6,0.4
14,65,2,0,0,0.1,0,0.4,0,0.8,0.6,0,0.1,0,36103.4,1.4,0.4
15,88,5,0.5,0.3,0.3,0.7,1.1,0,0.6,0.8,0.4,0.1,0.2,110918.8,1.8,0.1
15,61,3,0,0.2,0,0.2,0.5,0,1.4,0.7,0,0,0,60409.4,1.9,0.7
15,62,29,0,2,0,5,6,2,5,2,4,3,0,408695.7,15,3
15,85,5,0.5,0.3,0.3,0.7,1.1,0,0.6,0.8,0.4,0.1,0.2,110918.8,1.8,0.1
15,63,1,0,0,0,0.1,0.2,0,0.5,0.2,0,0,0,20136.5,0.6,0.2
15,86,4,0.4,0.3,0.2,0.6,0.9,0,0.5,0.6,0.3,0.1,0.1,88735,1.4,0.1
16,66,1,0,0,0,0,0.2,0,0.4,0.3,0,0.1,0,18051.7,0.7,0.2
16,60,1,0,0,0,0.1,0.2,0,0.5,0.2,0,0,0,20136.5,0.6,0.2
16,85,1,0.1,0.1,0.1,0.1,0.2,0,0.1,0.2,0.1,0,0,22183.8,0.4,0
17,59,1,0,0.1,0,0.1,0.1,0,0.2,0.3,0,0.1,0.1,18212.7,0.4,0
17,30,2,0,0.1,0,0.1,0.6,0,0.4,0.6,0,0.2,0,38646.3,1.4,0.1
17,31,1,0,0,0,0.1,0.3,0,0.2,0.3,0,0.1,0,19323.1,0.7,0
18,67,1,0,0.1,0,0,0.3,0,0.3,0.3,0,0,0,19075.5,0.6,0.1
18,59,1,0,0.1,0,0.1,0.1,0,0.2,0.3,0,0.1,0.1,18212.7,0.4,0
18,82,1,0.1,0.1,0,0.2,0.1,0,0.1,0.3,0.1,0,0,26115.1,0.4,0.1
18,85,7,0.5,0.8,0.3,1.3,1,0.1,0.7,1.8,0.4,0.1,0,182805.6,2.5,0.4
18,75,1,0,0.1,0.1,0.1,0.2,0,0.2,0.2,0,0.1,0,18210.6,0.5,0.1
18,86,7,0.5,0.8,0.3,1.3,1,0.1,0.7,1.8,0.4,0.1,0,182805.6,2.5,0.4
18,32,5,0.3,0,0.2,0.8,0.8,0.2,1.6,0.8,0.3,0,0,94773.4,2.6,0.2
18,87,6,0.4,0.7,0.2,1.1,0.9,0.1,0.6,1.6,0.3,0.1,0,156690.5,2.1,0.3
19,66,15,0,1.7,0,0.5,3.9,0,3.9,4.4,0,0.6,0,286132.5,8.3,1.1
19,33,2,0.1,0,0.1,0.3,0.3,0.1,0.7,0.3,0.1,0,0,37909.4,1,0.1
19,67,1,0,0.1,0,0,0.3,0,0.3,0.3,0,0,0,19075.5,0.6,0.1
19,59,2,0.1,0.1,0.1,0.2,0.3,0,0.4,0.5,0.1,0.1,0.1,36425.3,0.9,0.1
19,86,3,0.2,0.3,0.1,0.5,0.4,0.1,0.3,0.8,0.2,0.1,0,78345.3,1.1,0.2
19,32,2,0.1,0,0.1,0.3,0.3,0.1,0.7,0.3,0.1,0,0,37909.4,1,0.1
120,24,6,0,0.8,0.5,0.7,1.9,0.1,0.8,0.7,0.2,0.2,0.1,154371.4,2.3,0.3
120,25,5.5,0,0.4,0.2,0.8,1.1,0.2,0.9,1,0.4,0.2,0.3,123708.3,2.3,0.3
120,30,74,5,3,0,26,10,6,6,5,8,5,0,1692240.9,27,1
120,74,1,0,0.1,0,0.2,0.3,0,0.1,0.2,0.1,0,0,18756.4,0.5,0.1
120,31,4,0.1,0,0.1,1,1,0.1,0.9,0.5,0.2,0,0.1,105091.4,1.8,0.1
120,10,6,0,0.3,0.8,0.7,0.8,0,1.7,1.2,0,0.3,0.2,161665.7,2.7,0
120,77,143,11,11,2,30,24,5,18,19,13,9,1,2828950,67,12
120,11,3,0,0.2,0.4,0.3,0.4,0,0.8,0.6,0,0.2,0.1,80832.8,1.3,0
120,78,12.5,0.2,1,0.7,2.1,3.4,0,1,2.1,1.7,0,0.3,234455.3,5.8,1.7
120,16,38,0,1,5,3,6,0,6,5,0,5,7,736503.6,13,3
120,17,74,5,4,2,12,14,4,14,9,5,4,1,1697784,31,2
120,18,31,2,4,1,9,4,3,4,3,0,0,1,686957.7,14,3
120,19,35,1,5,3,4,13,0,2,1,3,2,1,805533.7,13,2
120,1,7.5,0.4,0.6,0.2,1.1,1.6,0.1,1.1,0.9,0.8,0.6,0.1,172445.1,2.7,0.4
120,2,3,0.2,0.3,0.1,0.4,0.7,0,0.4,0.4,0.3,0.2,0,68978,1.1,0.2
120,3,19,1,1.6,0.7,2.7,4.1,0.2,2.7,2.4,1.9,1.4,0.3,436860.9,6.8,1
120,4,9,0.5,0.7,0.3,1.3,2,0.1,1.3,1.1,0.9,0.7,0.1,206934.1,3.2,0.5
120,5,178.5,9,11.5,12,58,36,9.5,11,10,16.5,2,3,3792486.7,74,6
120,6,25.5,1,2,1.5,4,6,0,3,2,0,4,2,579168.4,13,2
120,7,69,5,5,2,15,9,1,12,12,2,5,1,1437704.3,31,3
120,8,382.5,23,24.5,29,80,70,10,27,52,30,29,8,7357107.1,161,19
120,9,277,23.5,27.5,15,76,55,6,22,16,24,4,8,5523982.4,106,13
120,20,22,0,3,1.7,2.6,6.9,0.4,3,2.6,0.7,0.9,0.2,566028.6,8.5,1.2
120,64,2,0,0.3,0,0.2,0.7,0,0.3,0.2,0.3,0,0,39271,0.8,0.2
120,65,27,1,3,3,5,7,1,2,2,1,2,0,514304.3,13,3
120,21,9,0,1.2,0.7,1.1,2.8,0.2,1.2,1.1,0.3,0.3,0.1,231557.2,3.5,0.5
121,23,12.5,0,1.7,1,1.5,3.9,0.2,1.7,1.5,0.4,0.5,0.1,321607.2,4.8,0.7
121,24,2,0,0.3,0.2,0.2,0.6,0,0.3,0.2,0.1,0.1,0,51457.1,0.8,0.1
121,26,2,0,0.1,0.1,0.3,0.4,0.1,0.3,0.4,0.1,0.1,0.1,44984.8,0.8,0.1
121,27,8,0,0.5,0.4,1.2,1.5,0.3,1.3,1.4,0.6,0.4,0.4,179939.3,3.3,0.4
121,73,2,0,0.2,0.1,0.3,0.5,0,0.2,0.3,0.3,0,0.1,37512.8,0.9,0.3
121,30,105,6,14,4,16,35,4,10,10,4,1,1,2048242.6,50,10
121,74,3,0,0.2,0.2,0.5,0.8,0,0.3,0.5,0.4,0,0.1,56269.3,1.4,0.4
121,31,5,0.1,0,0.2,1.2,1.2,0.1,1.1,0.6,0.3,0,0.2,131364.2,2.3,0.2
121,10,2,0,0.1,0.3,0.2,0.3,0,0.5,0.4,0,0.1,0.1,53888.6,0.9,0
121,12,25,1,1,1,3,5,0,4,5,0,5,0,572740.5,13,2
121,78,8,0.1,0.7,0.4,1.3,2.2,0,0.7,1.3,1.1,0,0.2,150051.4,3.7,1.1
121,13,26,2,0,0,6,3,3,1,4,2,5,0,488625.4,11,1
121,57,2,0.2,0.1,0.3,0.3,0.4,0,0.3,0,0.2,0.1,0.1,35923,0.8,0.2
121,14,35,2,1,2,4,9,1,7,2,6,1,0,670972.6,15,1
121,15,8,0.5,0.8,0.6,1,2.2,0.2,0.9,0.8,0.5,0.5,0,169618.4,2.8,0.3
121,17,1,0,0.1,0.1,0.1,0.3,0,0.1,0.1,0.1,0.1,0,21202.3,0.4,0
121,18,1,0,0.1,0.1,0.1,0.3,0,0.1,0.1,0.1,0.1,0,21202.3,0.4,0
121,19,2,0.1,0.2,0.2,0.3,0.5,0.1,0.2,0.2,0.1,0.1,0,42404.6,0.7,0.1
121,0,9,0.5,0.7,0.3,1.3,2,0.1,1.3,1.1,0.9,0.7,0.1,206934.1,3.2,0.5
121,1,42.5,3,8,2,7,11,1,7,3,0.5,0,0,863252.2,15,1
121,2,55,1,2,7,8,11,0,6,7,2,8,3,1478973.3,26,0
121,3,27,1.5,2.3,0.9,3.8,5.9,0.2,3.8,3.4,2.7,2,0.5,620802.3,9.7,1.4
121,4,38,1,3,2,10,8,0,5,3,4,2,0,830217.7,14,1
121,5,33,1,3,0,7,5,0,4,8,3,2,0,759643.7,14,1
121,6,87.5,12,4,7,19,16,1,13,8,5.5,1,1,1999159,27,3
121,7,82,4,11.5,7,13,19,2.5,7,6,7,4,1,1640367.7,32,3
121,8,302,16.5,29,27,52,75,11,31,26,20.5,10,4,5630247,124,26
121,9,23,0.8,2.1,1.1,4.8,4.8,1,2.1,2.9,1.6,1.3,0.5,563844.2,8.2,0.3
121,20,9.5,0,1.3,0.7,1.1,3,0.2,1.3,1.1,0.3,0.4,0.1,244421.4,3.7,0.5
121,64,1,0,0.1,0,0.1,0.4,0,0.2,0.1,0.1,0,0,19635.5,0.4,0.1
121,21,1,0,0.2,0.1,0.1,0.3,0,0.1,0.1,0,0.1,0,25728.6,0.4,0.1
0,88,10,0.4,0.4,0.6,1.3,2.1,0.3,1.2,2.4,0.4,0.6,0.3,217631.5,5,0.5
0,89,2,0.1,0.1,0.1,0.3,0.4,0,0.2,0.5,0.1,0.1,0.1,43526.3,1,0.1
0,3,2,0,0.2,0.1,0.1,0.5,0,0.6,0.4,0,0.1,0,44654.8,1.1,0.3
0,63,1,0,0.1,0,0.1,0.2,0,0.2,0.2,0,0.1,0.1,17293.1,0.5,0.2
0,86,8,0.3,0.3,0.5,1.1,1.7,0.2,1,1.9,0.3,0.5,0.2,174105.2,4,0.4
0,64,1,0,0.1,0,0.1,0.2,0,0.2,0.2,0,0.1,0.1,17293.1,0.5,0.2
0,87,2,0.1,0.1,0.1,0.3,0.4,0,0.2,0.5,0.1,0.1,0.1,43526.3,1,0.1
1,88,5,0.2,0.2,0.3,0.7,1.1,0.1,0.6,1.2,0.2,0.3,0.1,108815.8,2.5,0.3
1,89,2,0.1,0.1,0.1,0.3,0.4,0,0.2,0.5,0.1,0.1,0.1,43526.3,1,0.1
1,28,2,0,0.2,0.1,0.1,0.5,0,0.6,0.4,0,0.1,0,44654.8,1.1,0.3
1,64,1,0,0.1,0,0.1,0.2,0,0.2,0.2,0,0.1,0.1,17293.1,0.5,0.2
1,86,15,0.6,0.6,1,2,3.1,0.4,1.8,3.5,0.6,1,0.4,326447.3,7.5,0.8
1,87,5,0.2,0.2,0.3,0.7,1.1,0.1,0.6,1.2,0.2,0.3,0.1,108815.8,2.5,0.3
122,77,1,0,0.1,0,0.2,0.3,0,0.1,0.2,0.1,0,0,18756.4,0.5,0.1
122,22,2,0,0.3,0.2,0.2,0.6,0,0.3,0.2,0.1,0.1,0,51457.1,0.8,0.1
122,12,4,0,0.2,0.6,0.4,0.6,0,1.1,0.8,0,0.2,0.1,107777.1,1.8,0
122,23,62,2,2,5,11,13,1,12,9,1,2,4,1480862.8,23,1
122,24,46,5,1,4,7,8,0,4,7,0,9,1,969502.5,21,1
122,25,53,2,5,7,9,15,0,4,2,4,1,4,1228547,22,0
122,14,12,0,0.7,1.7,1.3,1.7,0,3.3,2.3,0,0.7,0.3,323331.4,5.3,0
122,26,8,0,0.5,0.4,1.2,1.5,0.3,1.3,1.4,0.6,0.4,0.4,179939.3,3.3,0.4
122,15,84.5,5,9.5,3,19,19,6,7,3,10,2,1,1652903.3,28,1
122,27,6,0,0.4,0.3,0.9,1.1,0.2,1,1.1,0.4,0.3,0.3,134954.5,2.5,0.3
122,16,14,0.8,1.5,1,1.8,3.8,0.3,1.6,1.4,0.9,0.9,0,296832.2,4.9,0.6
122,17,4,0.2,0.4,0.3,0.5,1.1,0.1,0.4,0.4,0.3,0.3,0,84809.2,1.4,0.2
122,18,7.5,0.4,0.8,0.5,1,2,0.2,0.9,0.7,0.5,0.5,0,159017.2,2.6,0.3
122,0,42,0,8,1,7,8,0,8,8,2,0,0,935154,16,0
122,1,19,1,1.6,0.7,2.7,4.1,0.2,2.7,2.4,1.9,1.4,0.3,436860.9,6.8,1
122,2,22,1.2,1.8,0.7,3.1,4.8,0.2,3.1,2.8,2.2,1.7,0.4,505838.9,7.9,1.1
122,3,54,4,2,2,8,16,0,4,8,5,0,5,1603768.4,16,0
122,4,2,0.1,0.2,0.1,0.3,0.4,0,0.3,0.3,0.2,0.1,0,45985.4,0.7,0.1
122,5,15,0.5,1.4,0.7,3.1,3.1,0.7,1.4,1.9,1,0.9,0.3,367724.5,5.3,0.2
122,6,54.5,6,5.5,1,16,13,0,5,1,3,3,1,1428484.1,21,1
122,8,3,0.1,0.3,0.1,0.6,0.6,0.1,0.3,0.4,0.2,0.2,0.1,73544.9,1.1,0
122,9,7,0.2,0.6,0.3,1.5,1.5,0.3,0.6,0.9,0.5,0.4,0.2,171604.8,2.5,0.1
122,74,3,0,0.2,0.2,0.5,0.8,0,0.3,0.5,0.4,0,0.1,56269.3,1.4,0.4
122,10,3,0,0.2,0.4,0.3,0.4,0,0.8,0.6,0,0.2,0.1,80832.8,1.3,0
123,77,3,0,0.2,0.2,0.5,0.8,0,0.3,0.5,0.4,0,0.1,56269.3,1.4,0.4
123,11,91,10,8,5,19,17,3,10,8,5,6,0,2001011.3,35,6
123,22,2,0,0,0.2,0.3,0.6,0,0.2,0.5,0,0.2,0,49159.1,1,0
123,13,7,0.5,0.9,0.3,1,1.7,0.2,0.7,0.8,0.5,0.3,0.1,159829.4,2.5,0.2
123,25,2,0.2,0.1,0.1,0.4,0.4,0,0.2,0.5,0,0.1,0,39642.5,1.1,0.1
123,26,20,2.2,0.7,1.4,4.3,4.3,0,1.4,5,0,0.7,0,396424.5,10.7,1.4
123,15,2,0.1,0.1,0.2,0.4,0.3,0.1,0.2,0.2,0.2,0.2,0,40571.4,0.8,0.1
123,27,75,7,5,9,13,21,2,8,1,4,4,1,1385505.8,33,7
123,16,3,0.2,0.2,0.3,0.5,0.4,0.1,0.4,0.3,0.3,0.3,0,60857.2,1.1,0.2
123,28,30,4,4,7,7,5,1,1,0,0,0,1,486534.9,12,4
123,18,4,0.2,0.2,0.4,0.8,0.6,0.1,0.5,0.4,0.4,0.4,0,81142.9,1.5,0.2
123,19,23,1.4,1.4,2.2,4.3,3.6,0.7,2.9,2.2,2.1,2.2,0,466571.6,8.6,1.4
123,0,17,0.7,2.4,0.4,1.7,4,0.4,2.9,2.4,0.7,0.8,0.6,460567.3,6.1,0.3
123,1,36,1.5,5,1,3.7,8.4,0.8,6.2,5,1.5,1.6,1.3,975319.1,13,0.6
123,2,39,2,2,1,8,3,0,10,2,7,2,2,1197639.5,13,1
123,3,54.5,2,6,1,13,15,3,3,4,6.5,1,0,1755449.4,17,1
123,4,15,0.6,2.1,0.4,1.6,3.5,0.3,2.6,2.1,0.6,0.7,0.5,406382.9,5.4,0.3
123,5,33,0,2,4,0,9,0,6,8,1,3,0,833313.7,13,0
123,6,14,0.3,1.5,1.2,1.8,3.2,0.3,3,0.6,0.9,1.2,0,391205,4.2,0.3
123,74,2,0,0.2,0.1,0.3,0.5,0,0.2,0.3,0.3,0,0.1,37512.8,0.9,0.3
123,20,23,0,0,1.6,3.3,7.4,0,2.5,5.7,0,2.5,0,565329.7,11.5,0
123,10,2,0.2,0.2,0.1,0.3,0.5,0.1,0.2,0.2,0.1,0.1,0,45665.6,0.7,0.1
2,45,2,0,0.1,0,0,0.4,0,0.6,0.7,0,0.2,0,44041.8,1.1,0.2
2,2,2,0,0.2,0.1,0.1,0.5,0,0.6,0.4,0,0.1,0,44654.8,1.1,0.3
2,90,4,0.2,0.4,0.2,0.4,0.5,0.1,1,0.9,0,0.3,0,94054.4,1.7,0.2
2,64,11,0,1,0.3,0.6,2.5,0,2.5,2.5,0.3,1,0.3,190223.8,5.7,2.2
2,86,30,1,2,2,5,6,1,3,2,3,4,1,656657.7,14,0
2,87,38,3,3,0,5,4,0,7,12,2,2,0,736058,21,2
3,89,3,0.1,0.1,0.2,0.5,0.7,0.2,0.2,0.5,0.3,0.2,0,63653.1,1.3,0.1
3,28,2,0,0.2,0.1,0.1,0.5,0,0.6,0.4,0,0.1,0,44654.8,1.1,0.3
3,29,2,0,0.2,0.1,0.1,0.5,0,0.6,0.4,0,0.1,0,44654.8,1.1,0.3
3,90,10,0.5,0.9,0.5,1,1.2,0.2,2.6,2.4,0,0.7,0,235136,4.3,0.5
3,61,2,0,0.2,0.1,0.1,0.4,0,0.4,0.4,0.1,0.2,0.1,34586.2,1,0.4
3,30,3,0,0.3,0.2,0.2,0.7,0,0.8,0.6,0,0.2,0,66982.1,1.7,0.5
3,86,16.5,0.3,0.8,1,2.6,3.9,0.9,1.3,2.8,1.5,1.3,0.1,350091.8,7.2,0.7
3,87,289.5,14,28.5,23,43,64,10,33,30,18,19,7,5577641.6,138,26
124,11,79.5,3.5,5,4,13,18,4.5,10,15,5.5,1,0,1762115.3,33,3
124,34,27,3.6,2.7,0.9,7.2,6.3,0.9,0,4.5,0.9,0,0,519486.8,13.5,0.9
124,12,11,0.9,1.4,0.4,1.6,2.7,0.3,1.1,1.2,0.8,0.4,0.2,251160.6,4,0.3
124,79,1,0,0.1,0,0.2,0.3,0,0.1,0.2,0.1,0,0,18756.4,0.5,0.1
124,35,31,3,2,2,8,4,2,3,2,4,1,0,545101.5,12,2
124,13,4,0.3,0.5,0.1,0.6,1,0.1,0.4,0.4,0.3,0.2,0.1,91331.1,1.4,0.1
124,27,2,0.2,0.1,0.1,0.4,0.4,0,0.2,0.5,0,0.1,0,39642.5,1.1,0.1
124,28,81.5,3,6.5,4,21,13,7,6,9,5,5,2,1476483.1,35,7
124,29,4,0.4,0.1,0.3,0.9,0.9,0,0.3,1,0,0.1,0,79284.9,2.1,0.3
124,0,3,0.1,0.4,0.1,0.3,0.7,0.1,0.5,0.4,0.1,0.2,0.1,81276.6,1.1,0.1
124,1,27,1.1,3.8,0.7,2.8,6.3,0.6,4.6,3.8,1.1,1.2,1,731489.3,9.7,0.5
124,2,34,0,6,1,4,8,1,8,6,0,0,0,1087930.6,13,0
124,3,32,1,1,1,5,7,1,2,8,1,3,2,771108.4,11,2
124,4,1,0.1,0.1,0,0.1,0.2,0,0.2,0.1,0.1,0.1,0,27092.2,0.4,0
124,20,3,0,0,0.2,0.4,1,0,0.3,0.8,0,0.3,0,73738.7,1.5,0
124,21,187,11,13.5,7,39,40,3,24,16,7.5,24,2,3577182.8,91,21
4,88,1,0,0,0.1,0.2,0.2,0,0.1,0.2,0.1,0.1,0,21217.7,0.4,0
4,89,8,0.2,0.4,0.5,1.3,1.9,0.4,0.6,1.3,0.7,0.6,0.1,169741.5,3.5,0.3
4,90,5,0.2,0.5,0.2,0.5,0.6,0.1,1.3,1.2,0,0.4,0,117568,2.1,0.2
4,29,1,0,0.1,0,0.1,0.2,0,0.3,0.2,0,0.1,0,22327.4,0.6,0.2
4,85,28,0.5,1.4,1.7,4.4,6.6,1.5,2.2,4.7,2.5,2.2,0.3,594095.2,12.1,1.1
4,86,126,10,13,8,26,23,4,9,16,8,7,2,2312553.9,62,7
4,87,373,15,34.5,28.5,64,70,12.5,50,35,38.5,21,4,6161636.8,179,49
125,11,3,0.2,0.4,0.1,0.5,0.7,0.1,0.3,0.3,0.2,0.1,0.1,68498.3,1.1,0.1
125,0,36,1,5.5,0,3,9,0,6,1,4.5,4,2,1008346.2,12,0
125,1,32,1.3,4.5,0.9,3.3,7.5,0.7,5.5,4.5,1.3,1.4,1.1,866950.3,11.5,0.6
125,12,25,1,4,1,3,6,0,3,4,1,2,0,509819.7,13,0
125,2,24,1,3.3,0.6,2.5,5.6,0.5,4.1,3.4,1,1.1,0.9,650212.7,8.6,0.4
125,13,10,0.8,1.2,0.4,1.5,2.4,0.3,1,1.1,0.7,0.4,0.2,228327.8,3.6,0.3
125,14,4,0.3,0.5,0.1,0.6,1,0.1,0.4,0.4,0.3,0.2,0.1,91331.1,1.4,0.1
125,3,50,0,10,4,3,17,0,6,6,3,0,1,1269975.4,16,3
125,4,2,0.1,0.3,0,0.2,0.5,0,0.3,0.3,0.1,0.1,0.1,54184.4,0.7,0
125,81,4,0.1,0.5,0,0.6,1.2,0,0.3,0.5,0.4,0.1,0.3,78295.4,1.4,0.2
125,30,3,0.4,0.3,0.1,0.8,0.7,0.1,0,0.5,0.1,0,0,57720.8,1.5,0.1
5,88,5,0.1,0.2,0.3,0.8,1.2,0.3,0.4,0.8,0.4,0.4,0.1,106088.4,2.2,0.2
5,99,2,0.1,0.2,0.1,0.2,0.2,0.1,0.5,0.5,0,0.1,0,47027.2,0.9,0.1
5,89,2,0,0.1,0.1,0.3,0.5,0.1,0.2,0.3,0.2,0.2,0,42435.4,0.9,0.1
5,47,2,0,0.1,0,0,0.4,0,0.6,0.7,0,0.2,0,44041.8,1.1,0.2
5,48,2,0,0.1,0,0,0.4,0,0.6,0.7,0,0.2,0,44041.8,1.1,0.2
5,85,67,2,11,1,11,15,6,7,5,9,0,0,935438,24,5
5,31,6,0,0.7,0.3,0.3,1.5,0,1.7,1.2,0,0.3,0,133964.3,3.3,1
5,86,48,0,6,4,5,11,1,6,11,0,4,0,1056272.1,20,2
5,87,14,0.3,0.7,0.8,2.2,3.3,0.8,1.1,2.4,1.2,1.1,0.1,297047.6,6.1,0.6
5,98,3,0.1,0.3,0.1,0.3,0.4,0.1,0.8,0.7,0,0.2,0,70540.8,1.3,0.1
126,0,19,0.8,2.6,0.5,2,4.4,0.4,3.2,2.7,0.8,0.9,0.7,514751.7,6.8,0.3
126,12,10,0.8,1.2,0.4,1.5,2.4,0.3,1,1.1,0.7,0.4,0.2,228327.8,3.6,0.3
126,1,11,0.4,1.5,0.3,1.1,2.6,0.3,1.9,1.5,0.5,0.5,0.4,298014.2,4,0.2
126,2,7,0.3,1,0.2,0.7,1.6,0.2,1.2,1,0.3,0.3,0.2,189645.4,2.5,0.1
126,13,25.5,2,3.2,1,3.8,6.2,0.7,2.5,2.8,1.8,1,0.5,582235.8,9.2,0.7
126,14,4,0.3,0.5,0.1,0.6,1,0.1,0.4,0.4,0.3,0.2,0.1,91331.1,1.4,0.1
126,3,28,1,0,1,4,2,0,9,5,3,2,1,783465.2,12,1
126,4,22,0.9,3.1,0.6,2.3,5.1,0.5,3.7,3.1,0.9,1,0.8,596028.3,7.9,0.4
126,5,12,0.3,1.3,1,1.5,2.8,0.3,2.5,0.5,0.8,1,0,335318.6,3.6,0.3
126,80,5,0.1,0.6,0,0.7,1.5,0,0.4,0.6,0.5,0.2,0.4,97869.3,1.8,0.3
6,45,1,0,0,0,0,0.2,0,0.3,0.4,0,0.1,0,22020.9,0.6,0.1
6,100,1,0,0.1,0,0.1,0.2,0,0.4,0,0,0.2,0,15279.2,0.5,0.1
6,49,5,0,0.2,0,0,1,0,1.6,1.8,0,0.4,0,110104.5,2.8,0.6
6,82,2,0.1,0.1,0.1,0.3,0.4,0,0.2,0.5,0.1,0.1,0.1,43526.3,1,0.1
6,83,7,0.3,0.3,0.4,0.9,1.5,0.2,0.8,1.6,0.3,0.5,0.2,152342.1,3.5,0.4
6,85,4,0.1,0.2,0.2,0.6,1,0.2,0.3,0.7,0.4,0.3,0,84870.7,1.7,0.2
6,96,3,0.1,0.3,0.1,0.3,0.4,0.1,0.8,0.7,0,0.2,0,70540.8,1.3,0.1
6,97,5,0.2,0.5,0.2,0.5,0.6,0.1,1.3,1.2,0,0.4,0,117568,2.1,0.2
6,86,20,0.4,1,1.2,3.1,4.7,1.1,1.6,3.3,1.8,1.6,0.2,424353.7,8.7,0.8
6,98,3,0.1,0.3,0.1,0.3,0.4,0.1,0.8,0.7,0,0.2,0,70540.8,1.3,0.1
127,0,3,0.1,0.4,0.1,0.3,0.7,0.1,0.5,0.4,0.1,0.2,0.1,81276.6,1.1,0.1
127,11,38,3,1,1,5,4,0,14,8,0,1,1,1007815.7,17,1
127,12,14.5,1.2,1.8,0.6,2.1,3.5,0.4,1.4,1.6,1,0.6,0.3,331075.3,5.2,0.4
127,13,30,2.4,3.8,1.2,4.4,7.3,0.8,2.9,3.3,2.1,1.2,0.6,684983.3,10.8,0.8
127,14,17,1.4,2.1,0.7,2.5,4.2,0.4,1.6,1.9,1.2,0.7,0.3,388157.2,6.1,0.4
127,4,3,0.1,0.4,0.1,0.3,0.7,0.1,0.5,0.4,0.1,0.2,0.1,81276.6,1.1,0.1
127,5,18,0.4,1.9,1.5,2.3,4.2,0.4,3.8,0.8,1.2,1.5,0,502977.9,5.4,0.4
127,8,3,0.1,0.3,0.2,0.4,0.7,0.1,0.6,0.1,0.2,0.3,0,83829.6,0.9,0.1
127,83,3,0.1,0.4,0,0.4,0.9,0,0.2,0.4,0.3,0.1,0.2,58721.6,1.1,0.2
127,84,1,0,0.1,0,0.2,0.3,0,0.1,0.1,0.1,0,0.1,19573.9,0.4,0.1
127,10,13,1.1,1.6,0.5,1.9,3.2,0.3,1.3,1.4,0.9,0.5,0.3,296826.1,4.7,0.3
7,45,1,0,0,0,0,0.2,0,0.3,0.4,0,0.1,0,22020.9,0.6,0.1
7,46,15.5,0,0.5,0,3,3,0,4,5,0,0,0,307506.6,13,4
7,47,2,0,0.1,0,0,0.4,0,0.6,0.7,0,0.2,0,44041.8,1.1,0.2
7,48,2,0,0.1,0,0,0.4,0,0.6,0.7,0,0.2,0,44041.8,1.1,0.2
7,49,2,0,0.1,0,0,0.4,0,0.6,0.7,0,0.2,0,44041.8,1.1,0.2
7,95,3,0.1,0.3,0.1,0.3,0.4,0.1,0.8,0.7,0,0.2,0,70540.8,1.3,0.1
7,85,86,3,13,9,12,18,2,13,10,3,2,1,1544747.5,35,5
7,86,39.5,3,4.5,1,10,9,0,5,5,2,0,0,973731.8,16,1
7,98,2,0.1,0.2,0.1,0.2,0.2,0.1,0.5,0.5,0,0.1,0,47027.2,0.9,0.1
8,72,1,0,0.1,0.1,0.1,0.2,0,0.2,0.2,0,0.1,0,18210.6,0.5,0.1
8,62,1,0,0,0,0,0.2,0,0.4,0.3,0,0.1,0,18051.7,0.7,0.2
8,95,6,0.4,0.3,0,1.2,0.8,0.1,0.8,1.6,0.2,0.6,0,131150.3,2.6,0.2
8,96,5,0.3,0.2,0,1,0.7,0.1,0.7,1.3,0.2,0.5,0,109291.9,2.2,0.2
8,85,29,1.6,3.4,0.9,3.8,8.7,0.9,3.4,4.4,0.6,1,0.3,611897.3,10.9,1.6
8,86,3,0.2,0.3,0.1,0.4,0.9,0.1,0.4,0.4,0.1,0.1,0,63299.7,1.1,0.2
8,98,3,0.2,0.1,0,0.6,0.4,0.1,0.4,0.8,0.1,0.3,0,65575.1,1.3,0.1
8,87,5,0.3,0.6,0.2,0.6,1.5,0.2,0.6,0.7,0.1,0.2,0,105499.5,1.9,0.3
9,46,3,0.1,0.2,0.1,0.4,0.4,0,0.6,0.8,0.1,0.2,0.1,54638,1.3,0.1
9,95,14,0.8,0.7,0,2.8,2,0.3,2,3.6,0.4,1.4,0,306017.3,6.2,0.6
9,73,2,0,0.1,0.2,0.2,0.4,0,0.4,0.5,0,0.2,0,36421.2,1,0.3
9,96,3,0.2,0.1,0,0.6,0.4,0.1,0.4,0.8,0.1,0.3,0,65575.1,1.3,0.1
9,85,22,1.2,2.6,0.7,2.9,6.6,0.7,2.6,3.3,0.5,0.7,0.2,464197.9,8.3,1.2
9,86,39,4,5,0,6,13,1,3,4,3,0,0,806889.6,15,2
9,32,4,0,0.2,0,0.2,1.2,0,0.7,1.3,0,0.4,0,77292.5,2.8,0.1
20,33,7,0.5,0,0.2,1.1,1.1,0.2,2.3,1.1,0.5,0,0,132682.8,3.6,0.2
20,66,3,0,0.3,0,0.1,0.8,0,0.8,0.9,0,0.1,0,57226.5,1.7,0.2
20,67,3,0,0.3,0,0.1,0.8,0,0.8,0.9,0,0.1,0,57226.5,1.7,0.2
20,56,2,0.1,0.1,0.1,0.2,0.3,0,0.4,0.5,0.1,0.1,0.1,36425.3,0.9,0.1
20,34,1,0.1,0,0,0.1,0.2,0,0.3,0.2,0.1,0,0,18954.7,0.5,0
20,68,1,0,0.1,0,0,0.3,0,0.3,0.3,0,0,0,19075.5,0.6,0.1
20,58,2,0.1,0.1,0.1,0.2,0.3,0,0.4,0.5,0.1,0.1,0.1,36425.3,0.9,0.1
20,50,3,0.1,0.2,0.1,0.4,0.4,0,0.6,0.8,0.1,0.2,0.1,54638,1.3,0.1
20,87,4,0.3,0.4,0.2,0.7,0.6,0.1,0.4,1,0.2,0.1,0,104460.4,1.4,0.2
20,32,2,0.1,0,0.1,0.3,0.3,0.1,0.7,0.3,0.1,0,0,37909.4,1,0.1
21,56,2,0.1,0.1,0.1,0.2,0.3,0,0.4,0.5,0.1,0.1,0.1,36425.3,0.9,0.1
21,34,8,0.5,0,0.3,1.3,1.3,0.2,2.6,1.3,0.5,0,0,151637.5,4.1,0.3
21,68,1,0,0.1,0,0,0.3,0,0.3,0.3,0,0,0,19075.5,0.6,0.1
21,74,4,0.1,0.3,0.3,0.4,0.7,0.1,0.7,1.1,0,0.3,0,72842.5,1.9,0.5
21,87,2,0.2,0.2,0.1,0.4,0.3,0,0.2,0.5,0.1,0,0,52230.2,0.7,0.1
21,54,5,0.2,0.3,0.2,0.6,0.7,0,1,1.3,0.2,0.3,0.2,91063.3,2.2,0.2
22,55,6,0.2,0.3,0.3,0.8,0.8,0,1.2,1.5,0.2,0.4,0.3,109276,2.6,0.3
22,56,2,0.1,0.1,0.1,0.2,0.3,0,0.4,0.5,0.1,0.1,0.1,36425.3,0.9,0.1
22,34,2,0.1,0,0.1,0.3,0.3,0.1,0.7,0.3,0.1,0,0,37909.4,1,0.1
22,68,2,0,0.2,0,0.1,0.5,0,0.5,0.6,0,0.1,0,38151,1.1,0.1
22,84,6,0.4,0.7,0.2,1.1,0.9,0.1,0.6,1.6,0.3,0.1,0,156690.5,2.1,0.3
22,54,3,0.1,0.2,0.1,0.4,0.4,0,0.6,0.8,0.1,0.2,0.1,54638,1.3,0.1
23,34,2,0.1,0,0.1,0.3,0.3,0.1,0.7,0.3,0.1,0,0,37909.4,1,0.1
24,56,2.5,0.1,0.1,0.1,0.3,0.3,0,0.5,0.7,0.1,0.2,0.1,45531.7,1.1,0.1
24,35,3,0,0.2,0.2,0.7,0.7,0.1,0.7,0.3,0,0,0.1,55315.6,1.4,0.5
24,68,9,0.2,0.6,1.2,0.8,2.5,0,2.1,1.2,0,0.4,0,177306.9,4.3,1.6
24,69,3,0.1,0.2,0.4,0.3,0.8,0,0.7,0.4,0,0.1,0,59102.3,1.4,0.5
24,36,2,0,0.1,0.1,0.4,0.5,0.1,0.5,0.2,0,0,0.1,36877,0.9,0.3
24,70,22,0.6,1.7,1.7,2.3,3.9,0.6,3.9,5.6,0,1.7,0,400633.5,10.7,2.8
24,84,6,0.4,0.7,0.2,1.1,0.9,0.1,0.6,1.6,0.3,0.1,0,156690.5,2.1,0.3
24,74,3,0.1,0.2,0.2,0.3,0.5,0.1,0.6,0.8,0,0.2,0,54631.8,1.5,0.4
24,85,2,0.2,0.2,0.1,0.4,0.3,0,0.2,0.5,0.1,0,0,52230.2,0.7,0.1
24,64,2,0,0.2,0.1,0.1,0.5,0.1,0.3,0.4,0.1,0.1,0.1,40202.5,0.8,0.1
25,66,13,0.3,0.9,1.8,1.2,3.5,0,2.9,1.8,0,0.6,0,256109.9,6.2,2.4
25,67,5,0.1,0.3,0.7,0.5,1.4,0,1.1,0.7,0,0.2,0,98503.8,2.4,0.9
25,35,5,0,0.4,0.4,1.1,1.2,0.1,1.2,0.5,0,0,0.1,92192.6,2.3,0.8
25,69,1,0,0.1,0.1,0.1,0.3,0,0.2,0.1,0,0.1,0,19700.8,0.5,0.2
25,70,22,0,2,1,1,3,0,2,7,3,3,0,332400.1,14,6
25,71,3,0.1,0.2,0.2,0.3,0.5,0.1,0.6,0.8,0,0.2,0,54631.8,1.5,0.4
25,60,4,0.1,0.4,0.3,0.2,1,0.2,0.6,0.7,0.3,0.1,0.1,80405,1.6,0.3
25,84,7,0.5,0.8,0.3,1.3,1,0.1,0.7,1.8,0.4,0.1,0,182805.6,2.5,0.4
25,62,1,0,0.1,0.1,0,0.3,0,0.2,0.2,0.1,0,0,20101.3,0.4,0.1
25,64,9,0.2,1,0.6,0.4,2.4,0.4,1.4,1.6,0.6,0.2,0.2,180911.3,3.6,0.6
25,65,5,0.1,0.3,0.7,0.5,1.4,0,1.1,0.7,0,0.2,0,98503.8,2.4,0.9
26,66,1,0,0.1,0.1,0.1,0.3,0,0.2,0.1,0,0.1,0,19700.8,0.5,0.2
26,35,7.5,0,0.6,0.6,1.6,1.8,0.2,1.8,0.7,0,0,0.2,138288.9,3.4,1.1
26,36,7.5,0,0.6,0.6,1.6,1.8,0.2,1.8,0.7,0,0,0.2,138288.9,3.4,1.1
26,37,5,0,0.4,0.4,1.1,1.2,0.1,1.2,0.5,0,0,0.1,92192.6,2.3,0.8
26,17,2,0.1,0.1,0,0.2,0.4,0,0.5,0.7,0,0,0,36330.4,1.4,0.4
26,94,2,0.2,0.2,0.1,0.4,0.3,0,0.2,0.5,0.1,0,0,52230.2,0.7,0.1
26,62,15,0.3,1.7,1,0.7,4,0.7,2.3,2.7,1,0.3,0.3,301518.8,6,1
26,63,9,0.2,1,0.6,0.4,2.4,0.4,1.4,1.6,0.6,0.2,0.2,180911.3,3.6,0.6
26,64,5,0.1,0.6,0.4,0.2,1.3,0.2,0.8,0.9,0.3,0.1,0.1,100506.3,2,0.3
26,65,5,0.1,0.3,0.7,0.5,1.4,0,1.1,0.7,0,0.2,0,98503.8,2.4,0.9
27,67,1,0,0.1,0.1,0.1,0.3,0,0.2,0.1,0,0.1,0,19700.8,0.5,0.2
27,37,3,0,0.2,0.2,0.7,0.7,0.1,0.7,0.3,0,0,0.1,55315.6,1.4,0.5
27,17,4,0.2,0.2,0,0.4,0.8,0,1,1.4,0,0,0,72660.8,2.8,0.8
27,18,14,0.7,0.7,0,1.4,2.8,0,3.5,4.9,0,0,0,254313,9.8,2.8
27,84,1,0.1,0.1,0,0.2,0.1,0,0.1,0.3,0.1,0,0,26115.1,0.4,0.1
27,65,1,0,0.1,0.1,0.1,0.3,0,0.2,0.1,0,0.1,0,19700.8,0.5,0.2
28,67,3,0,0,0,0.3,0.5,0,0.8,0.7,0.3,0.4,0,56722.7,2,0.3
28,68,2,0,0,0,0.2,0.3,0,0.6,0.5,0.2,0.2,0,37815.1,1.3,0.2
28,36,5,0.2,0.4,0.3,0.4,1.3,0,0.8,0.9,0.2,0.4,0.1,86296.4,2.6,0.8
28,37,1,0,0.1,0.1,0.1,0.3,0,0.1,0.2,0,0.1,0,17259.3,0.5,0.2
28,16,1,0,0.1,0.1,0,0.3,0,0.2,0.2,0,0.1,0,17903.4,0.6,0.2
28,39,4,0.1,0.3,0.2,0.3,1.1,0,0.6,0.8,0.2,0.3,0.1,69037.1,2.1,0.6
28,64,3,0,0,0,0.3,0.5,0,0.8,0.7,0.3,0.4,0,56722.7,2,0.3
29,55,4,0.1,0.5,0,0.4,0.9,0,0.7,0.3,0.6,0.4,0.1,60571.9,1.4,0.5
29,35,3,0.1,0.2,0.2,0.2,0.8,0,0.5,0.6,0.1,0.2,0.1,51777.8,1.6,0.5
29,68,2,0,0,0,0.2,0.3,0,0.6,0.5,0.2,0.2,0,37815.1,1.3,0.2
29,36,2,0.1,0.1,0.1,0.2,0.5,0,0.3,0.4,0.1,0.2,0,34518.5,1,0.3
29,37,2,0.1,0.1,0.1,0.2,0.5,0,0.3,0.4,0.1,0.2,0,34518.5,1,0.3
29,39,5,0.2,0.4,0.3,0.4,1.3,0,0.8,0.9,0.2,0.4,0.1,86296.4,2.6,0.8
29,18,7,0.2,0.8,0.4,0.3,1.8,0.1,1.2,1.6,0.2,0.3,0.1,125323.6,4,1.6
29,40,2,0,0.3,0,0.2,0.4,0,0.4,0.2,0.3,0.2,0,30285.9,0.7,0.3
29,64,3,0,0,0,0.3,0.5,0,0.8,0.7,0.3,0.4,0,56722.7,2,0.3
30,55,3,0.1,0.4,0,0.3,0.6,0,0.5,0.3,0.4,0.3,0.1,45428.9,1,0.4
30,35,5,0.2,0.4,0.3,0.4,1.3,0,0.8,0.9,0.2,0.4,0.1,86296.4,2.6,0.8
30,36,6,0.2,0.5,0.3,0.5,1.6,0,0.9,1.2,0.2,0.5,0.1,103555.6,3.1,0.9
30,15,2,0.1,0.2,0.1,0.1,0.5,0,0.3,0.5,0.1,0.1,0,35806.8,1.1,0.5
30,38,7,0.3,0.5,0.4,0.5,1.9,0,1.1,1.4,0.3,0.5,0.1,120814.9,3.6,1.1
30,17,14,0.4,1.6,0.8,0.6,3.6,0.2,2.4,3.2,0.4,0.6,0.2,250647.3,8,3.2
30,39,87,1,10.5,2,11,15,4,18,14,5.5,4,2,1620074,45,11
30,18,19,0.5,2.2,1.1,0.8,4.9,0.3,3.3,4.3,0.5,0.8,0.3,340164.1,10.9,4.3
30,70,9,0.1,1.2,0.3,0.9,2.9,0.2,0.9,1.2,0.9,0.2,0.2,195002.2,3.1,0.6
31,36,4,0.1,0.3,0.2,0.3,1.1,0,0.6,0.8,0.2,0.3,0.1,69037.1,2.1,0.6
31,16,2,0.1,0.2,0.1,0.1,0.5,0,0.3,0.5,0.1,0.1,0,35806.8,1.1,0.5
31,82,1,0,0.1,0.1,0.1,0.3,0,0.3,0.1,0,0,0,18504.2,0.5,0.2
31,83,2,0,0.2,0.1,0.2,0.5,0,0.6,0.3,0,0.1,0,37008.4,1,0.4
31,40,8,0.2,1,0,0.9,1.7,0,1.4,0.7,1.2,0.7,0.2,121143.7,2.8,1
32,89,3,0.1,0.3,0.1,0.3,0.7,0,1,0.4,0,0.1,0,55512.6,1.5,0.6
32,56,9,0.2,1.2,0,1,1.9,0,1.5,0.8,1.4,0.8,0.2,136286.7,3.1,1.2
32,36,2,0.1,0.1,0.1,0.2,0.5,0,0.3,0.4,0.1,0.2,0,34518.5,1,0.3
32,37,1,0,0.1,0.1,0.1,0.3,0,0.1,0.2,0,0.1,0,17259.3,0.5,0.2
32,16,12,0.3,1.4,0.7,0.5,3.1,0.2,2.1,2.7,0.3,0.5,0.2,214840.5,6.9,2.7
32,38,2,0.1,0.1,0.1,0.2,0.5,0,0.3,0.4,0.1,0.2,0,34518.5,1,0.3
32,39,3,0.1,0.2,0.2,0.2,0.8,0,0.5,0.6,0.1,0.2,0.1,51777.8,1.6,0.5
32,17,4,0.1,0.4,0.2,0.2,1,0.1,0.7,0.9,0.1,0.2,0.1,71613.5,2.3,0.9
32,70,1,0,0.2,0,0.1,0.3,0,0.1,0.2,0.1,0,0,21666.9,0.3,0.1
32,82,2,0,0.2,0.1,0.2,0.5,0,0.6,0.3,0,0.1,0,37008.4,1,0.4
32,40,5,0.1,0.7,0,0.5,1.1,0,0.9,0.4,0.8,0.4,0.1,75714.8,1.7,0.7
32,41,2,0,0.3,0,0.2,0.4,0,0.4,0.2,0.3,0.2,0,30285.9,0.7,0.3
32,64,1,0,0,0,0.1,0.2,0,0.3,0.2,0.1,0.1,0,18907.6,0.7,0.1
33,89,1,0,0.1,0.1,0.1,0.3,0,0.3,0.1,0,0,0,18504.2,0.5,0.2
33,16,9,0.3,1,0.5,0.4,2.3,0.1,1.5,2.1,0.3,0.4,0.1,161130.4,5.1,2.1
33,90,2,0,0.2,0.1,0.2,0.5,0,0.6,0.3,0,0.1,0,37008.4,1,0.4
33,71,1,0,0.2,0,0.1,0.3,0,0.1,0.2,0.1,0,0,21666.9,0.3,0.1
34,82,3,0.1,0.3,0.1,0.3,0.7,0,1,0.4,0,0.1,0,55512.6,1.5,0.6
34,41,3,0.1,0.2,0.1,0.7,0.3,0.1,0.7,0.2,0.2,0.4,0,48193.3,1.2,0.2
34,42,1,0,0.1,0.1,0.2,0.1,0,0.2,0.1,0.1,0.1,0,16064.4,0.4,0.1
35,59,5,0.1,0.7,0,0.5,1.1,0,0.9,0.4,0.8,0.4,0.1,75714.8,1.7,0.7
35,81,2,0,0.2,0.1,0.2,0.5,0,0.6,0.3,0,0.1,0,37008.4,1,0.4
35,60,4,0,0,0,0.4,0.7,0,1.1,0.9,0.4,0.5,0,75630.2,2.7,0.4
35,82,3,0.1,0.3,0.1,0.3,0.7,0,1,0.4,0,0.1,0,55512.6,1.5,0.6
35,41,13,0.5,1,0.5,2.9,1.4,0.5,2.9,1,0.9,1.4,0,208837.4,5.3,1
36,41,1,0,0.1,0.1,0.2,0.1,0,0.2,0.1,0.1,0.1,0,16064.4,0.4,0.1
36,42,9,0.3,0.7,0.3,2,1,0.3,2,0.7,0.7,1,0,144579.8,3.7,0.7
37,60,22,0,1,2,1,4,0,5,8,0,1,0,471094.9,13,2
38,59,4,0.1,0.5,0,0.4,0.9,0,0.7,0.3,0.6,0.4,0.1,60571.9,1.4,0.5
38,90,1,0,0.1,0.1,0.1,0.3,0,0.3,0.1,0,0,0,18504.2,0.5,0.2
38,60,12,0,0.3,0,0.3,0.4,0.3,2.5,7.1,0,1.1,0,247555.7,6,1.1
38,85,2,0,0.2,0.1,0.4,0.5,0.1,0.3,0.3,0.1,0,0,42915.2,0.7,0.1
39,37,4,0,0.3,0.2,0.6,1.2,0,0.4,0.8,0.2,0.1,0.2,91137.8,1.8,0.2
39,92,2,0,0.2,0.1,0.2,0.5,0,0.6,0.3,0,0.1,0,37008.4,1,0.4
39,62,2,0,0,0,0.1,0.1,0,0.4,1.2,0,0.2,0,41259.3,1,0.2
39,120,1,0,0.1,0,0.1,0.2,0,0.2,0.3,0.1,0,0,18845.8,0.5,0.1
39,65,2,0.1,0.1,0.1,0.4,0.5,0,0.2,0.5,0.1,0,0,26335.6,1.2,0.5
40,111,1,0,0.1,0,0.1,0.2,0,0.2,0.3,0,0.1,0,19933.2,0.5,0.1
40,68,1,0,0.1,0.1,0.2,0.2,0,0.1,0.3,0,0,0,13167.8,0.6,0.2
40,38,2,0,0.1,0.1,0.3,0.6,0,0.2,0.4,0.1,0.1,0.1,45568.9,0.9,0.1
40,62,4,0,0.1,0,0.1,0.1,0.1,0.8,2.4,0,0.4,0,82518.6,2,0.4
40,63,4,0,0.1,0,0.1,0.1,0.1,0.8,2.4,0,0.4,0,82518.6,2,0.4
40,64,3,0,0.1,0,0.1,0.1,0.1,0.6,1.8,0,0.2,0,61888.9,1.5,0.3
40,65,1,0,0.1,0.1,0.2,0.2,0,0.1,0.3,0,0,0,13167.8,0.6,0.2
41,111,2,0.1,0.1,0.1,0.2,0.4,0,0.4,0.5,0.1,0.1,0,39866.5,0.9,0.2
41,68,6,0.3,0.3,0.3,1.3,1.4,0,0.5,1.6,0.3,0,0,79006.7,3.5,1.4
41,94,2,0,0.2,0.1,0.2,0.5,0,0.6,0.3,0,0.1,0,37008.4,1,0.4
41,63,7,0,0.2,0,0.2,0.2,0.2,1.5,4.1,0,0.6,0,144407.5,3.5,0.6
41,64,2,0,0,0,0.1,0.1,0,0.4,1.2,0,0.2,0,41259.3,1,0.2
41,65,2,0.1,0.1,0.1,0.4,0.5,0,0.2,0.5,0.1,0,0,26335.6,1.2,0.5
42,66,1,0,0.1,0.1,0.2,0.2,0,0.1,0.3,0,0,0,13167.8,0.6,0.2
42,103,4,0.1,0.3,0.1,0.3,0.9,0.1,0.7,1.1,0.1,0.2,0.1,79732.9,1.8,0.5
42,80,2,0,0.2,0.1,0.4,0.5,0.1,0.3,0.3,0.1,0,0,42915.2,0.7,0.1
42,107,1,0,0.1,0,0.1,0.2,0,0.2,0.3,0,0.1,0,19933.2,0.5,0.1
42,81,5,0.1,0.4,0.2,0.9,1.2,0.2,0.7,0.7,0.4,0.1,0.1,107288,1.6,0.3
42,82,2,0,0.2,0.1,0.4,0.5,0.1,0.3,0.3,0.1,0,0,42915.2,0.7,0.1
43,110,1,0,0.1,0,0.1,0.2,0,0.2,0.3,0,0.1,0,19933.2,0.5,0.1
43,104,70,3,9,2,13,12,2,9,9,7,4,0,1429796,29,3
43,80,11,0.2,0.9,0.4,2.1,2.8,0.4,1.5,1.5,0.8,0.2,0.2,236033.6,3.6,0.6
43,81,14,0.2,1.1,0.5,2.7,3.5,0.5,1.9,1.9,1.1,0.3,0.3,300406.5,4.6,0.8
43,109,1,0,0.1,0,0.1,0.2,0,0.2,0.3,0,0.1,0,19933.2,0.5,0.1
43,94,1,0,0.1,0.1,0.1,0.3,0,0.3,0.1,0,0,0,18504.2,0.5,0.2
43,97,3,0.1,0.3,0.1,0.3,0.7,0,1,0.4,0,0.1,0,55512.6,1.5,0.6
44,99,4,0.1,0.4,0.2,0.4,1,0,1.3,0.5,0,0.1,0,74016.8,2,0.8
44,112,2,0.1,0.1,0.1,0.2,0.4,0,0.4,0.5,0.1,0.1,0,39866.5,0.9,0.2
44,113,5,0.2,0.3,0.2,0.4,1.1,0.1,0.9,1.3,0.2,0.2,0.1,99666.2,2.3,0.6
44,69,4,0.2,0.2,0.2,0.9,0.9,0,0.3,1.1,0.2,0,0,52671.1,2.4,0.9
44,104,11,0.3,0.7,0.4,0.9,2.5,0.2,2,2.9,0.4,0.5,0.2,219265.5,5,1.3
44,40,2,0.1,0.3,0,0.3,0.3,0.2,0.2,0.5,0,0.1,0,36220.5,0.7,0.2
44,87,6,0.1,0.5,0.2,1.2,1.5,0.2,0.8,0.8,0.5,0.1,0.1,128745.6,2,0.3
45,79,2,0,0.3,0.1,0.2,0.7,0,0.2,0.3,0.2,0,0,43333.8,0.7,0.1
45,69,5,0.2,0.2,0.2,1.1,1.2,0,0.5,1.4,0.2,0,0,65838.9,3,1.1
45,104,4,0.1,0.3,0.1,0.3,0.9,0.1,0.7,1.1,0.1,0.2,0.1,79732.9,1.8,0.5
45,39,6,0,0.4,0.3,1,1.8,0,0.6,1.2,0.3,0.1,0.3,136706.7,2.7,0.3
45,80,3,0.1,0.2,0.1,0.6,0.7,0.1,0.4,0.4,0.2,0.1,0.1,64372.8,1,0.2
45,107,4,0.1,0.3,0.1,0.3,0.9,0.1,0.7,1.1,0.1,0.2,0.1,79732.9,1.8,0.5
45,40,14,1.1,1.8,0.4,1.9,2.2,1.1,1.5,3.3,0,0.7,0,253543.2,5.2,1.1
46,37,15,0,1.1,0.7,2.4,4.5,0,1.4,3.1,0.7,0.4,0.7,341766.8,6.6,0.7
46,104,2,0.1,0.1,0.1,0.2,0.4,0,0.4,0.5,0.1,0.1,0,39866.5,0.9,0.2
46,38,3,0,0.2,0.1,0.5,0.9,0,0.3,0.6,0.1,0.1,0.2,68353.4,1.3,0.1
46,39,84,5,8,4,9,21,5,12,13,1,4,2,1722159.9,41,9
46,80,7,0.1,0.5,0.3,1.4,1.8,0.3,0.9,1,0.5,0.1,0.1,150203.2,2.3,0.4
46,50,4,0.1,0.5,0,0.4,0.9,0,0.7,0.3,0.6,0.4,0.1,60571.9,1.4,0.5
46,40,44,0,7,2,7,8,0,4,6,5,5,0,857545.5,19,2
46,41,27,2,0,1,6,4,0,4,7,0,3,0,476026.4,16,3
47,100,2,0.1,0.1,0.1,0.2,0.4,0,0.4,0.5,0.1,0.1,0,39866.5,0.9,0.2
47,79,46,0.8,6.2,1.5,4.7,14.8,0.8,4.7,6.2,4.7,0.8,0.8,996678.2,15.6,3.1
47,102,7,0.2,0.5,0.2,0.6,1.6,0.1,1.3,1.8,0.2,0.4,0.1,139532.6,3.2,0.8
47,103,14,0.5,0.9,0.5,1.1,3.2,0.2,2.5,3.7,0.5,0.7,0.2,279065.2,6.4,1.6
47,49,1,0.1,0.1,0,0.1,0.2,0.1,0.1,0.2,0,0.1,0,18110.2,0.4,0.1
47,38,13,0,0.9,0.6,2.1,4,0,1.2,2.7,0.6,0.3,0.6,296197.9,5.7,0.6
47,39,21,1,1,1,3,3,0,4,5,0,3,0,380375.5,16,5
47,80,38,1,4,1,6,9,1,3,5,6,1,1,778674.7,15,3
47,40,54,2.5,6,3,7,16,2,6,1,3.5,7,0,888742.2,20,5
47,41,21,1.6,2.8,0.5,2.8,3.3,1.7,2.2,5,0,1.1,0,380314.7,7.7,1.7
48,99,3,0,0.2,0,0,0.3,0,0.4,1.4,0,0.5,0.2,69720.3,1.9,0
48,100,2,0,0.1,0.1,0.2,0.4,0.1,0.4,0.4,0.1,0.1,0.1,46054.7,0.9,0.1
48,79,52,4.1,5.5,3.4,9.6,9.6,2.7,7.5,3.4,4.1,0.7,1.4,1029727.7,17.8,3.4
48,101,1,0,0.1,0.1,0.1,0.2,0,0.2,0.2,0,0,0.1,23027.3,0.4,0
48,103,14,0,0.8,0.8,1.7,2.9,0.4,2.9,2.9,0.4,0.4,0.8,322382.8,6.2,0.4
48,49,2,0,0.1,0,0.1,0.5,0.1,0.5,0.5,0,0.2,0,31594.7,1.3,0.2
48,104,5,0,0.3,0.3,0.6,1,0.1,1,1,0.2,0.2,0.3,115136.7,2.2,0.1
48,80,58,4,5,6,10,11,2,9,5,1,2,3,1003354.9,22,4
48,119,2,0,0.1,0.1,0.2,0.4,0.1,0.4,0.4,0.1,0.1,0.1,46054.7,0.9,0.1
48,40,4,0.1,0.3,0.3,0.3,0.9,0,1.2,0.4,0.5,0,0,70816.7,2.1,0.8
48,41,9,0.3,0.6,0.6,0.6,2.1,0,2.7,0.9,1.2,0,0,159337.6,4.8,1.8
48,31,3,0.2,0.2,0.1,0.2,0.7,0.2,0.5,0.6,0.1,0.1,0.1,56815.7,1.1,0.4
49,78,3,0.2,0.3,0.2,0.6,0.6,0.2,0.4,0.2,0.2,0,0.1,59407.4,1,0.2
49,79,7,0.5,0.7,0.5,1.3,1.3,0.4,1,0.5,0.5,0.1,0.2,138617.2,2.4,0.5
49,48,3,0,0.2,0,0.1,0.8,0.1,0.7,0.8,0,0.3,0,47392.1,1.9,0.3
49,104,6,0,0.3,0.4,0.7,1.2,0.2,1.2,1.2,0.2,0.2,0.4,138164.1,2.6,0.2
49,39,2,0.1,0.2,0.1,0.1,0.5,0.1,0.4,0.4,0,0,0.1,37877.1,0.7,0.3
49,80,98,3,6.5,7,12,23,3,13,14,4.5,10,2,1925335.1,44,7
49,81,91,3,10,4,12,22,5,8,13,11,2,1,1631859.8,37,9
49,41,2,0.1,0.1,0.1,0.1,0.5,0,0.6,0.2,0.3,0,0,35408.4,1.1,0.4
49,65,7,0,0.6,0.2,1.2,1,0.4,1.5,1.7,0,0.4,0,135261.2,3.3,0.6
50,66,4,0,0.4,0.1,0.7,0.6,0.2,0.8,1,0,0.2,0,77292.1,1.9,0.4
50,35,6,0.4,0.5,0.3,0.4,1.4,0.4,1.1,1.2,0.1,0.1,0.1,113631.3,2.2,0.8
50,80,56,5,3,2,8,14,2,6,7,5,4,0,1068612.5,23,7
50,81,1,0,0.2,0,0.1,0.1,0,0.3,0.2,0,0.1,0,16840.2,0.5,0
50,62,2,0.1,0.1,0.1,0.2,0.4,0,0.2,0.7,0,0.1,0.1,35090.1,1.1,0.3
50,63,5,0.2,0.2,0.2,0.5,0.9,0,0.6,1.8,0,0.4,0.2,87725.4,2.8,0.7
50,64,1,0,0,0,0.1,0.2,0,0.1,0.4,0,0.1,0.1,17545.1,0.6,0.1
50,65,10,0,0.9,0.3,1.8,1.5,0.6,2,2.3,0,0.6,0,193230.3,4.7,0.9
51,66,8,0,0.7,0.2,1.4,1.2,0.5,1.6,1.9,0,0.5,0,154584.2,3.8,0.7
51,35,2,0.1,0.2,0.1,0.1,0.5,0.1,0.4,0.4,0,0,0.1,37877.1,0.7,0.3
51,79,6,0.5,0.6,0.4,1.1,1.1,0.3,0.9,0.4,0.5,0.1,0.1,118814.7,2.1,0.4
51,47,3,0,0.2,0,0.1,0.8,0.1,0.7,0.8,0,0.3,0,47392.1,1.9,0.3
51,80,15,0.6,2.9,0,1.2,1.7,0,4.6,2.3,0,1.7,0,252603.7,8.1,0.6
51,64,5,0.2,0.2,0.2,0.5,0.9,0,0.6,1.8,0,0.4,0.2,87725.4,2.8,0.7
51,65,34,0,1,1,2,3,0,8,10,2,7,0,599498.3,22,6
52,78,4,0.3,0.4,0.3,0.7,0.7,0.2,0.6,0.3,0.3,0.1,0.1,79209.8,1.4,0.3
52,79,4,0.3,0.4,0.3,0.7,0.7,0.2,0.6,0.3,0.3,0.1,0.1,79209.8,1.4,0.3
52,46,20,0,1.3,0,0.7,5.3,0.7,4.7,5.3,0,2,0,315947.1,12.7,2
52,47,2,0,0.1,0,0.1,0.5,0.1,0.5,0.5,0,0.2,0,31594.7,1.3,0.2
52,80,3,0.1,0.6,0,0.2,0.3,0,0.9,0.5,0,0.4,0,50520.7,1.6,0.1
52,41,1,0,0.1,0.1,0.1,0.2,0,0.3,0.1,0.1,0,0,17704.2,0.5,0.2
52,64,8,0.3,0.3,0.3,0.9,1.5,0,0.9,2.9,0,0.6,0.3,140360.6,4.4,1.2
52,31,2,0.1,0.2,0.1,0.1,0.5,0.1,0.4,0.4,0,0,0.1,37877.1,0.7,0.3
52,65,5,0,0.4,0.2,0.9,0.7,0.3,1,1.2,0,0.3,0,96615.1,2.4,0.4
53,45,4,0,0.3,0.2,0.4,1,0.1,0.6,0.8,0.4,0.1,0.1,62383,1.8,0.6
53,78,4,0,0.6,0,0.4,0.7,0.4,0.7,0.8,0.1,0.3,0,91531.8,1.8,0.3
53,46,34,0,3,0,3,10,1,5,9,1,1,1,628744.1,19,3
53,79,1,0,0.1,0,0.1,0.2,0.1,0.2,0.2,0,0.1,0,22882.9,0.4,0.1
53,47,10,0,0.7,0.5,1.1,2.5,0.2,1.6,2.1,0.9,0.2,0.2,155957.6,4.5,1.6
53,48,29,0,2,1.3,3.3,7.2,0.7,4.6,5.9,2.6,0.7,0.7,452276.9,13.2,4.6
53,106,1,0,0.1,0.1,0.2,0.2,0,0.2,0.1,0.1,0,0,18297.2,0.4,0.1
53,80,3,0.1,0.6,0,0.2,0.3,0,0.9,0.5,0,0.4,0,50520.7,1.6,0.1
53,65,3,0.1,0.1,0.1,0.3,0.6,0,0.4,1.1,0,0.2,0.1,52635.2,1.7,0.4
54,77,2,0,0.3,0,0.2,0.3,0.2,0.4,0.4,0.1,0.1,0,45765.9,0.9,0.1
54,48,1,0,0.1,0,0.1,0.3,0,0.2,0.2,0.1,0,0,15595.8,0.5,0.2
54,106,1,0,0.1,0.1,0.2,0.2,0,0.2,0.1,0.1,0,0,18297.2,0.4,0.1
54,107,40,1.9,4.8,2.8,8.6,7.6,0.9,8.6,2.9,1.9,0,0,731889.4,16.2,3.8
54,31,1,0.1,0.1,0,0.1,0.2,0.1,0.2,0.2,0,0,0,18938.6,0.4,0.1
55,79,4,0,0.6,0,0.4,0.7,0.4,0.7,0.8,0.1,0.3,0,91531.8,1.8,0.3
55,80,4,0.1,0.8,0,0.3,0.5,0,1.2,0.6,0,0.5,0,67361,2.2,0.2
55,31,10.5,0.7,0.8,0.5,0.7,2.4,0.7,1.9,2.1,0.2,0.2,0.3,198854.8,3.8,1.4
55,32,2,0.1,0.2,0.1,0.1,0.5,0.1,0.4,0.4,0,0,0.1,37877.1,0.7,0.3
56,24,2,0.1,0.2,0.1,0.1,0.6,0,0.2,0.5,0.1,0.1,0,42767.3,0.8,0.1
56,79,10,0,1.4,0,1,1.7,1,1.7,2.1,0.4,0.7,0,228829.5,4.5,0.7
56,124,5,0.1,0.1,0.3,0.7,1,0,0.8,1.2,0.4,0.4,0,93164,2.8,0.7
56,31,11,0.7,0.9,0.5,0.7,2.5,0.7,2,2.2,0.2,0.3,0.3,208324.1,4,1.5
57,78,7,0,1,0,0.7,1.2,0.7,1.2,1.5,0.2,0.5,0,160180.6,3.1,0.5
57,79,1,0,0.1,0,0.1,0.2,0.1,0.2,0.2,0,0.1,0,22882.9,0.4,0.1
57,63,2,0.1,0.1,0.1,0.2,0.4,0,0.2,0.7,0,0.1,0.1,35090.1,1.1,0.3
57,31,42,2,2,5,10,7,1,6,4,4,1,0,878060.6,15,1
57,64,1,0,0,0,0.1,0.2,0,0.1,0.4,0,0.1,0.1,17545.1,0.6,0.1
57,32,5,0.3,0.4,0.2,0.4,1.1,0.4,0.9,1,0.1,0.1,0.1,94692.8,1.8,0.7
58,79,6,0.1,0.7,0.6,0.6,2.1,0.1,1,0.8,0,0,0,109503.7,2.4,0.6
58,30,3,0.2,0.3,0.1,0.2,0.9,0,0.3,0.8,0.1,0.1,0,64150.9,1.2,0.1
58,31,11,0.7,1.1,0.5,0.8,3.4,0,1.1,2.8,0.3,0.3,0,235219.9,4.5,0.5
58,97,2,0,0.1,0,0,0.2,0,0.2,1,0,0.4,0.1,46480.2,1.3,0
59,63,2,0,0.2,0.2,0.2,0.7,0.1,0.3,0.3,0,0,0,36501.2,0.8,0.2
59,31,8,0.5,0.8,0.4,0.6,2.5,0,0.8,2,0.2,0.2,0,171069,3.3,0.4
59,97,12,0,0.7,0,0,1.4,0,1.4,5.7,0,2.1,0.7,278881.3,7.8,0
59,21,2,0,0.4,0.1,0.2,0.4,0.1,0.3,0.3,0.2,0,0,43732,0.7,0.2
61,22,1,0,0.2,0,0.1,0.2,0,0.2,0.2,0.1,0,0,21866,0.3,0.1
61,78,1,0,0.1,0.1,0.1,0.4,0,0.2,0.1,0,0,0,18250.6,0.4,0.1
61,29,20,0,3.9,1.1,1.7,3.9,0.6,3.3,3.3,2.2,0,0,437320.2,6.7,2.2
61,60,1,0,0.1,0.1,0.1,0.4,0,0.2,0.1,0,0,0,18250.6,0.4,0.1
61,30,25,1.5,2.6,1.1,1.8,7.7,0,2.6,6.3,0.7,0.7,0,534590.8,10.3,1.1
62,22,8,0,1.6,0.4,0.7,1.6,0.2,1.3,1.3,0.9,0,0,174928.1,2.7,0.9
62,23,3,0,0.6,0.2,0.2,0.6,0.1,0.5,0.5,0.3,0,0,65598,1,0.3
62,78,15,0.4,1.7,1.4,1.4,5.2,0.4,2.4,2.1,0,0,0,273759.2,5.9,1.4
62,125,2,0,0,0.1,0.3,0.4,0,0.3,0.5,0.2,0.2,0,37265.6,1.1,0.3
62,126,25,0.6,0.7,1.3,3.3,5.3,0,3.9,5.9,2,2,0,465819.8,13.8,3.3
62,28,1,0,0.2,0,0.1,0.2,0,0.2,0.2,0.1,0,0,21866,0.3,0.1
62,29,1,0,0.2,0,0.1,0.2,0,0.2,0.2,0.1,0,0,21866,0.3,0.1
62,62,8,0.2,0.9,0.7,0.8,2.8,0.2,1.3,1.1,0,0,0,146004.9,3.2,0.7
62,30,18,1.1,1.8,0.8,1.3,5.6,0,1.9,4.5,0.5,0.5,0,384905.4,7.4,0.8
63,77,4,0.1,0.5,0.4,0.4,1.4,0.1,0.6,0.5,0,0,0,73002.5,1.6,0.4
63,22,47,4.9,1.4,2.1,7.7,9.2,1.4,7,7.7,3.5,2.1,0,881818.4,23.9,6.3
63,62,4,0.1,0.5,0.4,0.4,1.4,0.1,0.6,0.5,0,0,0,73002.5,1.6,0.4
63,63,1,0,0.1,0.1,0.1,0.4,0,0.2,0.1,0,0,0,18250.6,0.4,0.1
63,30,1,0.1,0.1,0,0.1,0.3,0,0.1,0.3,0,0,0,21383.6,0.4,0
63,21,5,0.5,0.2,0.2,0.8,1,0.2,0.7,0.8,0.4,0.2,0,93810.5,2.5,0.7
64,20,4,0.4,0.1,0.2,0.6,0.8,0.1,0.6,0.7,0.3,0.2,0,75048.4,2,0.5
64,21,11,1.2,0.3,0.5,1.8,2.1,0.3,1.7,1.8,0.8,0.5,0,206383,5.6,1.5
65,62,1,0,0.1,0.1,0.1,0.4,0,0.2,0.1,0,0,0,18250.6,0.4,0.1
68,97,3,0,0.2,0.2,0.3,0.6,0.1,0.6,0.6,0.1,0.1,0.2,69082,1.3,0.1
71,75,5,0.1,0.7,0.2,0.3,1.2,0,0.7,1,0.5,0.1,0.2,98940.5,1.8,0.3
72,81,1,0,0.1,0.1,0.1,0.2,0,0.2,0.2,0,0,0.1,23027.3,0.4,0
72,72,5,0.1,0.7,0.2,0.3,1.2,0,0.7,1,0.5,0.1,0.2,98940.5,1.8,0.3
72,75,5,0.1,0.7,0.2,0.3,1.2,0,0.7,1,0.5,0.1,0.2,98940.5,1.8,0.3
73,79,2,0,0.3,0.1,0.1,0.5,0,0.3,0.4,0.2,0,0.1,39576.2,0.7,0.1
73,72,2,0,0.3,0.1,0.1,0.5,0,0.3,0.4,0.2,0,0.1,39576.2,0.7,0.1
74,72,3,0.1,0.4,0.1,0.2,0.7,0,0.4,0.6,0.3,0.1,0.1,59364.3,1.1,0.2
74,73,9,0.2,1.2,0.4,0.6,2.1,0,1.2,1.7,1,0.2,0.4,178092.8,3.3,0.6
74,74,3,0.1,0.4,0.1,0.2,0.7,0,0.4,0.6,0.3,0.1,0.1,59364.3,1.1,0.2
75,77,2,0,0.3,0.1,0.1,0.5,0,0.3,0.4,0.2,0,0.1,39576.2,0.7,0.1
75,78,7,0.1,0.9,0.3,0.5,1.7,0,0.9,1.4,0.8,0.1,0.3,138516.6,2.6,0.5
75,79,2,0,0.3,0.1,0.1,0.5,0,0.3,0.4,0.2,0,0.1,39576.2,0.7,0.1
75,6,1,0,0.1,0.1,0.1,0.4,0,0.1,0.2,0,0,0,20946.1,0.4,0.1
75,73,1,0,0.1,0.1,0.1,0.2,0,0.1,0.2,0.1,0,0.1,19788.1,0.4,0.1
76,39,3,0,0.2,0.1,0.4,0.6,0.1,0.6,0.9,0,0,0.1,65025.7,1.7,0.4
77,23,4,0,0.2,0.1,0.5,0.9,0.1,0.9,1.2,0,0,0.1,86701,2.2,0.6
77,35,2,0,0.1,0.1,0.2,0.4,0.1,0.4,0.6,0,0,0.1,43350.5,1.1,0.3
77,38,10,0,0.6,0.2,1.2,2.2,0.2,2.2,3.1,0,0,0.3,216752.5,5.5,1.4
77,39,22.5,0,1.4,0.5,2.7,4.9,0.5,4.9,7.1,0,0,0.5,487693.1,12.5,3.3
78,33,1,0,0.1,0,0.1,0.3,0,0.2,0.2,0.1,0,0,23098,0.4,0.1
78,0,2,0.1,0.2,0.1,0.3,0.7,0,0.2,0.3,0.1,0,0,41892.3,0.8,0.2
78,34,15,0.6,1.6,0.4,2.1,3.9,0.4,2.8,2.2,0.8,0,0.2,346470.3,6,0.9
78,35,3,0.3,0.1,0.1,0.5,0.7,0,0.6,0.3,0.1,0.3,0,69333,1.3,0.3
78,39,4,0.4,0.2,0.2,0.7,0.9,0,0.7,0.4,0.1,0.4,0,92444.1,1.8,0.4
78,73,3,0.1,0.3,0.1,0.4,0.7,0,0.5,0.5,0.2,0.2,0,73205.4,1.3,0.2
78,74,8,0.2,0.9,0.4,1,1.8,0,1.3,1.2,0.5,0.6,0.1,195214.3,3.3,0.5
78,75,2,0.1,0.1,0.1,0.3,0.5,0,0.1,0.5,0.1,0.1,0.1,45454.3,0.9,0
78,32,3,0.1,0.3,0.1,0.4,0.8,0.1,0.6,0.4,0.2,0,0,69294.1,1.2,0.2
79,33,12,0.5,1.2,0.3,1.7,3.2,0.3,2.2,1.8,0.6,0,0.2,277176.3,4.8,0.7
79,0,2,0.1,0.2,0.1,0.3,0.7,0,0.2,0.3,0.1,0,0,41892.3,0.8,0.2
79,23,3,0.1,0.1,0.2,0.6,0.7,0,0.3,0.5,0.2,0.2,0.1,63891.6,1.4,0.2
79,34,21,0.9,2.2,0.6,2.9,5.5,0.5,3.9,3.1,1.1,0,0.3,485058.5,8.3,1.3
79,1,4,0.1,0.5,0.3,0.5,1.4,0,0.4,0.6,0.1,0,0.1,83784.6,1.7,0.3
79,35,15,1.4,0.7,0.5,2.8,3.3,0,2.8,1.4,0.5,1.6,0,346665.2,6.6,1.7
79,2,1,0,0.1,0.1,0.1,0.4,0,0.1,0.2,0,0,0,20946.1,0.4,0.1
79,36,11,1,0.5,0.4,2,2.5,0,2,1,0.4,1.2,0,254221.2,4.8,1.2
79,30,11,0.5,1.1,0.3,1.5,2.9,0.3,2,1.6,0.6,0,0.2,254078.2,4.4,0.7
79,31,7,0.3,0.7,0.2,1,1.8,0.2,1.3,1,0.4,0,0.1,161686.2,2.8,0.4
79,75,2,0.1,0.1,0.1,0.3,0.5,0,0.1,0.5,0.1,0.1,0.1,45454.3,0.9,0
79,32,3,0.1,0.3,0.1,0.4,0.8,0.1,0.6,0.4,0.2,0,0,69294.1,1.2,0.2
100,12,3,0.1,0.2,0.2,0.2,0.8,0.1,0.5,0.6,0.1,0,0.2,61120.3,1,0.1
100,26,4,0.2,0.5,0.1,0.5,1.1,0.1,0.2,0.7,0.4,0.1,0.1,99344,1.6,0.1
100,127,2,0,0.2,0.1,0.2,0.5,0,0.7,0.2,0,0.1,0,44314.3,1.2,0.2
101,44,8,0.1,0.8,0.4,1,1.6,0.4,1,1.6,0.6,0.4,0.1,179728.1,2.9,0.3
101,26,1,0.1,0.1,0,0.1,0.3,0,0.1,0.2,0.1,0,0,24836,0.4,0
101,16,2,0.1,0.1,0.2,0.2,0.5,0,0.4,0.4,0,0,0.1,40746.9,0.6,0
101,17,4,0.2,0.3,0.3,0.3,1,0.1,0.7,0.8,0.1,0,0.2,81493.8,1.3,0.1
102,22,1,0.1,0.1,0,0.1,0.3,0,0.1,0.2,0.1,0,0,24836,0.4,0
102,44,10,0.2,1.1,0.5,1.2,1.9,0.5,1.2,2,0.7,0.5,0.2,224660.1,3.7,0.4
102,23,5,0.3,0.6,0.1,0.6,1.4,0.1,0.3,0.9,0.4,0.1,0.2,124180.1,2,0.1
102,13,4,0.2,0.3,0.3,0.3,1,0.1,0.7,0.8,0.1,0,0.2,81493.8,1.3,0.1
102,26,3,0.2,0.3,0.1,0.3,0.9,0.1,0.2,0.5,0.2,0.1,0.1,74508,1.2,0.1
102,124,1,0,0.1,0,0.1,0.3,0,0.3,0.1,0,0.1,0,22157.1,0.6,0.1
102,125,34.5,0,2.5,0.8,4.2,9.1,0,11.6,4.2,0.4,1.7,0,764421.5,20.8,3.3
102,104,2,0.1,0.3,0.1,0.3,0.7,0.1,0.1,0.1,0.1,0.1,0,41624.6,0.7,0.1
102,106,13,0.6,2.2,0.8,1.9,4.4,0.3,0.6,0.8,0.8,0.6,0,270560.2,4.4,0.8
102,107,28,1.2,4.7,1.8,4.2,9.5,0.6,1.2,1.8,1.8,1.2,0,582745,9.5,1.8
102,93,2,0.2,0,0.1,0.4,0.3,0,0.4,0.3,0.2,0.1,0,38408.2,1,0.2
102,42,19,0,0,2,3,5,0,3,3,1,2,0,465623.2,13,1
102,43,20,0.3,2.1,1,2.5,3.9,1,2.5,3.9,1.4,1.1,0.3,449320.3,7.4,0.7
103,44,3,0.1,0.1,0.1,0.3,0.7,0,0.4,0.7,0.2,0.2,0.2,67796.2,1.4,0.2
103,22,20,0.4,1.3,0.4,3.1,7.1,0,3.6,0.4,2.7,0.5,0.5,473835.5,8.4,1.3
103,12,4,0.2,0.3,0.3,0.3,1,0.1,0.7,0.8,0.1,0,0.2,81493.8,1.3,0.1
103,79,13,0.7,1.4,0.2,2.6,3.7,0.5,1.9,1.6,0.2,0,0.2,291129.6,5.3,0.2
103,26,2,0.1,0.2,0.1,0.2,0.6,0,0.1,0.3,0.2,0.1,0.1,49672,0.8,0.1
103,28,2,0.1,0.2,0.1,0.2,0.6,0,0.1,0.3,0.2,0.1,0.1,49672,0.8,0.1
103,101,2,0.1,0.2,0.1,0.4,0.4,0.1,0.1,0.2,0.2,0.2,0,43459.2,0.8,0.1
103,102,4,0.3,0.4,0.1,0.8,0.9,0.1,0.2,0.4,0.4,0.4,0,86918.4,1.6,0.1
103,5,4,0.2,0.3,0.3,0.3,1,0.1,0.7,0.8,0.1,0,0.2,81493.8,1.3,0.1
103,106,4,0.2,0.4,0.3,0.6,0.9,0.1,0.3,0.5,0.4,0.1,0.2,86763,1.4,0.1
103,118,2,0.1,0.3,0.1,0.3,0.7,0.1,0.1,0.1,0.1,0.1,0,41624.6,0.7,0.1
103,92,1,0,0.1,0.1,0.2,0.2,0,0.1,0.2,0,0,0.1,17918.3,0.4,0.1
103,93,13,0.5,1.2,1.5,2,3,0.2,1.8,2,0,0.3,0.5,232937.9,5.8,1.2
103,94,4,0.1,0.4,0.5,0.6,0.9,0.1,0.5,0.6,0,0.1,0.2,71673.2,1.8,0.4
103,95,13,1.3,0.3,0.3,2.4,1.9,0.3,2.4,2.2,1.4,0.5,0,249653.1,6.2,1.1
103,42,15,0.4,0.6,0.4,1.5,3.7,0.2,1.9,3.5,0.8,1.2,0.8,338981.1,7.2,0.8
103,43,8,0.2,0.3,0.2,0.8,2,0.1,1.1,1.9,0.4,0.6,0.4,180789.9,3.8,0.4
104,22,6,0.1,0.4,0.1,1,2.1,0,1.1,0.1,0.8,0.1,0.2,142150.6,2.5,0.4
104,78,2,0.1,0.2,0,0.4,0.6,0.1,0.3,0.3,0,0,0,44789.2,0.8,0
104,23,16,0.3,1.1,0.3,2.5,5.7,0,2.8,0.4,2.1,0.4,0.4,379068.4,6.8,1.1
104,28,4,0.2,0.5,0.1,0.5,1.1,0.1,0.2,0.7,0.4,0.1,0.1,99344,1.6,0.1
104,100,3,0.2,0.3,0.1,0.6,0.7,0.1,0.2,0.3,0.2,0.3,0,65188.8,1.2,0.1
104,101,26,1.8,2.4,0.7,5.3,5.8,0.9,1.5,2.7,2.2,2.7,0,564969.8,10.4,0.9
104,102,14,1,1.3,0.4,2.9,3.1,0.5,0.8,1.4,1.2,1.4,0,304214.5,5.6,0.5
104,103,4,0.3,0.4,0.1,0.8,0.9,0.1,0.2,0.4,0.4,0.4,0,86918.4,1.6,0.1
104,116,2,0.1,0.3,0.1,0.3,0.7,0.1,0.1,0.1,0.1,0.1,0,41624.6,0.7,0.1
104,92,22,0.8,2.1,2.5,3.4,5.1,0.4,3,3.4,0,0.4,0.9,394202.6,9.7,2.1
104,93,4,0.1,0.4,0.5,0.6,0.9,0.1,0.5,0.6,0,0.1,0.2,71673.2,1.8,0.4
104,95,4,0.4,0.1,0.1,0.7,0.6,0.1,0.7,0.7,0.4,0.2,0,76816.3,1.9,0.3
104,43,14,0.4,0.5,0.4,1.4,3.5,0.2,1.8,3.3,0.7,1.1,0.7,316382.3,6.7,0.7
105,22,3,0,0.2,0.1,0.5,1,0,0.5,0.1,0.4,0.1,0.1,71075.3,1.3,0.2
105,34,1,0,0.1,0,0.1,0.2,0,0.2,0.2,0.1,0.1,0,24413.3,0.5,0.1
105,35,1,0,0.1,0,0.1,0.2,0,0.2,0.2,0.1,0.1,0,24413.3,0.5,0.1
105,27,2,0.1,0.2,0.1,0.2,0.6,0,0.1,0.3,0.2,0.1,0.1,49672,0.8,0.1
105,18,4,0.2,0.3,0.3,0.3,1,0.1,0.7,0.8,0.1,0,0.2,81493.8,1.3,0.1
105,100,8,0.5,0.8,0.2,1.6,1.8,0.3,0.5,0.8,0.7,0.8,0,173836.9,3.2,0.3
105,101,4,0.3,0.4,0.1,0.8,0.9,0.1,0.2,0.4,0.4,0.4,0,86918.4,1.6,0.1
105,102,13,0.9,1.2,0.3,2.7,2.9,0.5,0.8,1.3,1.1,1.3,0,282484.9,5.2,0.4
105,103,1,0.1,0.1,0,0.2,0.2,0,0.1,0.1,0.1,0.1,0,21729.6,0.4,0
105,104,6,0.4,0.6,0.2,1.2,1.3,0.2,0.4,0.6,0.5,0.6,0,130377.7,2.4,0.2
105,105,4,0.2,0.4,0.3,0.6,0.9,0.1,0.3,0.5,0.4,0.1,0.2,86763,1.4,0.1
105,107,2,0.1,0.2,0.1,0.3,0.5,0,0.2,0.3,0.2,0,0.1,43381.5,0.7,0
105,80,1,0,0,0,0.2,0.2,0,0.3,0.1,0.2,0,0,23085.6,0.4,0
105,82,4,0.1,0.1,0.1,0.6,0.9,0,1.1,0.4,0.6,0,0.1,92342.6,1.6,0.1
105,94,1,0,0.1,0.1,0.2,0.2,0,0.1,0.2,0,0,0.1,17918.3,0.4,0.1
105,42,3,0.1,0.1,0.1,0.3,0.7,0,0.4,0.7,0.2,0.2,0.2,67796.2,1.4,0.2
105,43,2,0,0.1,0,0.2,0.5,0,0.3,0.5,0.1,0.2,0.1,45197.5,1,0.1
106,77,6.5,0.4,0.7,0.1,1.3,1.9,0.2,0.9,0.8,0.1,0,0.1,145564.8,2.7,0.1
106,78,6.5,0.4,0.7,0.1,1.3,1.9,0.2,0.9,0.8,0.1,0,0.1,145564.8,2.7,0.1
106,79,5,0.3,0.5,0.1,1,1.4,0.2,0.7,0.6,0.1,0,0.1,111972.9,2.1,0.1
106,27,5,0.3,0.6,0.1,0.6,1.4,0.1,0.3,0.9,0.4,0.1,0.2,124180.1,2,0.1
106,28,5,0.3,0.6,0.1,0.6,1.4,0.1,0.3,0.9,0.4,0.1,0.2,124180.1,2,0.1
106,19,3,0.1,0.2,0.2,0.2,0.8,0.1,0.5,0.6,0.1,0,0.2,61120.3,1,0.1
106,100,2,0.1,0.2,0.1,0.4,0.4,0.1,0.1,0.2,0.2,0.2,0,43459.2,0.8,0.1
106,101,7,0.5,0.7,0.2,1.4,1.6,0.2,0.4,0.7,0.6,0.7,0,152107.3,2.8,0.2
106,102,2,0.1,0.2,0.1,0.4,0.4,0.1,0.1,0.2,0.2,0.2,0,43459.2,0.8,0.1
106,104,52,1,2,3,8,8,0,7,14,3,4,2,1288470.7,27,3
106,105,65,2,4,6,9,12,1,7,11,7,5,1,1325401.6,26,6
106,106,5,0.2,0.5,0.3,0.8,1.2,0.1,0.4,0.7,0.5,0.1,0.2,108453.7,1.8,0.1
106,90,5,0.2,0.5,0.6,0.7,1.1,0.1,0.7,0.8,0,0.1,0.2,89591.5,2.2,0.5
106,80,2,0,0.1,0.1,0.3,0.4,0,0.5,0.2,0.3,0,0.1,46171.3,0.8,0.1
106,108,2,0.1,0.2,0.1,0.3,0.5,0,0.2,0.3,0.2,0,0.1,43381.5,0.7,0
106,83,9,0.3,0.3,0.3,1.4,1.9,0,2.4,0.8,1.3,0,0.3,207770.8,3.5,0.3
106,42,8,0.2,0.3,0.2,0.8,2,0.1,1.1,1.9,0.4,0.6,0.4,180789.9,3.8,0.4
106,43,12,0.3,0.5,0.3,1.2,3,0.2,1.6,2.8,0.6,0.9,0.6,271184.8,5.8,0.6
107,77,12,0.7,1.3,0.2,2.4,3.4,0.4,1.7,1.5,0.2,0,0.2,268735,4.9,0.2
107,89,2,0,0.1,0.1,0.3,0.4,0,0.5,0.2,0.3,0,0.1,46171.3,0.8,0.1
107,78,6,0.3,0.6,0.1,1.2,1.7,0.2,0.9,0.8,0.1,0,0.1,134367.5,2.5,0.1
107,79,3,0.2,0.3,0,0.6,0.9,0.1,0.4,0.4,0,0,0.1,67183.8,1.2,0.1
107,29,1,0.1,0.1,0,0.1,0.3,0,0.1,0.2,0.1,0,0,24836,0.4,0
107,104,21,1.4,2,0.5,4.3,4.7,0.7,1.3,2.1,1.8,2.2,0,456321.8,8.4,0.7
107,105,132,0,14,10,11,25,1,25,23,4,16,3,2363658.7,68,16
107,106,4,0.2,0.4,0.3,0.6,0.9,0.1,0.3,0.5,0.4,0.1,0.2,86763,1.4,0.1
107,107,20,0.8,2.1,1.3,3,4.7,0.4,1.7,2.6,2.1,0.4,0.9,433814.9,7.2,0.4
107,80,3,0.1,0.1,0.1,0.5,0.6,0,0.8,0.3,0.4,0,0.1,69256.9,1.2,0.1
107,108,6,0.3,0.6,0.4,0.9,1.4,0.1,0.5,0.8,0.6,0.1,0.3,130144.5,2.2,0.1
107,92,2,0.1,0.2,0.2,0.3,0.5,0,0.3,0.3,0,0,0.1,35836.6,0.9,0.2
107,9,3,0.1,0.2,0.2,0.2,0.8,0.1,0.5,0.6,0.1,0,0.2,61120.3,1,0.1
107,41,40,1,4,0,7,13,1,4,4,5,1,0,769184.2,22,8
107,42,12,0.3,0.5,0.3,1.2,3,0.2,1.6,2.8,0.6,0.9,0.6,271184.8,5.8,0.6
107,86,2,0,0.1,0.1,0.3,0.4,0,0.5,0.2,0.3,0,0.1,46171.3,0.8,0.1
80,33,18,0.7,1.9,0.5,2.5,4.7,0.5,3.3,2.7,0.9,0,0.3,415764.4,7.1,1.1
80,34,4,0.2,0.4,0.1,0.6,1,0.1,0.7,0.6,0.2,0,0.1,92392.1,1.6,0.2
80,35,5,0.5,0.2,0.2,0.9,1.1,0,0.9,0.5,0.2,0.5,0,115555.1,2.2,0.6
80,36,11,1,0.5,0.4,2,2.5,0,2,1,0.4,1.2,0,254221.2,4.8,1.2
80,70,2,0.1,0.2,0.1,0.3,0.5,0,0.3,0.3,0.1,0.1,0,48803.6,0.8,0.1
80,73,16,0.5,1.8,0.8,2,3.6,0,2.6,2.5,0.9,1.1,0.2,390428.6,6.7,1.1
80,74,4,0.1,0.5,0.2,0.5,0.9,0,0.7,0.6,0.2,0.3,0,97607.1,1.7,0.3
80,52,3,0.1,0.2,0.2,0.2,0.7,0,0.9,0.3,0.4,0,0,53112.5,1.6,0.6
80,75,5,0.2,0.2,0.2,0.9,1.2,0.1,0.3,1.3,0.2,0.2,0.2,113635.8,2.2,0
80,31,26,1.1,2.7,0.7,3.6,6.8,0.7,4.8,3.9,1.3,0,0.4,600548.6,10.3,1.6
80,32,12,0.5,1.2,0.3,1.7,3.2,0.3,2.2,1.8,0.6,0,0.2,277176.3,4.8,0.7
108,14,2,0,0.2,0.2,0.1,0.6,0,0.3,0.4,0.1,0,0.1,50741.1,0.7,0.1
108,25,2,0.1,0.2,0.1,0.4,0.5,0,0.4,0.2,0.1,0,0,47563.9,0.8,0.1
108,37,2,0.1,0.3,0.1,0.2,0.4,0,0.4,0.4,0.1,0,0,48721.1,0.9,0
108,26,4,0.1,0.3,0.2,0.7,0.9,0.1,0.9,0.4,0.2,0.1,0.1,95127.9,1.6,0.2
108,105,21,1.7,1.7,0.8,3.4,3.4,1.7,4.2,2.5,0.8,0.8,0,483087.1,9.2,0
108,18,3,0,0.4,0.2,0.2,0.9,0,0.4,0.7,0.1,0,0.1,76111.7,1.1,0.1
108,106,27,0,2,1,2,10,0,3,5,2,2,0,473491.9,14,1
108,41,40,1,1,1,8,11,1.5,5,4,2.5,5,0,770859.8,21,4
108,85,14,0.2,1.7,0,2,4.3,0,1,1.8,1.5,0.5,1,274034,5,0.8
108,42,4,0.4,0.3,0.6,0.6,0.8,0,0.6,0.1,0.3,0.2,0.1,71846,1.6,0.3
108,86,34,2,4,2,3,13,0,4,4,0,2,0,767255.4,13,1
108,87,22,0.4,2.7,0,3.1,6.7,0,1.6,2.7,2.4,0.8,1.6,430624.8,7.9,1.2
81,33,8,0.4,0.8,0.2,1.1,2.1,0.2,1.5,1.2,0.4,0,0.1,184784.2,3.2,0.5
81,22,3,0.1,0.1,0.2,0.6,0.7,0,0.3,0.5,0.2,0.2,0.1,63891.6,1.4,0.2
81,23,32,1.3,1.3,1.9,6.9,7.5,0.6,3.1,5,1.9,1.9,0.6,681510,15.1,1.9
81,34,3,0.1,0.3,0.1,0.4,0.8,0.1,0.6,0.4,0.2,0,0,69294.1,1.2,0.2
81,35,2,0.2,0.1,0.1,0.3,0.4,0,0.4,0.2,0.1,0.2,0,46222,0.9,0.2
81,36,2,0.2,0.1,0.1,0.3,0.4,0,0.4,0.2,0.1,0.2,0,46222,0.9,0.2
81,69,8,0.5,1.5,0,2,1.5,0.2,0.8,1.3,0.2,0,0,165587.8,2.3,0.3
81,0,7,0.3,0.8,0.5,0.9,2.4,0,0.7,1,0.3,0,0.1,146623,2.9,0.5
81,1,12,0.4,1.4,0.9,1.6,4.1,0,1.1,1.8,0.5,0,0.2,251353.7,5,0.9
81,3,1,0,0.1,0.1,0.1,0.4,0,0.1,0.2,0,0,0,20946.1,0.4,0.1
81,71,4,0.1,0.5,0.2,0.5,0.9,0,0.7,0.6,0.2,0.3,0,97607.1,1.7,0.3
81,50,1,0,0.1,0.1,0.1,0.2,0,0.3,0.1,0.1,0,0,17704.2,0.5,0.2
81,72,12,0.4,1.3,0.6,1.5,2.7,0,2,1.9,0.7,0.8,0.1,292821.4,5,0.8
81,73,7,0.2,0.8,0.4,0.9,1.5,0,1.1,1.1,0.4,0.5,0.1,170812.5,2.9,0.5
81,74,23,0.7,2.6,1.2,2.9,5.1,0,3.8,3.6,1.3,1.6,0.2,561241,9.6,1.6
81,75,4,0.1,0.2,0.2,0.7,1,0.1,0.2,1,0.1,0.2,0.2,90908.6,1.7,0
81,31,6,0.2,0.6,0.2,0.8,1.6,0.2,1.1,0.9,0.3,0,0.1,138588.1,2.4,0.4
81,32,10,0.4,1,0.3,1.4,2.6,0.3,1.9,1.5,0.5,0,0.1,230980.2,4,0.6
82,33,28,1.2,2.9,0.7,3.9,7.4,0.7,5.2,4.2,1.4,0,0.4,646744.6,11.1,1.7
82,23,13,0.5,0.5,0.8,2.8,3.1,0.2,1.3,2,0.8,0.8,0.2,276863.4,6.1,0.8
82,1,32,1,1,5,8,8,0,6,2,0,1,0,565532.3,17,5
82,2,37,1,3.5,2.5,6,8,2,0,8,3,3,0,706986.5,19,6
82,36,1.5,0.1,0.1,0.1,0.3,0.3,0,0.3,0.1,0,0.2,0,34666.5,0.7,0.2
82,70,2,0.1,0.2,0.1,0.3,0.5,0,0.3,0.3,0.1,0.1,0,48803.6,0.8,0.1
82,72,9,0.3,1,0.5,1.1,2,0,1.5,1.4,0.5,0.6,0.1,219616.1,3.8,0.6
82,73,1,0,0.1,0,0.1,0.2,0,0.2,0.2,0.1,0.1,0,24401.8,0.4,0.1
82,74,12,0.4,1.3,0.6,1.5,2.7,0,2,1.9,0.7,0.8,0.1,292821.4,5,0.8
82,53,1,0,0.1,0.1,0.1,0.2,0,0.3,0.1,0.1,0,0,17704.2,0.5,0.2
82,32,6,0.2,0.6,0.2,0.8,1.6,0.2,1.1,0.9,0.3,0,0.1,138588.1,2.4,0.4
109,23,16,0.3,3.9,0,2.6,3.6,0.3,1.7,1.3,1.6,0.7,0,357453,6.5,1.6
109,24,63.5,5,4,3,19,8,6.5,5,5,6,2,0,1306131.4,27,2
109,25,24,0.8,2.1,1.4,4.1,5.7,0.5,5.2,2.7,0.9,0.3,0.3,570767.3,9.5,0.9
109,26,11,0.4,0.9,0.7,1.9,2.6,0.2,2.4,1.2,0.4,0.1,0.2,261601.7,4.3,0.4
109,15,2,0,0.2,0.2,0.1,0.6,0,0.3,0.4,0.1,0,0.1,50741.1,0.7,0.1
109,27,6,0.2,0.5,0.4,1,1.4,0.1,1.3,0.7,0.2,0.1,0.1,142691.8,2.4,0.2
109,39,1,0,0.2,0.1,0.1,0.2,0,0.2,0.2,0,0,0,24360.6,0.4,0
109,28,29.5,1,4.5,0,5,5,1,6,5,2,0,0,718643.5,12,0
109,0,1,0,0.1,0.1,0.2,0.2,0,0.1,0.1,0.1,0.1,0,25310.2,0.3,0
109,2,2,0.1,0.2,0.1,0.4,0.4,0,0.2,0.3,0.1,0.1,0.1,50620.4,0.7,0.1
109,3,2,0.1,0.2,0.1,0.4,0.4,0,0.2,0.3,0.1,0.1,0.1,50620.4,0.7,0.1
109,4,2,0.1,0.2,0.1,0.4,0.4,0,0.2,0.3,0.1,0.1,0.1,50620.4,0.7,0.1
109,5,9,0.2,0.9,0.5,1.5,2.6,0.2,0.9,1.5,0.4,0.1,0.2,247571.7,3.1,0.1
109,105,2,0.1,0.2,0.1,0.3,0.3,0.2,0.4,0.2,0.1,0.1,0,46008.3,0.9,0
109,7,6,0.1,0.6,0.3,1,1.7,0.1,0.6,1,0.3,0.1,0.2,165047.8,2.1,0.1
109,8,6,0.1,0.6,0.3,1,1.7,0.1,0.6,1,0.3,0.1,0.2,165047.8,2.1,0.1
109,9,3,0.1,0.3,0.2,0.5,0.8,0.1,0.3,0.5,0.1,0,0.1,82523.9,1,0
109,85,44,1,7,3,4,11,2,3,7,2,2,2,739301.4,18,4
109,41,14.5,1.6,1,2,2.1,2.9,0,2.1,0.4,1.2,0.8,0.4,260441.8,5.7,1.2
109,30,2,0.1,0.3,0.1,0.2,0.4,0,0.4,0.4,0.1,0,0,48721.1,0.9,0
109,42,15,1.7,1.1,2.1,2.1,3,0,2.1,0.4,1.3,0.8,0.4,269422.5,5.9,1.3
109,86,30,3,1,0,3,5,1,6,7,3,1,0,575024.1,11,2
83,33,8,0.3,0.3,0.1,1.7,2,0.1,0.9,1.9,0.6,0,0.1,184375.7,3.7,0.3
83,68,4,0.2,0.7,0,1,0.8,0.1,0.4,0.7,0.1,0,0,82793.9,1.2,0.2
83,35,5,0.1,0.2,0.1,1,1.3,0.1,0.5,1.2,0.4,0,0.1,115234.8,2.3,0.2
83,69,9,0.6,1.7,0,2.2,1.7,0.2,0.9,1.5,0.2,0,0,186286.3,2.6,0.4
83,36,2,0.1,0.1,0,0.4,0.5,0,0.2,0.5,0.2,0,0,46093.9,0.9,0.1
83,0,2,0.1,0.2,0.1,0.3,0.7,0,0.2,0.3,0.1,0,0,41892.3,0.8,0.2
83,1,6,0.2,0.7,0.5,0.8,2,0,0.6,0.9,0.2,0,0.1,125676.8,2.5,0.5
83,2,8,0.3,0.9,0.6,1.1,2.7,0,0.8,1.2,0.3,0,0.1,167569.1,3.3,0.6
83,71,4,0.3,0.3,0.1,1.1,0.7,0.1,0.7,0.3,0.3,0.1,0,79925.3,1.4,0.3
83,72,83,8.5,9,2,19,17,2,5,7,11.5,2,0,1477710.9,36,10
83,73,12,1,1.1,0.2,3.3,2.1,0.4,2.1,0.8,0.8,0.2,0,239775.9,4.3,0.8
83,74,18,0,2,0,0,5,0,3,5,0,2,1,326824.7,11,3
83,53,3,0.1,0.2,0.2,0.2,0.7,0,0.9,0.3,0.4,0,0,53112.5,1.6,0.6
83,32,4,0.1,0.2,0.1,0.8,1,0.1,0.4,0.9,0.3,0,0.1,92187.9,1.8,0.1
84,68,4,0.2,0.7,0,1,0.8,0.1,0.4,0.7,0.1,0,0,82793.9,1.2,0.2
84,36,4.5,0.1,0.2,0.1,0.9,1.1,0.1,0.5,1.1,0.3,0,0.1,103711.4,2.1,0.1
84,37,1,0,0.1,0,0.2,0.3,0,0.1,0.2,0.1,0,0,23047,0.5,0
84,71,4,0.3,0.3,0.1,1.1,0.7,0.1,0.7,0.3,0.3,0.1,0,79925.3,1.4,0.3
84,72,25,2,0,1,4,3,0,5,8,0,2,0,652548.7,13,1
84,73,32,0,3,3,5,6,0,5,4,4,2,0,832776.9,14,2
84,52,1,0,0.1,0.1,0.1,0.2,0,0.3,0.1,0.1,0,0,17704.2,0.5,0.2
84,74,2,0.2,0.2,0,0.6,0.3,0.1,0.4,0.1,0.1,0,0,39962.6,0.7,0.1
84,53,5,0.2,0.3,0.3,0.3,1.2,0,1.5,0.5,0.7,0,0,88520.9,2.7,1
85,77,24,0.9,0.9,1,4.2,6.1,0.5,1.4,6.1,0.9,1,1,545451.8,10.4,0
85,78,7,0.2,0.3,0.3,1.2,1.8,0.1,0.4,1.8,0.3,0.3,0.3,159090.1,3,0
85,68,8,0.5,1.5,0,2,1.5,0.2,0.8,1.3,0.2,0,0,165587.8,2.3,0.3
85,72,23,2,2,0.4,6.3,3.9,0.8,4,1.6,1.6,0.4,0,459570.4,8.3,1.6
85,73,262.5,18.5,17.5,19,35,63,8,24,44,17.5,12,4,4765320.2,127,27
85,74,3,0.3,0.3,0,0.8,0.5,0.1,0.5,0.2,0.2,0.1,0,59944,1.1,0.2
85,75,2,0.1,0.1,0.1,0.3,0.5,0,0.1,0.5,0.1,0.1,0.1,45454.3,0.9,0
85,76,4,0.1,0.2,0.2,0.7,1,0.1,0.2,1,0.1,0.2,0.2,90908.6,1.7,0
86,34,4,0.1,0.2,0.1,0.8,1,0.1,0.4,0.9,0.3,0,0.1,92187.9,1.8,0.1
86,68,11,0.7,2.1,0,2.8,2.1,0.2,1.1,1.8,0.2,0,0,227683.2,3.2,0.5
86,5,7,0.3,0.8,0.5,0.9,2.4,0,0.7,1,0.3,0,0.1,146623,2.9,0.5
86,73,10,0.9,0.9,0.2,2.7,1.7,0.3,1.7,0.7,0.7,0.2,0,199813.2,3.6,0.7
87,33,11,0.3,0.4,0.2,2.2,2.8,0.2,1.2,2.6,0.9,0,0.2,253516.7,5,0.3
87,34,17,0.5,0.7,0.3,3.5,4.3,0.2,1.9,4,1.3,0,0.3,391798.5,7.8,0.5
87,68,4,0.2,0.7,0,1,0.8,0.1,0.4,0.7,0.1,0,0,82793.9,1.2,0.2
87,37,1,0,0.1,0,0.2,0.3,0,0.1,0.2,0.1,0,0,23047,0.5,0
87,126,4,0.1,0.1,0.2,0.5,0.9,0,0.6,1,0.3,0.3,0,74531.2,2.2,0.5
87,75,1,0,0,0,0.2,0.3,0,0.1,0.3,0,0,0.1,22727.2,0.4,0
87,32,6,0.2,0.2,0.1,1.2,1.5,0.1,0.7,1.4,0.5,0,0.1,138281.8,2.7,0.2
